{
	"cmt#Reviewer;conference#Review_expertise": "Classify if the following two concepts are the same.\n###First concept Reviewer:\nThe reviewer is the child of a conference member and a co author. The reviewer is also a child of a program committee member and a meta reviewer. The chair of the conference is the equivalent of the chairman and the reviewer is a child of a program committee member.\n###Second concept Review_expertise:\nReview expertise is a child of Thing.\nAnswer yes or no:",
	"cmt#Reviewer;conference#Reviewer": "Classify if the following two concepts are the same.\n###First concept Reviewer:\nThe reviewer is the child of a conference member and a co author. The reviewer is also a child of a program committee member and a meta reviewer. The chair of the conference is the equivalent of the chairman and the reviewer is a child of a program committee member.\n###Second concept Reviewer:\nThe reviewer is a child of the person who is the parent of the committee member. The committee member is the parent of the organizer who is the child of the organization.\nAnswer yes or no:",
	"cmt#Reviewer;conference#Reviewed_contribution": "Classify if the following two concepts are the same.\n###First concept Reviewer:\nThe reviewer is the child of a conference member and a co author. The reviewer is also a child of a program committee member and a meta reviewer. The chair of the conference is the equivalent of the chairman and the reviewer is a child of a program committee member.\n###Second concept Reviewed_contribution:\nThe submitted contribution is the child of the written contribution and the reviewed contribution is the parent of the rejected contribution. The reviewed contribution is equivalent to the accepted contribution which is the parent of the camera ready contribution.\nAnswer yes or no:",
	"cmt#Reviewer;conference#Review": "Classify if the following two concepts are the same.\n###First concept Reviewer:\nThe reviewer is the child of a conference member and a co author. The reviewer is also a child of a program committee member and a meta reviewer. The chair of the conference is the equivalent of the chairman and the reviewer is a child of a program committee member.\n###Second concept Review:\nThe conference document is the parent of the conference contribution which is equivalent to a written contribution. The review contribution is the parent of the submitted contribution which is equivalent to a rejected contribution.\nAnswer yes or no:",
	"cmt#Reviewer;conference#Review_preference": "Classify if the following two concepts are the same.\n###First concept Reviewer:\nThe reviewer is the child of a conference member and a co author. The reviewer is also a child of a program committee member and a meta reviewer. The chair of the conference is the equivalent of the chairman and the reviewer is a child of a program committee member.\n###Second concept Review_preference:\nThe review preference is a child of Thing.\nAnswer yes or no:",
	"cmt#Decision;conference#Reviewer": "Classify if the following two concepts are the same.\n###First concept Decision:\nThe decision of acceptance is the parent of rejection.\n###Second concept Reviewer:\nThe reviewer is a child of the person who is the parent of the committee member. The committee member is the parent of the organizer who is the child of the organization.\nAnswer yes or no:",
	"cmt#Decision;conference#Review": "Classify if the following two concepts are the same.\n###First concept Decision:\nThe decision of acceptance is the parent of rejection.\n###Second concept Review:\nThe conference document is the parent of the conference contribution which is equivalent to a written contribution. The review contribution is the parent of the submitted contribution which is equivalent to a rejected contribution.\nAnswer yes or no:",
	"cmt#Person;conference#Person": "Classify if the following two concepts are the same.\n###First concept Person:\nThe program committee chair is the child of the program committee member, the conference member and the external reviewer. The chairman is the parent of the program committee chair and the administrator is the parent of the user and the administrator is the parent of the administrator.\n###Second concept Person:\nThe parent of the conference contributor is the committee member, co chair and the conference applicant. The conference applicant is the registered applicant and the reviewer is the parent of the track workshop chair.\nAnswer yes or no:",
	"cmt#Person;conference#Chair": "Classify if the following two concepts are the same.\n###First concept Person:\nThe program committee chair is the child of the program committee member, the conference member and the external reviewer. The chairman is the parent of the program committee chair and the administrator is the parent of the user and the administrator is the parent of the administrator.\n###Second concept Chair:\nThe chair of the committee is the child of the committee member who is the parent of the organizer who is the child of Thing.\nAnswer yes or no:",
	"cmt#Document;conference#Conference_document": "Classify if the following two concepts are the same.\n###First concept Document:\nThe document is the parent of both paper and the full version of paper. The document is also the parent of review and meta review.\n###Second concept Conference_document:\nThe conference document is the parent of the call for paper, the conference announcement and the poster. It is also the parent of the information for participants and the conference contribution.\nAnswer yes or no:",
	"cmt#Document;conference#Paper": "Classify if the following two concepts are the same.\n###First concept Document:\nThe document is the parent of both paper and the full version of paper. The document is also the parent of review and meta review.\n###Second concept Paper:\nThe paper is the child of the regular contribution and the written contribution. The poster is the parent of the submitted contribution.\nAnswer yes or no:",
	"cmt#Conference;conference#Conference_participant": "Classify if the following two concepts are the same.\n###First concept Conference:\nThe conference is child of Thing.\n###Second concept Conference_participant:\nThe parent of the conference participant is the track workshop chair. The active conference participant is the parent of the conference contributor and the regular author. The conference participant is also the parent of the conference contributor.\nAnswer yes or no:",
	"cmt#Conference;conference#Conference_contributor": "Classify if the following two concepts are the same.\n###First concept Conference:\nThe conference is child of Thing.\n###Second concept Conference_contributor:\nThe parent of the conference contributor is the registered applicant. The registered applicant is the parent of the paid applicant and the late paid applicant. The conference contributor is the child of the invited speaker and the regular author. The contributor is also the parent of the conference contributor.\nAnswer yes or no:",
	"cmt#Conference;conference#Conference_contribution": "Classify if the following two concepts are the same.\n###First concept Conference:\nThe conference is child of Thing.\n###Second concept Conference_contribution:\nThe conference contribution is the parent of the poster, the conference announcement and the conference document. The conference contribution is the parent of the invited talk and the conference contribution is the parent of the conference contribution. The written contribution is the parent of the regular contribution and the reviewed contribution is the equivalent of the accepted contribution.\nAnswer yes or no:",
	"cmt#Conference;conference#Committee": "Classify if the following two concepts are the same.\n###First concept Conference:\nThe conference is child of Thing.\n###Second concept Committee:\nThe committee is the parent of the organizing committee, the program committee and the steering committee.\nAnswer yes or no:",
	"cmt#Conference;conference#Conference_document": "Classify if the following two concepts are the same.\n###First concept Conference:\nThe conference is child of Thing.\n###Second concept Conference_document:\nThe conference document is the parent of the call for paper, the conference announcement and the poster. It is also the parent of the information for participants and the conference contribution.\nAnswer yes or no:",
	"cmt#Conference;conference#Organization": "Classify if the following two concepts are the same.\n###First concept Conference:\nThe conference is child of Thing.\n###Second concept Organization:\nThe parent of the organizer is the parent of the chair and the committee member.\nAnswer yes or no:",
	"cmt#Conference;conference#Conference_applicant": "Classify if the following two concepts are the same.\n###First concept Conference:\nThe conference is child of Thing.\n###Second concept Conference_applicant:\nThe conference applicant is a child of a person who is the parent of a conference contributor and an active conference participant. The registered applicant is the parent of a paid applicant which is equivalent to an early paid applicant.\nAnswer yes or no:",
	"cmt#Conference;conference#Conference_volume": "Classify if the following two concepts are the same.\n###First concept Conference:\nThe conference is child of Thing.\n###Second concept Conference_volume:\nThe conference volume is a child of conference.\nAnswer yes or no:",
	"cmt#Conference;conference#Conference": "Classify if the following two concepts are the same.\n###First concept Conference:\nThe conference is child of Thing.\n###Second concept Conference:\nThe conference is the parent of the conference volume.\nAnswer yes or no:",
	"cmt#Conference;conference#Conference_announcement": "Classify if the following two concepts are the same.\n###First concept Conference:\nThe conference is child of Thing.\n###Second concept Conference_announcement:\nThe conference announcement is the child of the conference document which is the parent of the call for participation.\nAnswer yes or no:",
	"cmt#Conference;conference#Invited_talk": "Classify if the following two concepts are the same.\n###First concept Conference:\nThe conference is child of Thing.\n###Second concept Invited_talk:\nThe conference contribution, which is the parent of the presentation, is equivalent to an invited talk.\nAnswer yes or no:",
	"cmt#Conference;conference#Conference_part": "Classify if the following two concepts are the same.\n###First concept Conference:\nThe conference is child of Thing.\n###Second concept Conference_part:\nThe conference part is the parent of the workshop and the tutorial.\nAnswer yes or no:",
	"cmt#Conference;conference#Presentation": "Classify if the following two concepts are the same.\n###First concept Conference:\nThe conference is child of Thing.\n###Second concept Presentation:\nThe conference contribution is the child of the conference document and is the parent of the invited talk.\nAnswer yes or no:",
	"cmt#Conference;conference#Workshop": "Classify if the following two concepts are the same.\n###First concept Conference:\nThe conference is child of Thing.\n###Second concept Workshop:\nThe workshop is the child of the conference part and the parent of the tutorial.\nAnswer yes or no:",
	"cmt#Conference;conference#Conference_www": "Classify if the following two concepts are the same.\n###First concept Conference:\nThe conference is child of Thing.\n###Second concept Conference_www:\nconference www is the parent of conference announcement and conference document.\nAnswer yes or no:",
	"cmt#ConferenceChair;conference#Conference_participant": "Classify if the following two concepts are the same.\n###First concept ConferenceChair:\nThe conference chair is the equivalent of the chairman and the parent of the conference member is the reviewer. The administrator is the parent of the conference member and the conference chair is the child of the conference member.\n###Second concept Conference_participant:\nThe parent of the conference participant is the track workshop chair. The active conference participant is the parent of the conference contributor and the regular author. The conference participant is also the parent of the conference contributor.\nAnswer yes or no:",
	"cmt#ConferenceChair;conference#Conference_contributor": "Classify if the following two concepts are the same.\n###First concept ConferenceChair:\nThe conference chair is the equivalent of the chairman and the parent of the conference member is the reviewer. The administrator is the parent of the conference member and the conference chair is the child of the conference member.\n###Second concept Conference_contributor:\nThe parent of the conference contributor is the registered applicant. The registered applicant is the parent of the paid applicant and the late paid applicant. The conference contributor is the child of the invited speaker and the regular author. The contributor is also the parent of the conference contributor.\nAnswer yes or no:",
	"cmt#ConferenceChair;conference#Conference_contribution": "Classify if the following two concepts are the same.\n###First concept ConferenceChair:\nThe conference chair is the equivalent of the chairman and the parent of the conference member is the reviewer. The administrator is the parent of the conference member and the conference chair is the child of the conference member.\n###Second concept Conference_contribution:\nThe conference contribution is the parent of the poster, the conference announcement and the conference document. The conference contribution is the parent of the invited talk and the conference contribution is the parent of the conference contribution. The written contribution is the parent of the regular contribution and the reviewed contribution is the equivalent of the accepted contribution.\nAnswer yes or no:",
	"cmt#ConferenceChair;conference#Co-chair": "Classify if the following two concepts are the same.\n###First concept ConferenceChair:\nThe conference chair is the equivalent of the chairman and the parent of the conference member is the reviewer. The administrator is the parent of the conference member and the conference chair is the child of the conference member.\n###Second concept Co-chair:\nThe co chair is the child of the committee member and the parent of the track workshop chair.\nAnswer yes or no:",
	"cmt#ConferenceChair;conference#Conference_document": "Classify if the following two concepts are the same.\n###First concept ConferenceChair:\nThe conference chair is the equivalent of the chairman and the parent of the conference member is the reviewer. The administrator is the parent of the conference member and the conference chair is the child of the conference member.\n###Second concept Conference_document:\nThe conference document is the parent of the call for paper, the conference announcement and the poster. It is also the parent of the information for participants and the conference contribution.\nAnswer yes or no:",
	"cmt#ConferenceChair;conference#Conference_applicant": "Classify if the following two concepts are the same.\n###First concept ConferenceChair:\nThe conference chair is the equivalent of the chairman and the parent of the conference member is the reviewer. The administrator is the parent of the conference member and the conference chair is the child of the conference member.\n###Second concept Conference_applicant:\nThe conference applicant is a child of a person who is the parent of a conference contributor and an active conference participant. The registered applicant is the parent of a paid applicant which is equivalent to an early paid applicant.\nAnswer yes or no:",
	"cmt#ConferenceChair;conference#Organizing_committee": "Classify if the following two concepts are the same.\n###First concept ConferenceChair:\nThe conference chair is the equivalent of the chairman and the parent of the conference member is the reviewer. The administrator is the parent of the conference member and the conference chair is the child of the conference member.\n###Second concept Organizing_committee:\nThe organizing committee is a child of the committee which is equivalent to the steering committee.\nAnswer yes or no:",
	"cmt#ConferenceChair;conference#Conference_volume": "Classify if the following two concepts are the same.\n###First concept ConferenceChair:\nThe conference chair is the equivalent of the chairman and the parent of the conference member is the reviewer. The administrator is the parent of the conference member and the conference chair is the child of the conference member.\n###Second concept Conference_volume:\nThe conference volume is a child of conference.\nAnswer yes or no:",
	"cmt#ConferenceChair;conference#Conference": "Classify if the following two concepts are the same.\n###First concept ConferenceChair:\nThe conference chair is the equivalent of the chairman and the parent of the conference member is the reviewer. The administrator is the parent of the conference member and the conference chair is the child of the conference member.\n###Second concept Conference:\nThe conference is the parent of the conference volume.\nAnswer yes or no:",
	"cmt#ConferenceChair;conference#Conference_announcement": "Classify if the following two concepts are the same.\n###First concept ConferenceChair:\nThe conference chair is the equivalent of the chairman and the parent of the conference member is the reviewer. The administrator is the parent of the conference member and the conference chair is the child of the conference member.\n###Second concept Conference_announcement:\nThe conference announcement is the child of the conference document which is the parent of the call for participation.\nAnswer yes or no:",
	"cmt#ConferenceChair;conference#Conference_part": "Classify if the following two concepts are the same.\n###First concept ConferenceChair:\nThe conference chair is the equivalent of the chairman and the parent of the conference member is the reviewer. The administrator is the parent of the conference member and the conference chair is the child of the conference member.\n###Second concept Conference_part:\nThe conference part is the parent of the workshop and the tutorial.\nAnswer yes or no:",
	"cmt#ConferenceChair;conference#Workshop": "Classify if the following two concepts are the same.\n###First concept ConferenceChair:\nThe conference chair is the equivalent of the chairman and the parent of the conference member is the reviewer. The administrator is the parent of the conference member and the conference chair is the child of the conference member.\n###Second concept Workshop:\nThe workshop is the child of the conference part and the parent of the tutorial.\nAnswer yes or no:",
	"cmt#ConferenceChair;conference#Organizer": "Classify if the following two concepts are the same.\n###First concept ConferenceChair:\nThe conference chair is the equivalent of the chairman and the parent of the conference member is the reviewer. The administrator is the parent of the conference member and the conference chair is the child of the conference member.\n###Second concept Organizer:\nThe parent of a conference applicant is the registered applicant. The registered applicant is the parent of a paid applicant. The late paid applicant is also the parent of the conference applicant. The committee member is also a child of the organizer of the Thing.\nAnswer yes or no:",
	"cmt#ConferenceChair;conference#Track-workshop_chair": "Classify if the following two concepts are the same.\n###First concept ConferenceChair:\nThe conference chair is the equivalent of the chairman and the parent of the conference member is the reviewer. The administrator is the parent of the conference member and the conference chair is the child of the conference member.\n###Second concept Track-workshop_chair:\nThe track workshop chair is child of the person who is the parent of the conference contributor. The regular author is also the parent of the contribution co author.\nAnswer yes or no:",
	"cmt#ConferenceChair;conference#Conference_www": "Classify if the following two concepts are the same.\n###First concept ConferenceChair:\nThe conference chair is the equivalent of the chairman and the parent of the conference member is the reviewer. The administrator is the parent of the conference member and the conference chair is the child of the conference member.\n###Second concept Conference_www:\nconference www is the parent of conference announcement and conference document.\nAnswer yes or no:",
	"cmt#ConferenceMember;conference#Conference_participant": "Classify if the following two concepts are the same.\n###First concept ConferenceMember:\nThe parent of a conference member is the parent of an external reviewer and a program committee member. The associated chair is the equivalent of the chairman and the conference chair. The reviewer is the parent of the meta reviewer and the author is the parent of the external reviewer.\n###Second concept Conference_participant:\nThe parent of the conference participant is the track workshop chair. The active conference participant is the parent of the conference contributor and the regular author. The conference participant is also the parent of the conference contributor.\nAnswer yes or no:",
	"cmt#ConferenceMember;conference#Regular_author": "Classify if the following two concepts are the same.\n###First concept ConferenceMember:\nThe parent of a conference member is the parent of an external reviewer and a program committee member. The associated chair is the equivalent of the chairman and the conference chair. The reviewer is the parent of the meta reviewer and the author is the parent of the external reviewer.\n###Second concept Regular_author:\nThe regular author is the parent of both the active conference participant and the contribution co author. He is the child of the conference contributor and the contribution 1st author.\nAnswer yes or no:",
	"cmt#ConferenceMember;conference#Conference_contributor": "Classify if the following two concepts are the same.\n###First concept ConferenceMember:\nThe parent of a conference member is the parent of an external reviewer and a program committee member. The associated chair is the equivalent of the chairman and the conference chair. The reviewer is the parent of the meta reviewer and the author is the parent of the external reviewer.\n###Second concept Conference_contributor:\nThe parent of the conference contributor is the registered applicant. The registered applicant is the parent of the paid applicant and the late paid applicant. The conference contributor is the child of the invited speaker and the regular author. The contributor is also the parent of the conference contributor.\nAnswer yes or no:",
	"cmt#ConferenceMember;conference#Contribution_co-author": "Classify if the following two concepts are the same.\n###First concept ConferenceMember:\nThe parent of a conference member is the parent of an external reviewer and a program committee member. The associated chair is the equivalent of the chairman and the conference chair. The reviewer is the parent of the meta reviewer and the author is the parent of the external reviewer.\n###Second concept Contribution_co-author:\nThe contribution co author is the child of the regular author and the conference contributor who is the parent of an active conference participant.\nAnswer yes or no:",
	"cmt#ConferenceMember;conference#Conference_contribution": "Classify if the following two concepts are the same.\n###First concept ConferenceMember:\nThe parent of a conference member is the parent of an external reviewer and a program committee member. The associated chair is the equivalent of the chairman and the conference chair. The reviewer is the parent of the meta reviewer and the author is the parent of the external reviewer.\n###Second concept Conference_contribution:\nThe conference contribution is the parent of the poster, the conference announcement and the conference document. The conference contribution is the parent of the invited talk and the conference contribution is the parent of the conference contribution. The written contribution is the parent of the regular contribution and the reviewed contribution is the equivalent of the accepted contribution.\nAnswer yes or no:",
	"cmt#ConferenceMember;conference#Committee": "Classify if the following two concepts are the same.\n###First concept ConferenceMember:\nThe parent of a conference member is the parent of an external reviewer and a program committee member. The associated chair is the equivalent of the chairman and the conference chair. The reviewer is the parent of the meta reviewer and the author is the parent of the external reviewer.\n###Second concept Committee:\nThe committee is the parent of the organizing committee, the program committee and the steering committee.\nAnswer yes or no:",
	"cmt#ConferenceMember;conference#Committee_member": "Classify if the following two concepts are the same.\n###First concept ConferenceMember:\nThe parent of a conference member is the parent of an external reviewer and a program committee member. The associated chair is the equivalent of the chairman and the conference chair. The reviewer is the parent of the meta reviewer and the author is the parent of the external reviewer.\n###Second concept Committee_member:\nThe committee member is the parent of the organizer and the co chair. The committee member is also the parent of the chair and the track workshop chair. The committee member is the child of the organizer and the chair.\nAnswer yes or no:",
	"cmt#ConferenceMember;conference#Invited_speaker": "Classify if the following two concepts are the same.\n###First concept ConferenceMember:\nThe parent of a conference member is the parent of an external reviewer and a program committee member. The associated chair is the equivalent of the chairman and the conference chair. The reviewer is the parent of the meta reviewer and the author is the parent of the external reviewer.\n###Second concept Invited_speaker:\nThe invited speaker is the parent of an active conference participant, a committee member and a regular author. The 1st author is also a child of the conference contributor.\nAnswer yes or no:",
	"cmt#ConferenceMember;conference#Conference_document": "Classify if the following two concepts are the same.\n###First concept ConferenceMember:\nThe parent of a conference member is the parent of an external reviewer and a program committee member. The associated chair is the equivalent of the chairman and the conference chair. The reviewer is the parent of the meta reviewer and the author is the parent of the external reviewer.\n###Second concept Conference_document:\nThe conference document is the parent of the call for paper, the conference announcement and the poster. It is also the parent of the information for participants and the conference contribution.\nAnswer yes or no:",
	"cmt#ConferenceMember;conference#Organization": "Classify if the following two concepts are the same.\n###First concept ConferenceMember:\nThe parent of a conference member is the parent of an external reviewer and a program committee member. The associated chair is the equivalent of the chairman and the conference chair. The reviewer is the parent of the meta reviewer and the author is the parent of the external reviewer.\n###Second concept Organization:\nThe parent of the organizer is the parent of the chair and the committee member.\nAnswer yes or no:",
	"cmt#ConferenceMember;conference#Conference_applicant": "Classify if the following two concepts are the same.\n###First concept ConferenceMember:\nThe parent of a conference member is the parent of an external reviewer and a program committee member. The associated chair is the equivalent of the chairman and the conference chair. The reviewer is the parent of the meta reviewer and the author is the parent of the external reviewer.\n###Second concept Conference_applicant:\nThe conference applicant is a child of a person who is the parent of a conference contributor and an active conference participant. The registered applicant is the parent of a paid applicant which is equivalent to an early paid applicant.\nAnswer yes or no:",
	"cmt#ConferenceMember;conference#Organizing_committee": "Classify if the following two concepts are the same.\n###First concept ConferenceMember:\nThe parent of a conference member is the parent of an external reviewer and a program committee member. The associated chair is the equivalent of the chairman and the conference chair. The reviewer is the parent of the meta reviewer and the author is the parent of the external reviewer.\n###Second concept Organizing_committee:\nThe organizing committee is a child of the committee which is equivalent to the steering committee.\nAnswer yes or no:",
	"cmt#ConferenceMember;conference#Conference_volume": "Classify if the following two concepts are the same.\n###First concept ConferenceMember:\nThe parent of a conference member is the parent of an external reviewer and a program committee member. The associated chair is the equivalent of the chairman and the conference chair. The reviewer is the parent of the meta reviewer and the author is the parent of the external reviewer.\n###Second concept Conference_volume:\nThe conference volume is a child of conference.\nAnswer yes or no:",
	"cmt#ConferenceMember;conference#Conference": "Classify if the following two concepts are the same.\n###First concept ConferenceMember:\nThe parent of a conference member is the parent of an external reviewer and a program committee member. The associated chair is the equivalent of the chairman and the conference chair. The reviewer is the parent of the meta reviewer and the author is the parent of the external reviewer.\n###Second concept Conference:\nThe conference is the parent of the conference volume.\nAnswer yes or no:",
	"cmt#ConferenceMember;conference#Conference_announcement": "Classify if the following two concepts are the same.\n###First concept ConferenceMember:\nThe parent of a conference member is the parent of an external reviewer and a program committee member. The associated chair is the equivalent of the chairman and the conference chair. The reviewer is the parent of the meta reviewer and the author is the parent of the external reviewer.\n###Second concept Conference_announcement:\nThe conference announcement is the child of the conference document which is the parent of the call for participation.\nAnswer yes or no:",
	"cmt#ConferenceMember;conference#Invited_talk": "Classify if the following two concepts are the same.\n###First concept ConferenceMember:\nThe parent of a conference member is the parent of an external reviewer and a program committee member. The associated chair is the equivalent of the chairman and the conference chair. The reviewer is the parent of the meta reviewer and the author is the parent of the external reviewer.\n###Second concept Invited_talk:\nThe conference contribution, which is the parent of the presentation, is equivalent to an invited talk.\nAnswer yes or no:",
	"cmt#ConferenceMember;conference#Conference_part": "Classify if the following two concepts are the same.\n###First concept ConferenceMember:\nThe parent of a conference member is the parent of an external reviewer and a program committee member. The associated chair is the equivalent of the chairman and the conference chair. The reviewer is the parent of the meta reviewer and the author is the parent of the external reviewer.\n###Second concept Conference_part:\nThe conference part is the parent of the workshop and the tutorial.\nAnswer yes or no:",
	"cmt#ConferenceMember;conference#Workshop": "Classify if the following two concepts are the same.\n###First concept ConferenceMember:\nThe parent of a conference member is the parent of an external reviewer and a program committee member. The associated chair is the equivalent of the chairman and the conference chair. The reviewer is the parent of the meta reviewer and the author is the parent of the external reviewer.\n###Second concept Workshop:\nThe workshop is the child of the conference part and the parent of the tutorial.\nAnswer yes or no:",
	"cmt#ConferenceMember;conference#Conference_www": "Classify if the following two concepts are the same.\n###First concept ConferenceMember:\nThe parent of a conference member is the parent of an external reviewer and a program committee member. The associated chair is the equivalent of the chairman and the conference chair. The reviewer is the parent of the meta reviewer and the author is the parent of the external reviewer.\n###Second concept Conference_www:\nconference www is the parent of conference announcement and conference document.\nAnswer yes or no:",
	"cmt#AssociatedChair;conference#Co-chair": "Classify if the following two concepts are the same.\n###First concept AssociatedChair:\nThe associated chair is the child of a conference member and the parent of an external reviewer. The chair is equivalent to the chairman and the conference chair.\n###Second concept Co-chair:\nThe co chair is the child of the committee member and the parent of the track workshop chair.\nAnswer yes or no:",
	"cmt#AssociatedChair;conference#Organization": "Classify if the following two concepts are the same.\n###First concept AssociatedChair:\nThe associated chair is the child of a conference member and the parent of an external reviewer. The chair is equivalent to the chairman and the conference chair.\n###Second concept Organization:\nThe parent of the organizer is the parent of the chair and the committee member.\nAnswer yes or no:",
	"cmt#AssociatedChair;conference#Organizer": "Classify if the following two concepts are the same.\n###First concept AssociatedChair:\nThe associated chair is the child of a conference member and the parent of an external reviewer. The chair is equivalent to the chairman and the conference chair.\n###Second concept Organizer:\nThe parent of a conference applicant is the registered applicant. The registered applicant is the parent of a paid applicant. The late paid applicant is also the parent of the conference applicant. The committee member is also a child of the organizer of the Thing.\nAnswer yes or no:",
	"cmt#AssociatedChair;conference#Track-workshop_chair": "Classify if the following two concepts are the same.\n###First concept AssociatedChair:\nThe associated chair is the child of a conference member and the parent of an external reviewer. The chair is equivalent to the chairman and the conference chair.\n###Second concept Track-workshop_chair:\nThe track workshop chair is child of the person who is the parent of the conference contributor. The regular author is also the parent of the contribution co author.\nAnswer yes or no:",
	"cmt#ProgramCommitteeMember;conference#Contribution_co-author": "Classify if the following two concepts are the same.\n###First concept ProgramCommitteeMember:\nThe program committee chair is the parent of the program committee member who is the child of a conference member. The chair is the equivalent of chairman and associated chair.\n###Second concept Contribution_co-author:\nThe contribution co author is the child of the regular author and the conference contributor who is the parent of an active conference participant.\nAnswer yes or no:",
	"cmt#ProgramCommitteeMember;conference#Committee_member": "Classify if the following two concepts are the same.\n###First concept ProgramCommitteeMember:\nThe program committee chair is the parent of the program committee member who is the child of a conference member. The chair is the equivalent of chairman and associated chair.\n###Second concept Committee_member:\nThe committee member is the parent of the organizer and the co chair. The committee member is also the parent of the chair and the track workshop chair. The committee member is the child of the organizer and the chair.\nAnswer yes or no:",
	"cmt#ProgramCommitteeMember;conference#Program_committee": "Classify if the following two concepts are the same.\n###First concept ProgramCommitteeMember:\nThe program committee chair is the parent of the program committee member who is the child of a conference member. The chair is the equivalent of chairman and associated chair.\n###Second concept Program_committee:\nThe program committee is equivalent to the steering committee.\nAnswer yes or no:",
	"cmt#ProgramCommitteeMember;conference#Organizing_committee": "Classify if the following two concepts are the same.\n###First concept ProgramCommitteeMember:\nThe program committee chair is the parent of the program committee member who is the child of a conference member. The chair is the equivalent of chairman and associated chair.\n###Second concept Organizing_committee:\nThe organizing committee is a child of the committee which is equivalent to the steering committee.\nAnswer yes or no:",
	"cmt#AuthorNotReviewer;conference#Regular_author": "Classify if the following two concepts are the same.\n###First concept AuthorNotReviewer:\nThe author, who is not a reviewer, is the child of the author and the parent of the co author.\n###Second concept Regular_author:\nThe regular author is the parent of both the active conference participant and the contribution co author. He is the child of the conference contributor and the contribution 1st author.\nAnswer yes or no:",
	"cmt#AuthorNotReviewer;conference#Contribution_1th-author": "Classify if the following two concepts are the same.\n###First concept AuthorNotReviewer:\nThe author, who is not a reviewer, is the child of the author and the parent of the co author.\n###Second concept Contribution_1th-author:\nThe contribution 1st author is the child of the regular author and the conference contributor. The invited speaker is the parent of the active conference participant and the invited speaker is the invited speaker.\nAnswer yes or no:",
	"cmt#AuthorNotReviewer;conference#Contribution_co-author": "Classify if the following two concepts are the same.\n###First concept AuthorNotReviewer:\nThe author, who is not a reviewer, is the child of the author and the parent of the co author.\n###Second concept Contribution_co-author:\nThe contribution co author is the child of the regular author and the conference contributor who is the parent of an active conference participant.\nAnswer yes or no:",
	"cmt#Chairman;conference#Contribution_co-author": "Classify if the following two concepts are the same.\n###First concept Chairman:\nThe chair of the program committee is the child of the program committee member and the associated chair. The chairman is the parent of the user and the associated chair. The chair is also the child of the program committee member and the parent of the administrator.\n###Second concept Contribution_co-author:\nThe contribution co author is the child of the regular author and the conference contributor who is the parent of an active conference participant.\nAnswer yes or no:",
	"cmt#Chairman;conference#Committee": "Classify if the following two concepts are the same.\n###First concept Chairman:\nThe chair of the program committee is the child of the program committee member and the associated chair. The chairman is the parent of the user and the associated chair. The chair is also the child of the program committee member and the parent of the administrator.\n###Second concept Committee:\nThe committee is the parent of the organizing committee, the program committee and the steering committee.\nAnswer yes or no:",
	"cmt#Chairman;conference#Committee_member": "Classify if the following two concepts are the same.\n###First concept Chairman:\nThe chair of the program committee is the child of the program committee member and the associated chair. The chairman is the parent of the user and the associated chair. The chair is also the child of the program committee member and the parent of the administrator.\n###Second concept Committee_member:\nThe committee member is the parent of the organizer and the co chair. The committee member is also the parent of the chair and the track workshop chair. The committee member is the child of the organizer and the chair.\nAnswer yes or no:",
	"cmt#Chairman;conference#Organization": "Classify if the following two concepts are the same.\n###First concept Chairman:\nThe chair of the program committee is the child of the program committee member and the associated chair. The chairman is the parent of the user and the associated chair. The chair is also the child of the program committee member and the parent of the administrator.\n###Second concept Organization:\nThe parent of the organizer is the parent of the chair and the committee member.\nAnswer yes or no:",
	"cmt#Chairman;conference#Chair": "Classify if the following two concepts are the same.\n###First concept Chairman:\nThe chair of the program committee is the child of the program committee member and the associated chair. The chairman is the parent of the user and the associated chair. The chair is also the child of the program committee member and the parent of the administrator.\n###Second concept Chair:\nThe chair of the committee is the child of the committee member who is the parent of the organizer who is the child of Thing.\nAnswer yes or no:",
	"cmt#ProgramCommitteeChair;conference#Co-chair": "Classify if the following two concepts are the same.\n###First concept ProgramCommitteeChair:\nThe program committee chair is the child of a program committee member and a conference member. The chair is the equivalent of chairman and associated chair.\n###Second concept Co-chair:\nThe co chair is the child of the committee member and the parent of the track workshop chair.\nAnswer yes or no:",
	"cmt#ProgramCommitteeChair;conference#Program_committee": "Classify if the following two concepts are the same.\n###First concept ProgramCommitteeChair:\nThe program committee chair is the child of a program committee member and a conference member. The chair is the equivalent of chairman and associated chair.\n###Second concept Program_committee:\nThe program committee is equivalent to the steering committee.\nAnswer yes or no:",
	"cmt#ProgramCommitteeChair;conference#Organizing_committee": "Classify if the following two concepts are the same.\n###First concept ProgramCommitteeChair:\nThe program committee chair is the child of a program committee member and a conference member. The chair is the equivalent of chairman and associated chair.\n###Second concept Organizing_committee:\nThe organizing committee is a child of the committee which is equivalent to the steering committee.\nAnswer yes or no:",
	"cmt#ProgramCommitteeChair;conference#Track-workshop_chair": "Classify if the following two concepts are the same.\n###First concept ProgramCommitteeChair:\nThe program committee chair is the child of a program committee member and a conference member. The chair is the equivalent of chairman and associated chair.\n###Second concept Track-workshop_chair:\nThe track workshop chair is child of the person who is the parent of the conference contributor. The regular author is also the parent of the contribution co author.\nAnswer yes or no:",
	"cmt#Acceptance;conference#Accepted_contribution": "Classify if the following two concepts are the same.\n###First concept Acceptance:\nAcceptance is the child of the decision and rejection is the parent of the decision.\n###Second concept Accepted_contribution:\nThe accepted contribution is the parent of the camera ready contribution and is equivalent to the reviewed contribution. The written contribution is the child of the conference contribution and the conference document.\nAnswer yes or no:",
	"cmt#Rejection;conference#Rejected_contribution": "Classify if the following two concepts are the same.\n###First concept Rejection:\nThe rejection is the child of the decision which is the parent of the acceptance.\n###Second concept Rejected_contribution:\nThe rejected contribution is the child of the reviewed contribution which is equivalent to the accepted contribution and the parent of the camera ready contribution.\nAnswer yes or no:",
	"cmt#Review;conference#Review_expertise": "Classify if the following two concepts are the same.\n###First concept Review:\nReview is a child of both paper and meta review. The paper abstract is also a child of review.\n###Second concept Review_expertise:\nReview expertise is a child of Thing.\nAnswer yes or no:",
	"cmt#Review;conference#Reviewer": "Classify if the following two concepts are the same.\n###First concept Review:\nReview is a child of both paper and meta review. The paper abstract is also a child of review.\n###Second concept Reviewer:\nThe reviewer is a child of the person who is the parent of the committee member. The committee member is the parent of the organizer who is the child of the organization.\nAnswer yes or no:",
	"cmt#Review;conference#Reviewed_contribution": "Classify if the following two concepts are the same.\n###First concept Review:\nReview is a child of both paper and meta review. The paper abstract is also a child of review.\n###Second concept Reviewed_contribution:\nThe submitted contribution is the child of the written contribution and the reviewed contribution is the parent of the rejected contribution. The reviewed contribution is equivalent to the accepted contribution which is the parent of the camera ready contribution.\nAnswer yes or no:",
	"cmt#Review;conference#Review": "Classify if the following two concepts are the same.\n###First concept Review:\nReview is a child of both paper and meta review. The paper abstract is also a child of review.\n###Second concept Review:\nThe conference document is the parent of the conference contribution which is equivalent to a written contribution. The review contribution is the parent of the submitted contribution which is equivalent to a rejected contribution.\nAnswer yes or no:",
	"cmt#Review;conference#Review_preference": "Classify if the following two concepts are the same.\n###First concept Review:\nReview is a child of both paper and meta review. The paper abstract is also a child of review.\n###Second concept Review_preference:\nThe review preference is a child of Thing.\nAnswer yes or no:",
	"cmt#Paper;conference#Poster": "Classify if the following two concepts are the same.\n###First concept Paper:\nThe paper is the parent of the paper full version and the paper abstract. It is also the parent of review and meta review.\n###Second concept Poster:\nThe poster is the parent of both the submitted contribution and the accepted contribution. The conference contribution is the parent of the invited talk and the written contribution is the parent of the paper.\nAnswer yes or no:",
	"cmt#Paper;conference#Call_for_paper": "Classify if the following two concepts are the same.\n###First concept Paper:\nThe paper is the parent of the paper full version and the paper abstract. It is also the parent of review and meta review.\n###Second concept Call_for_paper:\nThe call for paper is a child of conference document which is the parent of review.\nAnswer yes or no:",
	"cmt#Paper;conference#Paper": "Classify if the following two concepts are the same.\n###First concept Paper:\nThe paper is the parent of the paper full version and the paper abstract. It is also the parent of review and meta review.\n###Second concept Paper:\nThe paper is the child of the regular contribution and the written contribution. The poster is the parent of the submitted contribution.\nAnswer yes or no:",
	"cmt#Paper;conference#Presentation": "Classify if the following two concepts are the same.\n###First concept Paper:\nThe paper is the parent of the paper full version and the paper abstract. It is also the parent of review and meta review.\n###Second concept Presentation:\nThe conference contribution is the child of the conference document and is the parent of the invited talk.\nAnswer yes or no:",
	"cmt#Paper;conference#Organizer": "Classify if the following two concepts are the same.\n###First concept Paper:\nThe paper is the parent of the paper full version and the paper abstract. It is also the parent of review and meta review.\n###Second concept Organizer:\nThe parent of a conference applicant is the registered applicant. The registered applicant is the parent of a paid applicant. The late paid applicant is also the parent of the conference applicant. The committee member is also a child of the organizer of the Thing.\nAnswer yes or no:",
	"cmt#Author;conference#Person": "Classify if the following two concepts are the same.\n###First concept Author:\nThe author is the child of a conference member, the associated chair, the co author and the user. The administrator is the parent of the user and not the reviewer.\n###Second concept Person:\nThe parent of the conference contributor is the committee member, co chair and the conference applicant. The conference applicant is the registered applicant and the reviewer is the parent of the track workshop chair.\nAnswer yes or no:",
	"cmt#Author;conference#Regular_author": "Classify if the following two concepts are the same.\n###First concept Author:\nThe author is the child of a conference member, the associated chair, the co author and the user. The administrator is the parent of the user and not the reviewer.\n###Second concept Regular_author:\nThe regular author is the parent of both the active conference participant and the contribution co author. He is the child of the conference contributor and the contribution 1st author.\nAnswer yes or no:",
	"cmt#Author;conference#Contribution_co-author": "Classify if the following two concepts are the same.\n###First concept Author:\nThe author is the child of a conference member, the associated chair, the co author and the user. The administrator is the parent of the user and not the reviewer.\n###Second concept Contribution_co-author:\nThe contribution co author is the child of the regular author and the conference contributor who is the parent of an active conference participant.\nAnswer yes or no:",
	"cmt#Author;conference#Written_contribution": "Classify if the following two concepts are the same.\n###First concept Author:\nThe author is the child of a conference member, the associated chair, the co author and the user. The administrator is the parent of the user and not the reviewer.\n###Second concept Written_contribution:\nThe written contribution is the parent of the submitted contribution and the accepted contribution. It is also the parent of the extended abstract which is the same as the extended abstract. The conference contribution is the child of the conference document and the written contribution is the child of the poster.\nAnswer yes or no:",
	"cmt#User;conference#Person": "Classify if the following two concepts are the same.\n###First concept User:\nThe administrator is the parent of the user who is the child of the program committee member and the conference member. The reviewer is the child of the conference member and the author is the parent of the author not the reviewer.\n###Second concept Person:\nThe parent of the conference contributor is the committee member, co chair and the conference applicant. The conference applicant is the registered applicant and the reviewer is the parent of the track workshop chair.\nAnswer yes or no:",
	"cmt#User;conference#Regular_author": "Classify if the following two concepts are the same.\n###First concept User:\nThe administrator is the parent of the user who is the child of the program committee member and the conference member. The reviewer is the child of the conference member and the author is the parent of the author not the reviewer.\n###Second concept Regular_author:\nThe regular author is the parent of both the active conference participant and the contribution co author. He is the child of the conference contributor and the contribution 1st author.\nAnswer yes or no:",
	"cmt#User;conference#Contribution_co-author": "Classify if the following two concepts are the same.\n###First concept User:\nThe administrator is the parent of the user who is the child of the program committee member and the conference member. The reviewer is the child of the conference member and the author is the parent of the author not the reviewer.\n###Second concept Contribution_co-author:\nThe contribution co author is the child of the regular author and the conference contributor who is the parent of an active conference participant.\nAnswer yes or no:",
	"cmt#Co-author;conference#Conference_participant": "Classify if the following two concepts are the same.\n###First concept Co-author:\nThe co author is the child of the author who is not a reviewer.\n###Second concept Conference_participant:\nThe parent of the conference participant is the track workshop chair. The active conference participant is the parent of the conference contributor and the regular author. The conference participant is also the parent of the conference contributor.\nAnswer yes or no:",
	"cmt#Co-author;conference#Person": "Classify if the following two concepts are the same.\n###First concept Co-author:\nThe co author is the child of the author who is not a reviewer.\n###Second concept Person:\nThe parent of the conference contributor is the committee member, co chair and the conference applicant. The conference applicant is the registered applicant and the reviewer is the parent of the track workshop chair.\nAnswer yes or no:",
	"cmt#Co-author;conference#Regular_author": "Classify if the following two concepts are the same.\n###First concept Co-author:\nThe co author is the child of the author who is not a reviewer.\n###Second concept Regular_author:\nThe regular author is the parent of both the active conference participant and the contribution co author. He is the child of the conference contributor and the contribution 1st author.\nAnswer yes or no:",
	"cmt#Co-author;conference#Contribution_1th-author": "Classify if the following two concepts are the same.\n###First concept Co-author:\nThe co author is the child of the author who is not a reviewer.\n###Second concept Contribution_1th-author:\nThe contribution 1st author is the child of the regular author and the conference contributor. The invited speaker is the parent of the active conference participant and the invited speaker is the invited speaker.\nAnswer yes or no:",
	"cmt#Co-author;conference#Contribution_co-author": "Classify if the following two concepts are the same.\n###First concept Co-author:\nThe co author is the child of the author who is not a reviewer.\n###Second concept Contribution_co-author:\nThe contribution co author is the child of the regular author and the conference contributor who is the parent of an active conference participant.\nAnswer yes or no:",
	"cmt#Co-author;conference#Conference_contribution": "Classify if the following two concepts are the same.\n###First concept Co-author:\nThe co author is the child of the author who is not a reviewer.\n###Second concept Conference_contribution:\nThe conference contribution is the parent of the poster, the conference announcement and the conference document. The conference contribution is the parent of the invited talk and the conference contribution is the parent of the conference contribution. The written contribution is the parent of the regular contribution and the reviewed contribution is the equivalent of the accepted contribution.\nAnswer yes or no:",
	"cmt#Co-author;conference#Committee_member": "Classify if the following two concepts are the same.\n###First concept Co-author:\nThe co author is the child of the author who is not a reviewer.\n###Second concept Committee_member:\nThe committee member is the parent of the organizer and the co chair. The committee member is also the parent of the chair and the track workshop chair. The committee member is the child of the organizer and the chair.\nAnswer yes or no:",
	"cmt#Co-author;conference#Organization": "Classify if the following two concepts are the same.\n###First concept Co-author:\nThe co author is the child of the author who is not a reviewer.\n###Second concept Organization:\nThe parent of the organizer is the parent of the chair and the committee member.\nAnswer yes or no:",
	"cmt#Co-author;conference#Written_contribution": "Classify if the following two concepts are the same.\n###First concept Co-author:\nThe co author is the child of the author who is not a reviewer.\n###Second concept Written_contribution:\nThe written contribution is the parent of the submitted contribution and the accepted contribution. It is also the parent of the extended abstract which is the same as the extended abstract. The conference contribution is the child of the conference document and the written contribution is the child of the poster.\nAnswer yes or no:",
	"cmt#Co-author;conference#Accepted_contribution": "Classify if the following two concepts are the same.\n###First concept Co-author:\nThe co author is the child of the author who is not a reviewer.\n###Second concept Accepted_contribution:\nThe accepted contribution is the parent of the camera ready contribution and is equivalent to the reviewed contribution. The written contribution is the child of the conference contribution and the conference document.\nAnswer yes or no:",
	"cmt#PaperAbstract;conference#Extended_abstract": "Classify if the following two concepts are the same.\n###First concept PaperAbstract:\nThe paper abstract is a child of paper and a document.\n###Second concept Extended_abstract:\nThe extended abstract is equivalent to the regular contribution which is parented by the written contribution and the submitted contribution.\nAnswer yes or no:",
	"cmt#PaperAbstract;conference#Call_for_paper": "Classify if the following two concepts are the same.\n###First concept PaperAbstract:\nThe paper abstract is a child of paper and a document.\n###Second concept Call_for_paper:\nThe call for paper is a child of conference document which is the parent of review.\nAnswer yes or no:",
	"cmt#PaperAbstract;conference#Paper": "Classify if the following two concepts are the same.\n###First concept PaperAbstract:\nThe paper abstract is a child of paper and a document.\n###Second concept Paper:\nThe paper is the child of the regular contribution and the written contribution. The poster is the parent of the submitted contribution.\nAnswer yes or no:",
	"cmt#PaperFullVersion;conference#Paper": "Classify if the following two concepts are the same.\n###First concept PaperFullVersion:\nThe full version of paper is a child of the document which is the parent of the review.\n###Second concept Paper:\nThe paper is the child of the regular contribution and the written contribution. The poster is the parent of the submitted contribution.\nAnswer yes or no:",
	"cmt#Administrator;conference#Regular_author": "Classify if the following two concepts are the same.\n###First concept Administrator:\nThe administrator is the child of the user and the parent of the chairman. The chairman is the equivalent of the chair of the program committee.\n###Second concept Regular_author:\nThe regular author is the parent of both the active conference participant and the contribution co author. He is the child of the conference contributor and the contribution 1st author.\nAnswer yes or no:",
	"cmt#Administrator;conference#Contribution_co-author": "Classify if the following two concepts are the same.\n###First concept Administrator:\nThe administrator is the child of the user and the parent of the chairman. The chairman is the equivalent of the chair of the program committee.\n###Second concept Contribution_co-author:\nThe contribution co author is the child of the regular author and the conference contributor who is the parent of an active conference participant.\nAnswer yes or no:",
	"cmt#Administrator;conference#Organization": "Classify if the following two concepts are the same.\n###First concept Administrator:\nThe administrator is the child of the user and the parent of the chairman. The chairman is the equivalent of the chair of the program committee.\n###Second concept Organization:\nThe parent of the organizer is the parent of the chair and the committee member.\nAnswer yes or no:"
}