{
	"cmt#Reviewer;iasted#Reviewer": "Classify if the following two concepts are the same.\n###First concept Reviewer:\nThe reviewer is the child of a conference member and a co author. The reviewer is also a child of a program committee member and a meta reviewer. The chair of the conference is the equivalent of the chairman and the reviewer is a child of a program committee member.\n###Second concept Reviewer:\nThe reviewer is the child of the speaker who is the parent of the plenary lecturer and the author.\nAnswer yes or no:",
	"cmt#Reviewer;iasted#Review": "Classify if the following two concepts are the same.\n###First concept Reviewer:\nThe reviewer is the child of a conference member and a co author. The reviewer is also a child of a program committee member and a meta reviewer. The chair of the conference is the equivalent of the chairman and the reviewer is a child of a program committee member.\n###Second concept Review:\nThe document review is child of the document which is parented by the card and the credit card.\nAnswer yes or no:",
	"cmt#Decision;iasted#Time": "Classify if the following two concepts are the same.\n###First concept Decision:\nThe decision of acceptance is the parent of rejection.\n###Second concept Time:\nThe trip day is the parent of conference days, one conference day is the parent of submissions and the deadline for submissions is the submissions deadline.\nAnswer yes or no:",
	"cmt#Decision;iasted#Item": "Classify if the following two concepts are the same.\n###First concept Decision:\nThe decision of acceptance is the parent of rejection.\n###Second concept Item:\nThe parent of the audiovisual equipment is the overhead projector. It is also the parent of the transport vehicle and the van. It is also the parent of the publication of book proceeding.\nAnswer yes or no:",
	"cmt#Decision;iasted#Reviewer": "Classify if the following two concepts are the same.\n###First concept Decision:\nThe decision of acceptance is the parent of rejection.\n###Second concept Reviewer:\nThe reviewer is the child of the speaker who is the parent of the plenary lecturer and the author.\nAnswer yes or no:",
	"cmt#Decision;iasted#Review": "Classify if the following two concepts are the same.\n###First concept Decision:\nThe decision of acceptance is the parent of rejection.\n###Second concept Review:\nThe document review is child of the document which is parented by the card and the credit card.\nAnswer yes or no:",
	"cmt#Person;iasted#Person": "Classify if the following two concepts are the same.\n###First concept Person:\nThe program committee chair is the child of the program committee member, the conference member and the external reviewer. The chairman is the parent of the program committee chair and the administrator is the parent of the user and the administrator is the parent of the administrator.\n###Second concept Person:\nThe parent of the sponsor is the delegate, the speaker and the reviewer.\nAnswer yes or no:",
	"cmt#Person;iasted#Author": "Classify if the following two concepts are the same.\n###First concept Person:\nThe program committee chair is the child of the program committee member, the conference member and the external reviewer. The chairman is the parent of the program committee chair and the administrator is the parent of the user and the administrator is the parent of the administrator.\n###Second concept Author:\nThe author is the parent of the author cd proceedings and the author book proceedings. The delegate is the parent of the delegate and the sponsor is the author of the plenary lecture speaker.\nAnswer yes or no:",
	"cmt#Person;iasted#Speaker": "Classify if the following two concepts are the same.\n###First concept Person:\nThe program committee chair is the child of the program committee member, the conference member and the external reviewer. The chairman is the parent of the program committee chair and the administrator is the parent of the user and the administrator is the parent of the administrator.\n###Second concept Speaker:\nThe speaker is the parent of the author, the lecturer and the worker lecturer. The delegate is the parent of the iasted non member and the reviewer is the parent of the speaker.\nAnswer yes or no:",
	"cmt#Document;iasted#Form": "Classify if the following two concepts are the same.\n###First concept Document:\nThe document is the parent of both paper and the full version of paper. The document is also the parent of review and meta review.\n###Second concept Form:\nThe parent of the form is the author information form. The form is also the parent of the hotel registration form and the card.\nAnswer yes or no:",
	"cmt#Document;iasted#Document": "Classify if the following two concepts are the same.\n###First concept Document:\nThe document is the parent of both paper and the full version of paper. The document is also the parent of review and meta review.\n###Second concept Document:\nThe parent of the document is the publication of the book, the mailing list, the initial manuscript, the invitation letter and the record of attendance.\nAnswer yes or no:",
	"cmt#Document;iasted#Submission": "Classify if the following two concepts are the same.\n###First concept Document:\nThe document is the parent of both paper and the full version of paper. The document is also the parent of review and meta review.\n###Second concept Submission:\nThe initial manuscript is submitted, the final manuscript is submitted and the child of the document.\nAnswer yes or no:",
	"cmt#Document;iasted#Publication": "Classify if the following two concepts are the same.\n###First concept Document:\nThe document is the parent of both paper and the full version of paper. The document is also the parent of review and meta review.\n###Second concept Publication:\nThe cd proceeding and the book proceeding are both published. The transport vehicle is the parent of the car and the transport vehicle is the child of the publication.\nAnswer yes or no:",
	"cmt#Document;iasted#Payment_document": "Classify if the following two concepts are the same.\n###First concept Document:\nThe document is the parent of both paper and the full version of paper. The document is also the parent of review and meta review.\n###Second concept Payment_document:\nThe payment document is the child of the document which is also the parent of the book proceeding. The payment document is also the parent of the cheque and the bank transfer.\nAnswer yes or no:",
	"cmt#Document;iasted#Main_office": "Classify if the following two concepts are the same.\n###First concept Document:\nThe document is the parent of both paper and the full version of paper. The document is also the parent of review and meta review.\n###Second concept Main_office:\nThe main office is child of the building which is the parent of the conference airport.\nAnswer yes or no:",
	"cmt#Conference;iasted#Presenter_city": "Classify if the following two concepts are the same.\n###First concept Conference:\nThe conference is child of Thing.\n###Second concept Presenter_city:\nThe presenter city is a child of the city Thing.\nAnswer yes or no:",
	"cmt#Conference;iasted#Presentation": "Classify if the following two concepts are the same.\n###First concept Conference:\nThe conference is child of Thing.\n###Second concept Presentation:\nPresentation is a child of conference activity, after conference and power point presentation.\nAnswer yes or no:",
	"cmt#Conference;iasted#Conference_restaurant": "Classify if the following two concepts are the same.\n###First concept Conference:\nThe conference is child of Thing.\n###Second concept Conference_restaurant:\nThe conference restaurant is a child of the presenter university building.\nAnswer yes or no:",
	"cmt#Conference;iasted#Conference_city": "Classify if the following two concepts are the same.\n###First concept Conference:\nThe conference is child of Thing.\n###Second concept Conference_city:\nThe conference city is the child of the city which is the parent of the trip city.\nAnswer yes or no:",
	"cmt#Conference;iasted#Conference_state": "Classify if the following two concepts are the same.\n###First concept Conference:\nThe conference is child of Thing.\n###Second concept Conference_state:\nThe conference state is the child of the presenter state and the parent state of the conference.\nAnswer yes or no:",
	"cmt#Conference;iasted#Conference_activity": "Classify if the following two concepts are the same.\n###First concept Conference:\nThe conference is child of Thing.\n###Second concept Conference_activity:\nThe parent of the conference activity is the parent of the lecture, the plenary lecture, the registration and the departure. The conference activity is also the parent of the coffee break.\nAnswer yes or no:",
	"cmt#Conference;iasted#Conference_days": "Classify if the following two concepts are the same.\n###First concept Conference:\nThe conference is child of Thing.\n###Second concept Conference_days:\nOne conference day is a child of the trip day and the conference day is the parent of the conference day.\nAnswer yes or no:",
	"cmt#Conference;iasted#Conference_building": "Classify if the following two concepts are the same.\n###First concept Conference:\nThe conference is child of Thing.\n###Second concept Conference_building:\nThe conference building is a child of the building itself.\nAnswer yes or no:",
	"cmt#Conference;iasted#Conference_airport": "Classify if the following two concepts are the same.\n###First concept Conference:\nThe conference is child of Thing.\n###Second concept Conference_airport:\nThe conference airport is a building which is a child of the place.\nAnswer yes or no:",
	"cmt#Conference;iasted#City": "Classify if the following two concepts are the same.\n###First concept Conference:\nThe conference is child of Thing.\n###Second concept City:\nThe city of Thing is the parent city of the presenter city and the trip city. The sponsor city is also the parent city of the city of Thing.\nAnswer yes or no:",
	"cmt#Conference;iasted#Conference_hotel": "Classify if the following two concepts are the same.\n###First concept Conference:\nThe conference is child of Thing.\n###Second concept Conference_hotel:\nThe conference hotel is the child of the building which is the parent of the conference airport.\nAnswer yes or no:",
	"cmt#Conference;iasted#Sponsor_city": "Classify if the following two concepts are the same.\n###First concept Conference:\nThe conference is child of Thing.\n###Second concept Sponsor_city:\nThe sponsor city is the child of the presenter city and the parent city of the presenter city.\nAnswer yes or no:",
	"cmt#Conference;iasted#Conference_hall": "Classify if the following two concepts are the same.\n###First concept Conference:\nThe conference is child of Thing.\n###Second concept Conference_hall:\nThe conference hall is a child of Thing.\nAnswer yes or no:",
	"cmt#Conference;iasted#Conference_Hiker": "Classify if the following two concepts are the same.\n###First concept Conference:\nThe conference is child of Thing.\n###Second concept Conference_Hiker:\nThe delegate who is the parent of the hotel presenter is the child of the delegate who is a part of the conference hike.\nAnswer yes or no:",
	"cmt#ConferenceChair;iasted#Presenter_city": "Classify if the following two concepts are the same.\n###First concept ConferenceChair:\nThe conference chair is the equivalent of the chairman and the parent of the conference member is the reviewer. The administrator is the parent of the conference member and the conference chair is the child of the conference member.\n###Second concept Presenter_city:\nThe presenter city is a child of the city Thing.\nAnswer yes or no:",
	"cmt#ConferenceChair;iasted#Conference_restaurant": "Classify if the following two concepts are the same.\n###First concept ConferenceChair:\nThe conference chair is the equivalent of the chairman and the parent of the conference member is the reviewer. The administrator is the parent of the conference member and the conference chair is the child of the conference member.\n###Second concept Conference_restaurant:\nThe conference restaurant is a child of the presenter university building.\nAnswer yes or no:",
	"cmt#ConferenceChair;iasted#Conference_city": "Classify if the following two concepts are the same.\n###First concept ConferenceChair:\nThe conference chair is the equivalent of the chairman and the parent of the conference member is the reviewer. The administrator is the parent of the conference member and the conference chair is the child of the conference member.\n###Second concept Conference_city:\nThe conference city is the child of the city which is the parent of the trip city.\nAnswer yes or no:",
	"cmt#ConferenceChair;iasted#Conference_state": "Classify if the following two concepts are the same.\n###First concept ConferenceChair:\nThe conference chair is the equivalent of the chairman and the parent of the conference member is the reviewer. The administrator is the parent of the conference member and the conference chair is the child of the conference member.\n###Second concept Conference_state:\nThe conference state is the child of the presenter state and the parent state of the conference.\nAnswer yes or no:",
	"cmt#ConferenceChair;iasted#Conference_activity": "Classify if the following two concepts are the same.\n###First concept ConferenceChair:\nThe conference chair is the equivalent of the chairman and the parent of the conference member is the reviewer. The administrator is the parent of the conference member and the conference chair is the child of the conference member.\n###Second concept Conference_activity:\nThe parent of the conference activity is the parent of the lecture, the plenary lecture, the registration and the departure. The conference activity is also the parent of the coffee break.\nAnswer yes or no:",
	"cmt#ConferenceChair;iasted#Brief_introduction_for_Session_chair": "Classify if the following two concepts are the same.\n###First concept ConferenceChair:\nThe conference chair is the equivalent of the chairman and the parent of the conference member is the reviewer. The administrator is the parent of the conference member and the conference chair is the child of the conference member.\n###Second concept Brief_introduction_for_Session_chair:\nThe brief introduction for session chair is child of document which is parent of record of attendance.\nAnswer yes or no:",
	"cmt#ConferenceChair;iasted#Session_chair": "Classify if the following two concepts are the same.\n###First concept ConferenceChair:\nThe conference chair is the equivalent of the chairman and the parent of the conference member is the reviewer. The administrator is the parent of the conference member and the conference chair is the child of the conference member.\n###Second concept Session_chair:\nThe delegate is the child of the delegate and the parent of the sponsor. The session chair is the child of the delegate.\nAnswer yes or no:",
	"cmt#ConferenceChair;iasted#Conference_days": "Classify if the following two concepts are the same.\n###First concept ConferenceChair:\nThe conference chair is the equivalent of the chairman and the parent of the conference member is the reviewer. The administrator is the parent of the conference member and the conference chair is the child of the conference member.\n###Second concept Conference_days:\nOne conference day is a child of the trip day and the conference day is the parent of the conference day.\nAnswer yes or no:",
	"cmt#ConferenceChair;iasted#Conference_building": "Classify if the following two concepts are the same.\n###First concept ConferenceChair:\nThe conference chair is the equivalent of the chairman and the parent of the conference member is the reviewer. The administrator is the parent of the conference member and the conference chair is the child of the conference member.\n###Second concept Conference_building:\nThe conference building is a child of the building itself.\nAnswer yes or no:",
	"cmt#ConferenceChair;iasted#Conference_airport": "Classify if the following two concepts are the same.\n###First concept ConferenceChair:\nThe conference chair is the equivalent of the chairman and the parent of the conference member is the reviewer. The administrator is the parent of the conference member and the conference chair is the child of the conference member.\n###Second concept Conference_airport:\nThe conference airport is a building which is a child of the place.\nAnswer yes or no:",
	"cmt#ConferenceChair;iasted#Conference_hotel": "Classify if the following two concepts are the same.\n###First concept ConferenceChair:\nThe conference chair is the equivalent of the chairman and the parent of the conference member is the reviewer. The administrator is the parent of the conference member and the conference chair is the child of the conference member.\n###Second concept Conference_hotel:\nThe conference hotel is the child of the building which is the parent of the conference airport.\nAnswer yes or no:",
	"cmt#ConferenceChair;iasted#Conference_hall": "Classify if the following two concepts are the same.\n###First concept ConferenceChair:\nThe conference chair is the equivalent of the chairman and the parent of the conference member is the reviewer. The administrator is the parent of the conference member and the conference chair is the child of the conference member.\n###Second concept Conference_hall:\nThe conference hall is a child of Thing.\nAnswer yes or no:",
	"cmt#ConferenceChair;iasted#Conference_Hiker": "Classify if the following two concepts are the same.\n###First concept ConferenceChair:\nThe conference chair is the equivalent of the chairman and the parent of the conference member is the reviewer. The administrator is the parent of the conference member and the conference chair is the child of the conference member.\n###Second concept Conference_Hiker:\nThe delegate who is the parent of the hotel presenter is the child of the delegate who is a part of the conference hike.\nAnswer yes or no:",
	"cmt#ConferenceMember;iasted#Presenter_state": "Classify if the following two concepts are the same.\n###First concept ConferenceMember:\nThe parent of a conference member is the parent of an external reviewer and a program committee member. The associated chair is the equivalent of the chairman and the conference chair. The reviewer is the parent of the meta reviewer and the author is the parent of the external reviewer.\n###Second concept Presenter_state:\nThe presenter state is the child of the sponsor state.\nAnswer yes or no:",
	"cmt#ConferenceMember;iasted#Delegate": "Classify if the following two concepts are the same.\n###First concept ConferenceMember:\nThe parent of a conference member is the parent of an external reviewer and a program committee member. The associated chair is the equivalent of the chairman and the conference chair. The reviewer is the parent of the meta reviewer and the author is the parent of the external reviewer.\n###Second concept Delegate:\nThe delegate is a child of a sponsor and a non speaker. He is also a parent of a student and a non member of the technical committee. He is also the parent of a hotel presenter and a non member of the technical committee.\nAnswer yes or no:",
	"cmt#ConferenceMember;iasted#Presenter_city": "Classify if the following two concepts are the same.\n###First concept ConferenceMember:\nThe parent of a conference member is the parent of an external reviewer and a program committee member. The associated chair is the equivalent of the chairman and the conference chair. The reviewer is the parent of the meta reviewer and the author is the parent of the external reviewer.\n###Second concept Presenter_city:\nThe presenter city is a child of the city Thing.\nAnswer yes or no:",
	"cmt#ConferenceMember;iasted#Conference_restaurant": "Classify if the following two concepts are the same.\n###First concept ConferenceMember:\nThe parent of a conference member is the parent of an external reviewer and a program committee member. The associated chair is the equivalent of the chairman and the conference chair. The reviewer is the parent of the meta reviewer and the author is the parent of the external reviewer.\n###Second concept Conference_restaurant:\nThe conference restaurant is a child of the presenter university building.\nAnswer yes or no:",
	"cmt#ConferenceMember;iasted#Conference_city": "Classify if the following two concepts are the same.\n###First concept ConferenceMember:\nThe parent of a conference member is the parent of an external reviewer and a program committee member. The associated chair is the equivalent of the chairman and the conference chair. The reviewer is the parent of the meta reviewer and the author is the parent of the external reviewer.\n###Second concept Conference_city:\nThe conference city is the child of the city which is the parent of the trip city.\nAnswer yes or no:",
	"cmt#ConferenceMember;iasted#Conference_state": "Classify if the following two concepts are the same.\n###First concept ConferenceMember:\nThe parent of a conference member is the parent of an external reviewer and a program committee member. The associated chair is the equivalent of the chairman and the conference chair. The reviewer is the parent of the meta reviewer and the author is the parent of the external reviewer.\n###Second concept Conference_state:\nThe conference state is the child of the presenter state and the parent state of the conference.\nAnswer yes or no:",
	"cmt#ConferenceMember;iasted#Conference_activity": "Classify if the following two concepts are the same.\n###First concept ConferenceMember:\nThe parent of a conference member is the parent of an external reviewer and a program committee member. The associated chair is the equivalent of the chairman and the conference chair. The reviewer is the parent of the meta reviewer and the author is the parent of the external reviewer.\n###Second concept Conference_activity:\nThe parent of the conference activity is the parent of the lecture, the plenary lecture, the registration and the departure. The conference activity is also the parent of the coffee break.\nAnswer yes or no:",
	"cmt#ConferenceMember;iasted#Invitation_letter": "Classify if the following two concepts are the same.\n###First concept ConferenceMember:\nThe parent of a conference member is the parent of an external reviewer and a program committee member. The associated chair is the equivalent of the chairman and the conference chair. The reviewer is the parent of the meta reviewer and the author is the parent of the external reviewer.\n###Second concept Invitation_letter:\nThe invitation letter is a child of the document which is the parent of the submission.\nAnswer yes or no:",
	"cmt#ConferenceMember;iasted#Conference_days": "Classify if the following two concepts are the same.\n###First concept ConferenceMember:\nThe parent of a conference member is the parent of an external reviewer and a program committee member. The associated chair is the equivalent of the chairman and the conference chair. The reviewer is the parent of the meta reviewer and the author is the parent of the external reviewer.\n###Second concept Conference_days:\nOne conference day is a child of the trip day and the conference day is the parent of the conference day.\nAnswer yes or no:",
	"cmt#ConferenceMember;iasted#Conference_building": "Classify if the following two concepts are the same.\n###First concept ConferenceMember:\nThe parent of a conference member is the parent of an external reviewer and a program committee member. The associated chair is the equivalent of the chairman and the conference chair. The reviewer is the parent of the meta reviewer and the author is the parent of the external reviewer.\n###Second concept Conference_building:\nThe conference building is a child of the building itself.\nAnswer yes or no:",
	"cmt#ConferenceMember;iasted#Conference_airport": "Classify if the following two concepts are the same.\n###First concept ConferenceMember:\nThe parent of a conference member is the parent of an external reviewer and a program committee member. The associated chair is the equivalent of the chairman and the conference chair. The reviewer is the parent of the meta reviewer and the author is the parent of the external reviewer.\n###Second concept Conference_airport:\nThe conference airport is a building which is a child of the place.\nAnswer yes or no:",
	"cmt#ConferenceMember;iasted#Conference_hotel": "Classify if the following two concepts are the same.\n###First concept ConferenceMember:\nThe parent of a conference member is the parent of an external reviewer and a program committee member. The associated chair is the equivalent of the chairman and the conference chair. The reviewer is the parent of the meta reviewer and the author is the parent of the external reviewer.\n###Second concept Conference_hotel:\nThe conference hotel is the child of the building which is the parent of the conference airport.\nAnswer yes or no:",
	"cmt#ConferenceMember;iasted#Conference_hall": "Classify if the following two concepts are the same.\n###First concept ConferenceMember:\nThe parent of a conference member is the parent of an external reviewer and a program committee member. The associated chair is the equivalent of the chairman and the conference chair. The reviewer is the parent of the meta reviewer and the author is the parent of the external reviewer.\n###Second concept Conference_hall:\nThe conference hall is a child of Thing.\nAnswer yes or no:",
	"cmt#ConferenceMember;iasted#Nonmember_registration_fee": "Classify if the following two concepts are the same.\n###First concept ConferenceMember:\nThe parent of a conference member is the parent of an external reviewer and a program committee member. The associated chair is the equivalent of the chairman and the conference chair. The reviewer is the parent of the meta reviewer and the author is the parent of the external reviewer.\n###Second concept Nonmember_registration_fee:\nThe non-member registration fee is the child of the registration fee and the parent of the hotel fee.\nAnswer yes or no:",
	"cmt#ConferenceMember;iasted#IASTED_non_member": "Classify if the following two concepts are the same.\n###First concept ConferenceMember:\nThe parent of a conference member is the parent of an external reviewer and a program committee member. The associated chair is the equivalent of the chairman and the conference chair. The reviewer is the parent of the meta reviewer and the author is the parent of the external reviewer.\n###Second concept IASTED_non_member:\niasted non member is child of delegate who is parent of sponsor.\nAnswer yes or no:",
	"cmt#ConferenceMember;iasted#Conference_Hiker": "Classify if the following two concepts are the same.\n###First concept ConferenceMember:\nThe parent of a conference member is the parent of an external reviewer and a program committee member. The associated chair is the equivalent of the chairman and the conference chair. The reviewer is the parent of the meta reviewer and the author is the parent of the external reviewer.\n###Second concept Conference_Hiker:\nThe delegate who is the parent of the hotel presenter is the child of the delegate who is a part of the conference hike.\nAnswer yes or no:",
	"cmt#ConferenceMember;iasted#IASTED_member": "Classify if the following two concepts are the same.\n###First concept ConferenceMember:\nThe parent of a conference member is the parent of an external reviewer and a program committee member. The associated chair is the equivalent of the chairman and the conference chair. The reviewer is the parent of the meta reviewer and the author is the parent of the external reviewer.\n###Second concept IASTED_member:\nThe iasted member is the child of the delegate who is the parent of the sponsor.\nAnswer yes or no:",
	"cmt#ConferenceMember;iasted#Presenter_university": "Classify if the following two concepts are the same.\n###First concept ConferenceMember:\nThe parent of a conference member is the parent of an external reviewer and a program committee member. The associated chair is the equivalent of the chairman and the conference chair. The reviewer is the parent of the meta reviewer and the author is the parent of the external reviewer.\n###Second concept Presenter_university:\nThe presenter university is the child of the building which is the parent of the session room.\nAnswer yes or no:",
	"cmt#AssociatedChair;iasted#Brief_introduction_for_Session_chair": "Classify if the following two concepts are the same.\n###First concept AssociatedChair:\nThe associated chair is the child of a conference member and the parent of an external reviewer. The chair is equivalent to the chairman and the conference chair.\n###Second concept Brief_introduction_for_Session_chair:\nThe brief introduction for session chair is child of document which is parent of record of attendance.\nAnswer yes or no:",
	"cmt#AssociatedChair;iasted#Session_chair": "Classify if the following two concepts are the same.\n###First concept AssociatedChair:\nThe associated chair is the child of a conference member and the parent of an external reviewer. The chair is equivalent to the chairman and the conference chair.\n###Second concept Session_chair:\nThe delegate is the child of the delegate and the parent of the sponsor. The session chair is the child of the delegate.\nAnswer yes or no:",
	"cmt#ProgramCommitteeMember;iasted#Delegate": "Classify if the following two concepts are the same.\n###First concept ProgramCommitteeMember:\nThe program committee chair is the parent of the program committee member who is the child of a conference member. The chair is the equivalent of chairman and associated chair.\n###Second concept Delegate:\nThe delegate is a child of a sponsor and a non speaker. He is also a parent of a student and a non member of the technical committee. He is also the parent of a hotel presenter and a non member of the technical committee.\nAnswer yes or no:",
	"cmt#ProgramCommitteeMember;iasted#Nonmember_registration_fee": "Classify if the following two concepts are the same.\n###First concept ProgramCommitteeMember:\nThe program committee chair is the parent of the program committee member who is the child of a conference member. The chair is the equivalent of chairman and associated chair.\n###Second concept Nonmember_registration_fee:\nThe non-member registration fee is the child of the registration fee and the parent of the hotel fee.\nAnswer yes or no:",
	"cmt#ProgramCommitteeMember;iasted#IASTED_non_member": "Classify if the following two concepts are the same.\n###First concept ProgramCommitteeMember:\nThe program committee chair is the parent of the program committee member who is the child of a conference member. The chair is the equivalent of chairman and associated chair.\n###Second concept IASTED_non_member:\niasted non member is child of delegate who is parent of sponsor.\nAnswer yes or no:",
	"cmt#ProgramCommitteeMember;iasted#IASTED_member": "Classify if the following two concepts are the same.\n###First concept ProgramCommitteeMember:\nThe program committee chair is the parent of the program committee member who is the child of a conference member. The chair is the equivalent of chairman and associated chair.\n###Second concept IASTED_member:\nThe iasted member is the child of the delegate who is the parent of the sponsor.\nAnswer yes or no:",
	"cmt#ProgramCommitteeMember;iasted#Student_registration_fee": "Classify if the following two concepts are the same.\n###First concept ProgramCommitteeMember:\nThe program committee chair is the parent of the program committee member who is the child of a conference member. The chair is the equivalent of chairman and associated chair.\n###Second concept Student_registration_fee:\nThe student registration fee is the child of the registration fee and the parent of the hotel fee.\nAnswer yes or no:",
	"cmt#AuthorNotReviewer;iasted#Author_cd_proceedings_included": "Classify if the following two concepts are the same.\n###First concept AuthorNotReviewer:\nThe author, who is not a reviewer, is the child of the author and the parent of the co author.\n###Second concept Author_cd_proceedings_included:\nThe author cd proceedings included is the child of the author who is the parent of the author book proceedings.\nAnswer yes or no:",
	"cmt#AuthorNotReviewer;iasted#Author": "Classify if the following two concepts are the same.\n###First concept AuthorNotReviewer:\nThe author, who is not a reviewer, is the child of the author and the parent of the co author.\n###Second concept Author:\nThe author is the parent of the author cd proceedings and the author book proceedings. The delegate is the parent of the delegate and the sponsor is the author of the plenary lecture speaker.\nAnswer yes or no:",
	"cmt#AuthorNotReviewer;iasted#Author_attendee_book_registration_fee": "Classify if the following two concepts are the same.\n###First concept AuthorNotReviewer:\nThe author, who is not a reviewer, is the child of the author and the parent of the co author.\n###Second concept Author_attendee_book_registration_fee:\nThe author attended book registration fee is for the child of the non-author registration fee.\nAnswer yes or no:",
	"cmt#AuthorNotReviewer;iasted#Author_information_form": "Classify if the following two concepts are the same.\n###First concept AuthorNotReviewer:\nThe author, who is not a reviewer, is the child of the author and the parent of the co author.\n###Second concept Author_information_form:\nThe author information form is a child of the registration form.\nAnswer yes or no:",
	"cmt#AuthorNotReviewer;iasted#Nonauthor_registration_fee": "Classify if the following two concepts are the same.\n###First concept AuthorNotReviewer:\nThe author, who is not a reviewer, is the child of the author and the parent of the co author.\n###Second concept Nonauthor_registration_fee:\nThe non-author registration fee is child of the registration fee and the parent of the author attended cd registration fee.\nAnswer yes or no:",
	"cmt#AuthorNotReviewer;iasted#Author_book_proceedings_included": "Classify if the following two concepts are the same.\n###First concept AuthorNotReviewer:\nThe author, who is not a reviewer, is the child of the author and the parent of the co author.\n###Second concept Author_book_proceedings_included:\nThe author is the child of the author who is the parent of the lecturer and the student lecturer.\nAnswer yes or no:",
	"cmt#AuthorNotReviewer;iasted#Author_attendee_cd_registration_fee": "Classify if the following two concepts are the same.\n###First concept AuthorNotReviewer:\nThe author, who is not a reviewer, is the child of the author and the parent of the co author.\n###Second concept Author_attendee_cd_registration_fee:\nThe author attended cd registration fee is child of the registration fee. The fee is also child of the money which is parented by the tax and the departure tax.\nAnswer yes or no:",
	"cmt#Chairman;iasted#Presenter_house": "Classify if the following two concepts are the same.\n###First concept Chairman:\nThe chair of the program committee is the child of the program committee member and the associated chair. The chairman is the parent of the user and the associated chair. The chair is also the child of the program committee member and the parent of the administrator.\n###Second concept Presenter_house:\nThe presenter house is a child of the building which is the parent of the session room.\nAnswer yes or no:",
	"cmt#Chairman;iasted#Delegate": "Classify if the following two concepts are the same.\n###First concept Chairman:\nThe chair of the program committee is the child of the program committee member and the associated chair. The chairman is the parent of the user and the associated chair. The chair is also the child of the program committee member and the parent of the administrator.\n###Second concept Delegate:\nThe delegate is a child of a sponsor and a non speaker. He is also a parent of a student and a non member of the technical committee. He is also the parent of a hotel presenter and a non member of the technical committee.\nAnswer yes or no:",
	"cmt#Chairman;iasted#Author": "Classify if the following two concepts are the same.\n###First concept Chairman:\nThe chair of the program committee is the child of the program committee member and the associated chair. The chairman is the parent of the user and the associated chair. The chair is also the child of the program committee member and the parent of the administrator.\n###Second concept Author:\nThe author is the parent of the author cd proceedings and the author book proceedings. The delegate is the parent of the delegate and the sponsor is the author of the plenary lecture speaker.\nAnswer yes or no:",
	"cmt#Chairman;iasted#Sponsor": "Classify if the following two concepts are the same.\n###First concept Chairman:\nThe chair of the program committee is the child of the program committee member and the associated chair. The chairman is the parent of the user and the associated chair. The chair is also the child of the program committee member and the parent of the administrator.\n###Second concept Sponsor:\nThe sponsor is the child of the delegate and the parent of the iasted non member.\nAnswer yes or no:",
	"cmt#Chairman;iasted#Conference_Hiker": "Classify if the following two concepts are the same.\n###First concept Chairman:\nThe chair of the program committee is the child of the program committee member and the associated chair. The chairman is the parent of the user and the associated chair. The chair is also the child of the program committee member and the parent of the administrator.\n###Second concept Conference_Hiker:\nThe delegate who is the parent of the hotel presenter is the child of the delegate who is a part of the conference hike.\nAnswer yes or no:",
	"cmt#Chairman;iasted#Sponsor_company_house": "Classify if the following two concepts are the same.\n###First concept Chairman:\nThe chair of the program committee is the child of the program committee member and the associated chair. The chairman is the parent of the user and the associated chair. The chair is also the child of the program committee member and the parent of the administrator.\n###Second concept Sponsor_company_house:\nThe sponsor company house is the child of the building which is the parent of the main office.\nAnswer yes or no:",
	"cmt#ProgramCommitteeChair;iasted#Brief_introduction_for_Session_chair": "Classify if the following two concepts are the same.\n###First concept ProgramCommitteeChair:\nThe program committee chair is the child of a program committee member and a conference member. The chair is the equivalent of chairman and associated chair.\n###Second concept Brief_introduction_for_Session_chair:\nThe brief introduction for session chair is child of document which is parent of record of attendance.\nAnswer yes or no:",
	"cmt#ProgramCommitteeChair;iasted#Session_chair": "Classify if the following two concepts are the same.\n###First concept ProgramCommitteeChair:\nThe program committee chair is the child of a program committee member and a conference member. The chair is the equivalent of chairman and associated chair.\n###Second concept Session_chair:\nThe delegate is the child of the delegate and the parent of the sponsor. The session chair is the child of the delegate.\nAnswer yes or no:",
	"cmt#Acceptance;iasted#Submission": "Classify if the following two concepts are the same.\n###First concept Acceptance:\nAcceptance is the child of the decision and rejection is the parent of the decision.\n###Second concept Submission:\nThe initial manuscript is submitted, the final manuscript is submitted and the child of the document.\nAnswer yes or no:",
	"cmt#Review;iasted#Reviewer": "Classify if the following two concepts are the same.\n###First concept Review:\nReview is a child of both paper and meta review. The paper abstract is also a child of review.\n###Second concept Reviewer:\nThe reviewer is the child of the speaker who is the parent of the plenary lecturer and the author.\nAnswer yes or no:",
	"cmt#Review;iasted#Review": "Classify if the following two concepts are the same.\n###First concept Review:\nReview is a child of both paper and meta review. The paper abstract is also a child of review.\n###Second concept Review:\nThe document review is child of the document which is parented by the card and the credit card.\nAnswer yes or no:",
	"cmt#Paper;iasted#Form": "Classify if the following two concepts are the same.\n###First concept Paper:\nThe paper is the parent of the paper full version and the paper abstract. It is also the parent of review and meta review.\n###Second concept Form:\nThe parent of the form is the author information form. The form is also the parent of the hotel registration form and the card.\nAnswer yes or no:",
	"cmt#Paper;iasted#Document": "Classify if the following two concepts are the same.\n###First concept Paper:\nThe paper is the parent of the paper full version and the paper abstract. It is also the parent of review and meta review.\n###Second concept Document:\nThe parent of the document is the publication of the book, the mailing list, the initial manuscript, the invitation letter and the record of attendance.\nAnswer yes or no:",
	"cmt#Paper;iasted#Activity": "Classify if the following two concepts are the same.\n###First concept Paper:\nThe paper is the parent of the paper full version and the paper abstract. It is also the parent of review and meta review.\n###Second concept Activity:\nThe parent of the conference activity is the rental of a coffee break. The activity after the conference is also the parent of the full day tour.\nAnswer yes or no:",
	"cmt#Paper;iasted#Presentation": "Classify if the following two concepts are the same.\n###First concept Paper:\nThe paper is the parent of the paper full version and the paper abstract. It is also the parent of review and meta review.\n###Second concept Presentation:\nPresentation is a child of conference activity, after conference and power point presentation.\nAnswer yes or no:",
	"cmt#Paper;iasted#Transparency": "Classify if the following two concepts are the same.\n###First concept Paper:\nThe paper is the parent of the paper full version and the paper abstract. It is also the parent of review and meta review.\n###Second concept Transparency:\nTransparency is a child of document which is parented by via.\nAnswer yes or no:",
	"cmt#Paper;iasted#Card": "Classify if the following two concepts are the same.\n###First concept Paper:\nThe paper is the parent of the paper full version and the paper abstract. It is also the parent of review and meta review.\n###Second concept Card:\nThe card is a child of the card and the credit card. It is also the parent of the invitation letter.\nAnswer yes or no:",
	"cmt#Paper;iasted#Money": "Classify if the following two concepts are the same.\n###First concept Paper:\nThe paper is the parent of the paper full version and the paper abstract. It is also the parent of review and meta review.\n###Second concept Money:\nThe parent of the money is the tax, the parent of the departure tax, the parent of the tip, the parent of the sponsorship, the parent of the fee and the parent of the fee for an extra trip.\nAnswer yes or no:",
	"cmt#Paper;iasted#Submission": "Classify if the following two concepts are the same.\n###First concept Paper:\nThe paper is the parent of the paper full version and the paper abstract. It is also the parent of review and meta review.\n###Second concept Submission:\nThe initial manuscript is submitted, the final manuscript is submitted and the child of the document.\nAnswer yes or no:",
	"cmt#Paper;iasted#Publication": "Classify if the following two concepts are the same.\n###First concept Paper:\nThe paper is the parent of the paper full version and the paper abstract. It is also the parent of review and meta review.\n###Second concept Publication:\nThe cd proceeding and the book proceeding are both published. The transport vehicle is the parent of the car and the transport vehicle is the child of the publication.\nAnswer yes or no:",
	"cmt#Paper;iasted#Computer": "Classify if the following two concepts are the same.\n###First concept Paper:\nThe paper is the parent of the paper full version and the paper abstract. It is also the parent of review and meta review.\n###Second concept Computer:\nThe computer is the child of the audiovisual equipment which is the parent of the overhead projector.\nAnswer yes or no:",
	"cmt#Author;iasted#Person": "Classify if the following two concepts are the same.\n###First concept Author:\nThe author is the child of a conference member, the associated chair, the co author and the user. The administrator is the parent of the user and not the reviewer.\n###Second concept Person:\nThe parent of the sponsor is the delegate, the speaker and the reviewer.\nAnswer yes or no:",
	"cmt#Author;iasted#Author_cd_proceedings_included": "Classify if the following two concepts are the same.\n###First concept Author:\nThe author is the child of a conference member, the associated chair, the co author and the user. The administrator is the parent of the user and not the reviewer.\n###Second concept Author_cd_proceedings_included:\nThe author cd proceedings included is the child of the author who is the parent of the author book proceedings.\nAnswer yes or no:",
	"cmt#Author;iasted#Author": "Classify if the following two concepts are the same.\n###First concept Author:\nThe author is the child of a conference member, the associated chair, the co author and the user. The administrator is the parent of the user and not the reviewer.\n###Second concept Author:\nThe author is the parent of the author cd proceedings and the author book proceedings. The delegate is the parent of the delegate and the sponsor is the author of the plenary lecture speaker.\nAnswer yes or no:",
	"cmt#Author;iasted#Introduction": "Classify if the following two concepts are the same.\n###First concept Author:\nThe author is the child of a conference member, the associated chair, the co author and the user. The administrator is the parent of the user and not the reviewer.\n###Second concept Introduction:\nThe introduction of a speaker is the parent of the conference activity which is the child of the introduction of a speaker.\nAnswer yes or no:",
	"cmt#Author;iasted#Author_information_form": "Classify if the following two concepts are the same.\n###First concept Author:\nThe author is the child of a conference member, the associated chair, the co author and the user. The administrator is the parent of the user and not the reviewer.\n###Second concept Author_information_form:\nThe author information form is a child of the registration form.\nAnswer yes or no:",
	"cmt#Author;iasted#Publication": "Classify if the following two concepts are the same.\n###First concept Author:\nThe author is the child of a conference member, the associated chair, the co author and the user. The administrator is the parent of the user and not the reviewer.\n###Second concept Publication:\nThe cd proceeding and the book proceeding are both published. The transport vehicle is the parent of the car and the transport vehicle is the child of the publication.\nAnswer yes or no:",
	"cmt#Author;iasted#Author_book_proceedings_included": "Classify if the following two concepts are the same.\n###First concept Author:\nThe author is the child of a conference member, the associated chair, the co author and the user. The administrator is the parent of the user and not the reviewer.\n###Second concept Author_book_proceedings_included:\nThe author is the child of the author who is the parent of the lecturer and the student lecturer.\nAnswer yes or no:",
	"cmt#User;iasted#Person": "Classify if the following two concepts are the same.\n###First concept User:\nThe administrator is the parent of the user who is the child of the program committee member and the conference member. The reviewer is the child of the conference member and the author is the parent of the author not the reviewer.\n###Second concept Person:\nThe parent of the sponsor is the delegate, the speaker and the reviewer.\nAnswer yes or no:",
	"cmt#User;iasted#Author": "Classify if the following two concepts are the same.\n###First concept User:\nThe administrator is the parent of the user who is the child of the program committee member and the conference member. The reviewer is the child of the conference member and the author is the parent of the author not the reviewer.\n###Second concept Author:\nThe author is the parent of the author cd proceedings and the author book proceedings. The delegate is the parent of the delegate and the sponsor is the author of the plenary lecture speaker.\nAnswer yes or no:",
	"cmt#User;iasted#Item": "Classify if the following two concepts are the same.\n###First concept User:\nThe administrator is the parent of the user who is the child of the program committee member and the conference member. The reviewer is the child of the conference member and the author is the parent of the author not the reviewer.\n###Second concept Item:\nThe parent of the audiovisual equipment is the overhead projector. It is also the parent of the transport vehicle and the van. It is also the parent of the publication of book proceeding.\nAnswer yes or no:",
	"cmt#User;iasted#Computer": "Classify if the following two concepts are the same.\n###First concept User:\nThe administrator is the parent of the user who is the child of the program committee member and the conference member. The reviewer is the child of the conference member and the author is the parent of the author not the reviewer.\n###Second concept Computer:\nThe computer is the child of the audiovisual equipment which is the parent of the overhead projector.\nAnswer yes or no:",
	"cmt#Co-author;iasted#Person": "Classify if the following two concepts are the same.\n###First concept Co-author:\nThe co author is the child of the author who is not a reviewer.\n###Second concept Person:\nThe parent of the sponsor is the delegate, the speaker and the reviewer.\nAnswer yes or no:",
	"cmt#Co-author;iasted#Author_cd_proceedings_included": "Classify if the following two concepts are the same.\n###First concept Co-author:\nThe co author is the child of the author who is not a reviewer.\n###Second concept Author_cd_proceedings_included:\nThe author cd proceedings included is the child of the author who is the parent of the author book proceedings.\nAnswer yes or no:",
	"cmt#Co-author;iasted#Author": "Classify if the following two concepts are the same.\n###First concept Co-author:\nThe co author is the child of the author who is not a reviewer.\n###Second concept Author:\nThe author is the parent of the author cd proceedings and the author book proceedings. The delegate is the parent of the delegate and the sponsor is the author of the plenary lecture speaker.\nAnswer yes or no:",
	"cmt#Co-author;iasted#Author_information_form": "Classify if the following two concepts are the same.\n###First concept Co-author:\nThe co author is the child of the author who is not a reviewer.\n###Second concept Author_information_form:\nThe author information form is a child of the registration form.\nAnswer yes or no:",
	"cmt#Co-author;iasted#IASTED_non_member": "Classify if the following two concepts are the same.\n###First concept Co-author:\nThe co author is the child of the author who is not a reviewer.\n###Second concept IASTED_non_member:\niasted non member is child of delegate who is parent of sponsor.\nAnswer yes or no:",
	"cmt#Co-author;iasted#Publication": "Classify if the following two concepts are the same.\n###First concept Co-author:\nThe co author is the child of the author who is not a reviewer.\n###Second concept Publication:\nThe cd proceeding and the book proceeding are both published. The transport vehicle is the parent of the car and the transport vehicle is the child of the publication.\nAnswer yes or no:",
	"cmt#Co-author;iasted#Conference_Hiker": "Classify if the following two concepts are the same.\n###First concept Co-author:\nThe co author is the child of the author who is not a reviewer.\n###Second concept Conference_Hiker:\nThe delegate who is the parent of the hotel presenter is the child of the delegate who is a part of the conference hike.\nAnswer yes or no:",
	"cmt#Co-author;iasted#Author_book_proceedings_included": "Classify if the following two concepts are the same.\n###First concept Co-author:\nThe co author is the child of the author who is not a reviewer.\n###Second concept Author_book_proceedings_included:\nThe author is the child of the author who is the parent of the lecturer and the student lecturer.\nAnswer yes or no:",
	"cmt#Co-author;iasted#Author_attendee_cd_registration_fee": "Classify if the following two concepts are the same.\n###First concept Co-author:\nThe co author is the child of the author who is not a reviewer.\n###Second concept Author_attendee_cd_registration_fee:\nThe author attended cd registration fee is child of the registration fee. The fee is also child of the money which is parented by the tax and the departure tax.\nAnswer yes or no:",
	"cmt#PaperAbstract;iasted#Document": "Classify if the following two concepts are the same.\n###First concept PaperAbstract:\nThe paper abstract is a child of paper and a document.\n###Second concept Document:\nThe parent of the document is the publication of the book, the mailing list, the initial manuscript, the invitation letter and the record of attendance.\nAnswer yes or no:",
	"cmt#PaperAbstract;iasted#Publication": "Classify if the following two concepts are the same.\n###First concept PaperAbstract:\nThe paper abstract is a child of paper and a document.\n###Second concept Publication:\nThe cd proceeding and the book proceeding are both published. The transport vehicle is the parent of the car and the transport vehicle is the child of the publication.\nAnswer yes or no:",
	"cmt#PaperFullVersion;iasted#Document": "Classify if the following two concepts are the same.\n###First concept PaperFullVersion:\nThe full version of paper is a child of the document which is the parent of the review.\n###Second concept Document:\nThe parent of the document is the publication of the book, the mailing list, the initial manuscript, the invitation letter and the record of attendance.\nAnswer yes or no:",
	"cmt#PaperFullVersion;iasted#Publication": "Classify if the following two concepts are the same.\n###First concept PaperFullVersion:\nThe full version of paper is a child of the document which is the parent of the review.\n###Second concept Publication:\nThe cd proceeding and the book proceeding are both published. The transport vehicle is the parent of the car and the transport vehicle is the child of the publication.\nAnswer yes or no:",
	"cmt#Administrator;iasted#Delegate": "Classify if the following two concepts are the same.\n###First concept Administrator:\nThe administrator is the child of the user and the parent of the chairman. The chairman is the equivalent of the chair of the program committee.\n###Second concept Delegate:\nThe delegate is a child of a sponsor and a non speaker. He is also a parent of a student and a non member of the technical committee. He is also the parent of a hotel presenter and a non member of the technical committee.\nAnswer yes or no:",
	"cmt#Administrator;iasted#Computer": "Classify if the following two concepts are the same.\n###First concept Administrator:\nThe administrator is the child of the user and the parent of the chairman. The chairman is the equivalent of the chair of the program committee.\n###Second concept Computer:\nThe computer is the child of the audiovisual equipment which is the parent of the overhead projector.\nAnswer yes or no:"
}