{
	"cmt#Meta-Reviewer;edas#TextualReviewQuestion": "Classify if the following two concepts are the same.\n###First concept Meta-Reviewer:\nThe meta reviewer is the child of the reviewer and the conference member. The associated chair is the parent of the conference member.\n###Second concept TextualReviewQuestion:\nThe textual review question is the child of the review question and the numerical review question.\nAnswer yes or no:",
	"cmt#Meta-Reviewer;edas#CallForReviews": "Classify if the following two concepts are the same.\n###First concept Meta-Reviewer:\nThe meta reviewer is the child of the reviewer and the conference member. The associated chair is the parent of the conference member.\n###Second concept CallForReviews:\nThe call for reviews is the child of the call for papers.\nAnswer yes or no:",
	"cmt#Meta-Reviewer;edas#PersonalReviewHistory": "Classify if the following two concepts are the same.\n###First concept Meta-Reviewer:\nThe meta reviewer is the child of the reviewer and the conference member. The associated chair is the parent of the conference member.\n###Second concept PersonalReviewHistory:\nThe personal review history is the child of the personal history and the parent of the personal publication history.\nAnswer yes or no:",
	"cmt#Reviewer;edas#Review": "Classify if the following two concepts are the same.\n###First concept Reviewer:\nThe reviewer is the child of a conference member and a co author. The reviewer is also a child of a program committee member and a meta reviewer. The chair of the conference is the equivalent of the chairman and the reviewer is a child of a program committee member.\n###Second concept Review:\nThe document review is the child of the document meal menu.\nAnswer yes or no:",
	"cmt#Reviewer;edas#ReviewRating": "Classify if the following two concepts are the same.\n###First concept Reviewer:\nThe reviewer is the child of a conference member and a co author. The reviewer is also a child of a program committee member and a meta reviewer. The chair of the conference is the equivalent of the chairman and the reviewer is a child of a program committee member.\n###Second concept ReviewRating:\nReview rating is the parent of accept if room rating and week reject rating.\nAnswer yes or no:",
	"cmt#Reviewer;edas#ReviewQuestion": "Classify if the following two concepts are the same.\n###First concept Reviewer:\nThe reviewer is the child of a conference member and a co author. The reviewer is also a child of a program committee member and a meta reviewer. The chair of the conference is the equivalent of the chairman and the reviewer is a child of a program committee member.\n###Second concept ReviewQuestion:\nThe review question is the parent of the numerical review question and the textual review question.\nAnswer yes or no:",
	"cmt#Reviewer;edas#AcceptRating": "Classify if the following two concepts are the same.\n###First concept Reviewer:\nThe reviewer is the child of a conference member and a co author. The reviewer is also a child of a program committee member and a meta reviewer. The chair of the conference is the equivalent of the chairman and the reviewer is a child of a program committee member.\n###Second concept AcceptRating:\nThe accept rating is a child of the review rating which is equivalent to the reject rating.\nAnswer yes or no:",
	"cmt#Reviewer;edas#RejectRating": "Classify if the following two concepts are the same.\n###First concept Reviewer:\nThe reviewer is the child of a conference member and a co author. The reviewer is also a child of a program committee member and a meta reviewer. The chair of the conference is the equivalent of the chairman and the reviewer is a child of a program committee member.\n###Second concept RejectRating:\nThe parent of the reject rating is the review rating which is the parent of the accept if room rating.\nAnswer yes or no:",
	"cmt#Reviewer;edas#Reviewer": "Classify if the following two concepts are the same.\n###First concept Reviewer:\nThe reviewer is the child of a conference member and a co author. The reviewer is also a child of a program committee member and a meta reviewer. The chair of the conference is the equivalent of the chairman and the reviewer is a child of a program committee member.\n###Second concept Reviewer:\nThe person who reviews is equivalent to the author.\nAnswer yes or no:",
	"cmt#Reviewer;edas#RatedPapers": "Classify if the following two concepts are the same.\n###First concept Reviewer:\nThe reviewer is the child of a conference member and a co author. The reviewer is also a child of a program committee member and a meta reviewer. The chair of the conference is the equivalent of the chairman and the reviewer is a child of a program committee member.\n###Second concept RatedPapers:\nrated papers are children of active paper which is also a child of paper.\nAnswer yes or no:",
	"cmt#Decision;edas#Review": "Classify if the following two concepts are the same.\n###First concept Decision:\nThe decision of acceptance is the parent of rejection.\n###Second concept Review:\nThe document review is the child of the document meal menu.\nAnswer yes or no:",
	"cmt#Decision;edas#Call": "Classify if the following two concepts are the same.\n###First concept Decision:\nThe decision of acceptance is the parent of rejection.\n###Second concept Call:\nThe call for papers is the parent of the call for manuscripts and the call for reviews.\nAnswer yes or no:",
	"cmt#Decision;edas#Reviewer": "Classify if the following two concepts are the same.\n###First concept Decision:\nThe decision of acceptance is the parent of rejection.\n###Second concept Reviewer:\nThe person who reviews is equivalent to the author.\nAnswer yes or no:",
	"cmt#Person;edas#Person": "Classify if the following two concepts are the same.\n###First concept Person:\nThe program committee chair is the child of the program committee member, the conference member and the external reviewer. The chairman is the parent of the program committee chair and the administrator is the parent of the user and the administrator is the parent of the administrator.\n###Second concept Person:\nThe parent of the presenter and the tpc member is the parent of the conference chair and the presenter. The author is the parent of the reviewer and the tpc member is the parent of the attendee.\nAnswer yes or no:",
	"cmt#Person;edas#Author": "Classify if the following two concepts are the same.\n###First concept Person:\nThe program committee chair is the child of the program committee member, the conference member and the external reviewer. The chairman is the parent of the program committee chair and the administrator is the parent of the user and the administrator is the parent of the administrator.\n###Second concept Author:\nThe author is the parent of the presenter and the chair of the session.\nAnswer yes or no:",
	"cmt#Person;edas#Presenter": "Classify if the following two concepts are the same.\n###First concept Person:\nThe program committee chair is the child of the program committee member, the conference member and the external reviewer. The chairman is the parent of the program committee chair and the administrator is the parent of the user and the administrator is the parent of the administrator.\n###Second concept Presenter:\nThe presenter is a child of the author who is the parent of a tpc member.\nAnswer yes or no:",
	"cmt#Document;edas#Paper": "Classify if the following two concepts are the same.\n###First concept Document:\nThe document is the parent of both paper and the full version of paper. The document is also the parent of review and meta review.\n###Second concept Paper:\nPaper is a child of document, which is the parent of pending paper, published paper, rated paper and rejected paper.\nAnswer yes or no:",
	"cmt#Document;edas#Document": "Classify if the following two concepts are the same.\n###First concept Document:\nThe document is the parent of both paper and the full version of paper. The document is also the parent of review and meta review.\n###Second concept Document:\nThe document is the parent of the slide set, the meal menu, and the program. The accepted paper is also the parent of the document.\nAnswer yes or no:",
	"cmt#Document;edas#PendingPaper": "Classify if the following two concepts are the same.\n###First concept Document:\nThe document is the parent of both paper and the full version of paper. The document is also the parent of review and meta review.\n###Second concept PendingPaper:\npending paper is a child of paper which is parented by rejected paper.\nAnswer yes or no:",
	"cmt#Document;edas#WithdrawnPaper": "Classify if the following two concepts are the same.\n###First concept Document:\nThe document is the parent of both paper and the full version of paper. The document is also the parent of review and meta review.\n###Second concept WithdrawnPaper:\nwithdrawn paper is a child of paper which is the parent of a programme.\nAnswer yes or no:",
	"cmt#Document;edas#RejectedPaper": "Classify if the following two concepts are the same.\n###First concept Document:\nThe document is the parent of both paper and the full version of paper. The document is also the parent of review and meta review.\n###Second concept RejectedPaper:\nThe rejected paper is a child of paper and a document.\nAnswer yes or no:",
	"cmt#Document;edas#AcceptedPaper": "Classify if the following two concepts are the same.\n###First concept Document:\nThe document is the parent of both paper and the full version of paper. The document is also the parent of review and meta review.\n###Second concept AcceptedPaper:\nAccepted paper is a child of paper and is the parent of a slide set.\nAnswer yes or no:",
	"cmt#Document;edas#PublishedPaper": "Classify if the following two concepts are the same.\n###First concept Document:\nThe document is the parent of both paper and the full version of paper. The document is also the parent of review and meta review.\n###Second concept PublishedPaper:\nThe published paper is the child of the document which is the parent of the meal menu.\nAnswer yes or no:",
	"cmt#Document;edas#PaperPresentation": "Classify if the following two concepts are the same.\n###First concept Document:\nThe document is the parent of both paper and the full version of paper. The document is also the parent of review and meta review.\n###Second concept PaperPresentation:\nThe paper presentation is a child of an academic event which is parented by an organizational meeting.\nAnswer yes or no:",
	"cmt#Conference;edas#ConferenceEvent": "Classify if the following two concepts are the same.\n###First concept Conference:\nThe conference is child of Thing.\n###Second concept ConferenceEvent:\nThe conference event is the parent of both the academic event and the welcome talk. The social event is also the parent of the conference event.\nAnswer yes or no:",
	"cmt#Conference;edas#Organization": "Classify if the following two concepts are the same.\n###First concept Conference:\nThe conference is child of Thing.\n###Second concept Organization:\nThe parent organization of the industry organization is the ngo, the government organization is the government organization and the academia organization is also parented by the ngo.\nAnswer yes or no:",
	"cmt#Conference;edas#Conference": "Classify if the following two concepts are the same.\n###First concept Conference:\nThe conference is child of Thing.\n###Second concept Conference:\nThe conference is the child of Thing and is equivalent to a two level conference and a single level conference.\nAnswer yes or no:",
	"cmt#Conference;edas#Sponsorship": "Classify if the following two concepts are the same.\n###First concept Conference:\nThe conference is child of Thing.\n###Second concept Sponsorship:\nThe parent company of sponsorship is the travel grant.\nAnswer yes or no:",
	"cmt#Conference;edas#ConferenceChair": "Classify if the following two concepts are the same.\n###First concept Conference:\nThe conference is child of Thing.\n###Second concept ConferenceChair:\nThe conference chair is the child of the person who attended the conference.\nAnswer yes or no:",
	"cmt#Conference;edas#Attendee": "Classify if the following two concepts are the same.\n###First concept Conference:\nThe conference is child of Thing.\n###Second concept Attendee:\nThe child of the session chair is the child of the person who attended.\nAnswer yes or no:",
	"cmt#Conference;edas#Workshop": "Classify if the following two concepts are the same.\n###First concept Conference:\nThe conference is child of Thing.\n###Second concept Workshop:\nThe workshop is the child of an academic event which is the parent of an organizational meeting.\nAnswer yes or no:",
	"cmt#Conference;edas#ConferenceVenuePlace": "Classify if the following two concepts are the same.\n###First concept Conference:\nThe conference is child of Thing.\n###Second concept ConferenceVenuePlace:\nThe conference venue is the parent of the dining place.\nAnswer yes or no:",
	"cmt#Conference;edas#ConferenceDinner": "Classify if the following two concepts are the same.\n###First concept Conference:\nThe conference is child of Thing.\n###Second concept ConferenceDinner:\nThe conference dinner is a non-academic event.\nAnswer yes or no:",
	"cmt#ConferenceChair;edas#ConferenceEvent": "Classify if the following two concepts are the same.\n###First concept ConferenceChair:\nThe conference chair is the equivalent of the chairman and the parent of the conference member is the reviewer. The administrator is the parent of the conference member and the conference chair is the child of the conference member.\n###Second concept ConferenceEvent:\nThe conference event is the parent of both the academic event and the welcome talk. The social event is also the parent of the conference event.\nAnswer yes or no:",
	"cmt#ConferenceChair;edas#Conference": "Classify if the following two concepts are the same.\n###First concept ConferenceChair:\nThe conference chair is the equivalent of the chairman and the parent of the conference member is the reviewer. The administrator is the parent of the conference member and the conference chair is the child of the conference member.\n###Second concept Conference:\nThe conference is the child of Thing and is equivalent to a two level conference and a single level conference.\nAnswer yes or no:",
	"cmt#ConferenceChair;edas#ConferenceChair": "Classify if the following two concepts are the same.\n###First concept ConferenceChair:\nThe conference chair is the equivalent of the chairman and the parent of the conference member is the reviewer. The administrator is the parent of the conference member and the conference chair is the child of the conference member.\n###Second concept ConferenceChair:\nThe conference chair is the child of the person who attended the conference.\nAnswer yes or no:",
	"cmt#ConferenceChair;edas#ComputerNetworksEnterpriseTopic": "Classify if the following two concepts are the same.\n###First concept ConferenceChair:\nThe conference chair is the equivalent of the chairman and the parent of the conference member is the reviewer. The administrator is the parent of the conference member and the conference chair is the child of the conference member.\n###Second concept ComputerNetworksEnterpriseTopic:\nThe computer networks (enterprise) topic is the child of the computer networks topic and the parent of the computer networks (optical) topic.\nAnswer yes or no:",
	"cmt#ConferenceChair;edas#SessionChair": "Classify if the following two concepts are the same.\n###First concept ConferenceChair:\nThe conference chair is the equivalent of the chairman and the parent of the conference member is the reviewer. The administrator is the parent of the conference member and the conference chair is the child of the conference member.\n###Second concept SessionChair:\nThe session chair is child of the parent of the tpc member.\nAnswer yes or no:",
	"cmt#ConferenceChair;edas#Workshop": "Classify if the following two concepts are the same.\n###First concept ConferenceChair:\nThe conference chair is the equivalent of the chairman and the parent of the conference member is the reviewer. The administrator is the parent of the conference member and the conference chair is the child of the conference member.\n###Second concept Workshop:\nThe workshop is the child of an academic event which is the parent of an organizational meeting.\nAnswer yes or no:",
	"cmt#ConferenceChair;edas#ConferenceVenuePlace": "Classify if the following two concepts are the same.\n###First concept ConferenceChair:\nThe conference chair is the equivalent of the chairman and the parent of the conference member is the reviewer. The administrator is the parent of the conference member and the conference chair is the child of the conference member.\n###Second concept ConferenceVenuePlace:\nThe conference venue is the parent of the dining place.\nAnswer yes or no:",
	"cmt#ConferenceChair;edas#ConferenceDinner": "Classify if the following two concepts are the same.\n###First concept ConferenceChair:\nThe conference chair is the equivalent of the chairman and the parent of the conference member is the reviewer. The administrator is the parent of the conference member and the conference chair is the child of the conference member.\n###Second concept ConferenceDinner:\nThe conference dinner is a non-academic event.\nAnswer yes or no:",
	"cmt#ConferenceMember;edas#ConferenceEvent": "Classify if the following two concepts are the same.\n###First concept ConferenceMember:\nThe parent of a conference member is the parent of an external reviewer and a program committee member. The associated chair is the equivalent of the chairman and the conference chair. The reviewer is the parent of the meta reviewer and the author is the parent of the external reviewer.\n###Second concept ConferenceEvent:\nThe conference event is the parent of both the academic event and the welcome talk. The social event is also the parent of the conference event.\nAnswer yes or no:",
	"cmt#ConferenceMember;edas#Organization": "Classify if the following two concepts are the same.\n###First concept ConferenceMember:\nThe parent of a conference member is the parent of an external reviewer and a program committee member. The associated chair is the equivalent of the chairman and the conference chair. The reviewer is the parent of the meta reviewer and the author is the parent of the external reviewer.\n###Second concept Organization:\nThe parent organization of the industry organization is the ngo, the government organization is the government organization and the academia organization is also parented by the ngo.\nAnswer yes or no:",
	"cmt#ConferenceMember;edas#Conference": "Classify if the following two concepts are the same.\n###First concept ConferenceMember:\nThe parent of a conference member is the parent of an external reviewer and a program committee member. The associated chair is the equivalent of the chairman and the conference chair. The reviewer is the parent of the meta reviewer and the author is the parent of the external reviewer.\n###Second concept Conference:\nThe conference is the child of Thing and is equivalent to a two level conference and a single level conference.\nAnswer yes or no:",
	"cmt#ConferenceMember;edas#ConferenceChair": "Classify if the following two concepts are the same.\n###First concept ConferenceMember:\nThe parent of a conference member is the parent of an external reviewer and a program committee member. The associated chair is the equivalent of the chairman and the conference chair. The reviewer is the parent of the meta reviewer and the author is the parent of the external reviewer.\n###Second concept ConferenceChair:\nThe conference chair is the child of the person who attended the conference.\nAnswer yes or no:",
	"cmt#ConferenceMember;edas#Presenter": "Classify if the following two concepts are the same.\n###First concept ConferenceMember:\nThe parent of a conference member is the parent of an external reviewer and a program committee member. The associated chair is the equivalent of the chairman and the conference chair. The reviewer is the parent of the meta reviewer and the author is the parent of the external reviewer.\n###Second concept Presenter:\nThe presenter is a child of the author who is the parent of a tpc member.\nAnswer yes or no:",
	"cmt#ConferenceMember;edas#Attendee": "Classify if the following two concepts are the same.\n###First concept ConferenceMember:\nThe parent of a conference member is the parent of an external reviewer and a program committee member. The associated chair is the equivalent of the chairman and the conference chair. The reviewer is the parent of the meta reviewer and the author is the parent of the external reviewer.\n###Second concept Attendee:\nThe child of the session chair is the child of the person who attended.\nAnswer yes or no:",
	"cmt#ConferenceMember;edas#TPCMember": "Classify if the following two concepts are the same.\n###First concept ConferenceMember:\nThe parent of a conference member is the parent of an external reviewer and a program committee member. The associated chair is the equivalent of the chairman and the conference chair. The reviewer is the parent of the meta reviewer and the author is the parent of the external reviewer.\n###Second concept TPCMember:\nThe tpc member is the child of the conference chair and the parent of the conference chair.\nAnswer yes or no:",
	"cmt#ConferenceMember;edas#Workshop": "Classify if the following two concepts are the same.\n###First concept ConferenceMember:\nThe parent of a conference member is the parent of an external reviewer and a program committee member. The associated chair is the equivalent of the chairman and the conference chair. The reviewer is the parent of the meta reviewer and the author is the parent of the external reviewer.\n###Second concept Workshop:\nThe workshop is the child of an academic event which is the parent of an organizational meeting.\nAnswer yes or no:",
	"cmt#ConferenceMember;edas#ConferenceVenuePlace": "Classify if the following two concepts are the same.\n###First concept ConferenceMember:\nThe parent of a conference member is the parent of an external reviewer and a program committee member. The associated chair is the equivalent of the chairman and the conference chair. The reviewer is the parent of the meta reviewer and the author is the parent of the external reviewer.\n###Second concept ConferenceVenuePlace:\nThe conference venue is the parent of the dining place.\nAnswer yes or no:",
	"cmt#ConferenceMember;edas#ConferenceDinner": "Classify if the following two concepts are the same.\n###First concept ConferenceMember:\nThe parent of a conference member is the parent of an external reviewer and a program committee member. The associated chair is the equivalent of the chairman and the conference chair. The reviewer is the parent of the meta reviewer and the author is the parent of the external reviewer.\n###Second concept ConferenceDinner:\nThe conference dinner is a non-academic event.\nAnswer yes or no:",
	"cmt#AssociatedChair;edas#Organization": "Classify if the following two concepts are the same.\n###First concept AssociatedChair:\nThe associated chair is the child of a conference member and the parent of an external reviewer. The chair is equivalent to the chairman and the conference chair.\n###Second concept Organization:\nThe parent organization of the industry organization is the ngo, the government organization is the government organization and the academia organization is also parented by the ngo.\nAnswer yes or no:",
	"cmt#AssociatedChair;edas#ConferenceChair": "Classify if the following two concepts are the same.\n###First concept AssociatedChair:\nThe associated chair is the child of a conference member and the parent of an external reviewer. The chair is equivalent to the chairman and the conference chair.\n###Second concept ConferenceChair:\nThe conference chair is the child of the person who attended the conference.\nAnswer yes or no:",
	"cmt#AssociatedChair;edas#SessionChair": "Classify if the following two concepts are the same.\n###First concept AssociatedChair:\nThe associated chair is the child of a conference member and the parent of an external reviewer. The chair is equivalent to the chairman and the conference chair.\n###Second concept SessionChair:\nThe session chair is child of the parent of the tpc member.\nAnswer yes or no:",
	"cmt#AssociatedChair;edas#TPCMember": "Classify if the following two concepts are the same.\n###First concept AssociatedChair:\nThe associated chair is the child of a conference member and the parent of an external reviewer. The chair is equivalent to the chairman and the conference chair.\n###Second concept TPCMember:\nThe tpc member is the child of the conference chair and the parent of the conference chair.\nAnswer yes or no:",
	"cmt#ProgramCommitteeMember;edas#TPCMember": "Classify if the following two concepts are the same.\n###First concept ProgramCommitteeMember:\nThe program committee chair is the parent of the program committee member who is the child of a conference member. The chair is the equivalent of chairman and associated chair.\n###Second concept TPCMember:\nThe tpc member is the child of the conference chair and the parent of the conference chair.\nAnswer yes or no:",
	"cmt#AuthorNotReviewer;edas#Author": "Classify if the following two concepts are the same.\n###First concept AuthorNotReviewer:\nThe author, who is not a reviewer, is the child of the author and the parent of the co author.\n###Second concept Author:\nThe author is the parent of the presenter and the chair of the session.\nAnswer yes or no:",
	"cmt#AuthorNotReviewer;edas#TextualReviewQuestion": "Classify if the following two concepts are the same.\n###First concept AuthorNotReviewer:\nThe author, who is not a reviewer, is the child of the author and the parent of the co author.\n###Second concept TextualReviewQuestion:\nThe textual review question is the child of the review question and the numerical review question.\nAnswer yes or no:",
	"cmt#AuthorNotReviewer;edas#CallForReviews": "Classify if the following two concepts are the same.\n###First concept AuthorNotReviewer:\nThe author, who is not a reviewer, is the child of the author and the parent of the co author.\n###Second concept CallForReviews:\nThe call for reviews is the child of the call for papers.\nAnswer yes or no:",
	"cmt#AuthorNotReviewer;edas#PersonalReviewHistory": "Classify if the following two concepts are the same.\n###First concept AuthorNotReviewer:\nThe author, who is not a reviewer, is the child of the author and the parent of the co author.\n###Second concept PersonalReviewHistory:\nThe personal review history is the child of the personal history and the parent of the personal publication history.\nAnswer yes or no:",
	"cmt#ExternalReviewer;edas#TextualReviewQuestion": "Classify if the following two concepts are the same.\n###First concept ExternalReviewer:\nThe external reviewer is the child of the conference member and the parent of the conference member.\n###Second concept TextualReviewQuestion:\nThe textual review question is the child of the review question and the numerical review question.\nAnswer yes or no:",
	"cmt#ExternalReviewer;edas#CallForReviews": "Classify if the following two concepts are the same.\n###First concept ExternalReviewer:\nThe external reviewer is the child of the conference member and the parent of the conference member.\n###Second concept CallForReviews:\nThe call for reviews is the child of the call for papers.\nAnswer yes or no:",
	"cmt#ExternalReviewer;edas#PersonalReviewHistory": "Classify if the following two concepts are the same.\n###First concept ExternalReviewer:\nThe external reviewer is the child of the conference member and the parent of the conference member.\n###Second concept PersonalReviewHistory:\nThe personal review history is the child of the personal history and the parent of the personal publication history.\nAnswer yes or no:",
	"cmt#Chairman;edas#Organization": "Classify if the following two concepts are the same.\n###First concept Chairman:\nThe chair of the program committee is the child of the program committee member and the associated chair. The chairman is the parent of the user and the associated chair. The chair is also the child of the program committee member and the parent of the administrator.\n###Second concept Organization:\nThe parent organization of the industry organization is the ngo, the government organization is the government organization and the academia organization is also parented by the ngo.\nAnswer yes or no:",
	"cmt#Chairman;edas#Sponsorship": "Classify if the following two concepts are the same.\n###First concept Chairman:\nThe chair of the program committee is the child of the program committee member and the associated chair. The chairman is the parent of the user and the associated chair. The chair is also the child of the program committee member and the parent of the administrator.\n###Second concept Sponsorship:\nThe parent company of sponsorship is the travel grant.\nAnswer yes or no:",
	"cmt#Chairman;edas#Author": "Classify if the following two concepts are the same.\n###First concept Chairman:\nThe chair of the program committee is the child of the program committee member and the associated chair. The chairman is the parent of the user and the associated chair. The chair is also the child of the program committee member and the parent of the administrator.\n###Second concept Author:\nThe author is the parent of the presenter and the chair of the session.\nAnswer yes or no:",
	"cmt#Chairman;edas#Presenter": "Classify if the following two concepts are the same.\n###First concept Chairman:\nThe chair of the program committee is the child of the program committee member and the associated chair. The chairman is the parent of the user and the associated chair. The chair is also the child of the program committee member and the parent of the administrator.\n###Second concept Presenter:\nThe presenter is a child of the author who is the parent of a tpc member.\nAnswer yes or no:",
	"cmt#ProgramCommitteeChair;edas#ConferenceChair": "Classify if the following two concepts are the same.\n###First concept ProgramCommitteeChair:\nThe program committee chair is the child of a program committee member and a conference member. The chair is the equivalent of chairman and associated chair.\n###Second concept ConferenceChair:\nThe conference chair is the child of the person who attended the conference.\nAnswer yes or no:",
	"cmt#ProgramCommitteeChair;edas#SessionChair": "Classify if the following two concepts are the same.\n###First concept ProgramCommitteeChair:\nThe program committee chair is the child of a program committee member and a conference member. The chair is the equivalent of chairman and associated chair.\n###Second concept SessionChair:\nThe session chair is child of the parent of the tpc member.\nAnswer yes or no:",
	"cmt#Acceptance;edas#AcceptRating": "Classify if the following two concepts are the same.\n###First concept Acceptance:\nAcceptance is the child of the decision and rejection is the parent of the decision.\n###Second concept AcceptRating:\nThe accept rating is a child of the review rating which is equivalent to the reject rating.\nAnswer yes or no:",
	"cmt#Acceptance;edas#RejectRating": "Classify if the following two concepts are the same.\n###First concept Acceptance:\nAcceptance is the child of the decision and rejection is the parent of the decision.\n###Second concept RejectRating:\nThe parent of the reject rating is the review rating which is the parent of the accept if room rating.\nAnswer yes or no:",
	"cmt#Acceptance;edas#AcceptedPaper": "Classify if the following two concepts are the same.\n###First concept Acceptance:\nAcceptance is the child of the decision and rejection is the parent of the decision.\n###Second concept AcceptedPaper:\nAccepted paper is a child of paper and is the parent of a slide set.\nAnswer yes or no:",
	"cmt#Rejection;edas#RejectRating": "Classify if the following two concepts are the same.\n###First concept Rejection:\nThe rejection is the child of the decision which is the parent of the acceptance.\n###Second concept RejectRating:\nThe parent of the reject rating is the review rating which is the parent of the accept if room rating.\nAnswer yes or no:",
	"cmt#Rejection;edas#RejectedPaper": "Classify if the following two concepts are the same.\n###First concept Rejection:\nThe rejection is the child of the decision which is the parent of the acceptance.\n###Second concept RejectedPaper:\nThe rejected paper is a child of paper and a document.\nAnswer yes or no:",
	"cmt#Review;edas#Review": "Classify if the following two concepts are the same.\n###First concept Review:\nReview is a child of both paper and meta review. The paper abstract is also a child of review.\n###Second concept Review:\nThe document review is the child of the document meal menu.\nAnswer yes or no:",
	"cmt#Review;edas#ReviewRating": "Classify if the following two concepts are the same.\n###First concept Review:\nReview is a child of both paper and meta review. The paper abstract is also a child of review.\n###Second concept ReviewRating:\nReview rating is the parent of accept if room rating and week reject rating.\nAnswer yes or no:",
	"cmt#Review;edas#ReviewQuestion": "Classify if the following two concepts are the same.\n###First concept Review:\nReview is a child of both paper and meta review. The paper abstract is also a child of review.\n###Second concept ReviewQuestion:\nThe review question is the parent of the numerical review question and the textual review question.\nAnswer yes or no:",
	"cmt#Review;edas#AcceptRating": "Classify if the following two concepts are the same.\n###First concept Review:\nReview is a child of both paper and meta review. The paper abstract is also a child of review.\n###Second concept AcceptRating:\nThe accept rating is a child of the review rating which is equivalent to the reject rating.\nAnswer yes or no:",
	"cmt#Review;edas#RejectRating": "Classify if the following two concepts are the same.\n###First concept Review:\nReview is a child of both paper and meta review. The paper abstract is also a child of review.\n###Second concept RejectRating:\nThe parent of the reject rating is the review rating which is the parent of the accept if room rating.\nAnswer yes or no:",
	"cmt#Review;edas#Reviewer": "Classify if the following two concepts are the same.\n###First concept Review:\nReview is a child of both paper and meta review. The paper abstract is also a child of review.\n###Second concept Reviewer:\nThe person who reviews is equivalent to the author.\nAnswer yes or no:",
	"cmt#Review;edas#RatedPapers": "Classify if the following two concepts are the same.\n###First concept Review:\nReview is a child of both paper and meta review. The paper abstract is also a child of review.\n###Second concept RatedPapers:\nrated papers are children of active paper which is also a child of paper.\nAnswer yes or no:",
	"cmt#Paper;edas#Paper": "Classify if the following two concepts are the same.\n###First concept Paper:\nThe paper is the parent of the paper full version and the paper abstract. It is also the parent of review and meta review.\n###Second concept Paper:\nPaper is a child of document, which is the parent of pending paper, published paper, rated paper and rejected paper.\nAnswer yes or no:",
	"cmt#Paper;edas#Document": "Classify if the following two concepts are the same.\n###First concept Paper:\nThe paper is the parent of the paper full version and the paper abstract. It is also the parent of review and meta review.\n###Second concept Document:\nThe document is the parent of the slide set, the meal menu, and the program. The accepted paper is also the parent of the document.\nAnswer yes or no:",
	"cmt#Paper;edas#ActivePaper": "Classify if the following two concepts are the same.\n###First concept Paper:\nThe paper is the parent of the paper full version and the paper abstract. It is also the parent of review and meta review.\n###Second concept ActivePaper:\nThe active paper is the parent of rated papers and is the child of paper which is also the parent of rejected paper.\nAnswer yes or no:",
	"cmt#Paper;edas#PendingPaper": "Classify if the following two concepts are the same.\n###First concept Paper:\nThe paper is the parent of the paper full version and the paper abstract. It is also the parent of review and meta review.\n###Second concept PendingPaper:\npending paper is a child of paper which is parented by rejected paper.\nAnswer yes or no:",
	"cmt#Paper;edas#WithdrawnPaper": "Classify if the following two concepts are the same.\n###First concept Paper:\nThe paper is the parent of the paper full version and the paper abstract. It is also the parent of review and meta review.\n###Second concept WithdrawnPaper:\nwithdrawn paper is a child of paper which is the parent of a programme.\nAnswer yes or no:",
	"cmt#Paper;edas#RejectedPaper": "Classify if the following two concepts are the same.\n###First concept Paper:\nThe paper is the parent of the paper full version and the paper abstract. It is also the parent of review and meta review.\n###Second concept RejectedPaper:\nThe rejected paper is a child of paper and a document.\nAnswer yes or no:",
	"cmt#Paper;edas#AcceptedPaper": "Classify if the following two concepts are the same.\n###First concept Paper:\nThe paper is the parent of the paper full version and the paper abstract. It is also the parent of review and meta review.\n###Second concept AcceptedPaper:\nAccepted paper is a child of paper and is the parent of a slide set.\nAnswer yes or no:",
	"cmt#Paper;edas#PublishedPaper": "Classify if the following two concepts are the same.\n###First concept Paper:\nThe paper is the parent of the paper full version and the paper abstract. It is also the parent of review and meta review.\n###Second concept PublishedPaper:\nThe published paper is the child of the document which is the parent of the meal menu.\nAnswer yes or no:",
	"cmt#Paper;edas#CallForPapers": "Classify if the following two concepts are the same.\n###First concept Paper:\nThe paper is the parent of the paper full version and the paper abstract. It is also the parent of review and meta review.\n###Second concept CallForPapers:\nThe call for papers is the child of the call for reviews.\nAnswer yes or no:",
	"cmt#Paper;edas#PaperPresentation": "Classify if the following two concepts are the same.\n###First concept Paper:\nThe paper is the parent of the paper full version and the paper abstract. It is also the parent of review and meta review.\n###Second concept PaperPresentation:\nThe paper presentation is a child of an academic event which is parented by an organizational meeting.\nAnswer yes or no:",
	"cmt#Paper;edas#RatedPapers": "Classify if the following two concepts are the same.\n###First concept Paper:\nThe paper is the parent of the paper full version and the paper abstract. It is also the parent of review and meta review.\n###Second concept RatedPapers:\nrated papers are children of active paper which is also a child of paper.\nAnswer yes or no:",
	"cmt#Author;edas#Person": "Classify if the following two concepts are the same.\n###First concept Author:\nThe author is the child of a conference member, the associated chair, the co author and the user. The administrator is the parent of the user and not the reviewer.\n###Second concept Person:\nThe parent of the presenter and the tpc member is the parent of the conference chair and the presenter. The author is the parent of the reviewer and the tpc member is the parent of the attendee.\nAnswer yes or no:",
	"cmt#Author;edas#Author": "Classify if the following two concepts are the same.\n###First concept Author:\nThe author is the child of a conference member, the associated chair, the co author and the user. The administrator is the parent of the user and not the reviewer.\n###Second concept Author:\nThe author is the parent of the presenter and the chair of the session.\nAnswer yes or no:",
	"cmt#Author;edas#PublishedPaper": "Classify if the following two concepts are the same.\n###First concept Author:\nThe author is the child of a conference member, the associated chair, the co author and the user. The administrator is the parent of the user and not the reviewer.\n###Second concept PublishedPaper:\nThe published paper is the child of the document which is the parent of the meal menu.\nAnswer yes or no:",
	"cmt#User;edas#Programme": "Classify if the following two concepts are the same.\n###First concept User:\nThe administrator is the parent of the user who is the child of the program committee member and the conference member. The reviewer is the child of the conference member and the author is the parent of the author not the reviewer.\n###Second concept Programme:\nThe meal menu is the child of the program.\nAnswer yes or no:",
	"cmt#User;edas#Person": "Classify if the following two concepts are the same.\n###First concept User:\nThe administrator is the parent of the user who is the child of the program committee member and the conference member. The reviewer is the child of the conference member and the author is the parent of the author not the reviewer.\n###Second concept Person:\nThe parent of the presenter and the tpc member is the parent of the conference chair and the presenter. The author is the parent of the reviewer and the tpc member is the parent of the attendee.\nAnswer yes or no:",
	"cmt#User;edas#Author": "Classify if the following two concepts are the same.\n###First concept User:\nThe administrator is the parent of the user who is the child of the program committee member and the conference member. The reviewer is the child of the conference member and the author is the parent of the author not the reviewer.\n###Second concept Author:\nThe author is the parent of the presenter and the chair of the session.\nAnswer yes or no:",
	"cmt#Co-author;edas#Organization": "Classify if the following two concepts are the same.\n###First concept Co-author:\nThe co author is the child of the author who is not a reviewer.\n###Second concept Organization:\nThe parent organization of the industry organization is the ngo, the government organization is the government organization and the academia organization is also parented by the ngo.\nAnswer yes or no:",
	"cmt#Co-author;edas#Person": "Classify if the following two concepts are the same.\n###First concept Co-author:\nThe co author is the child of the author who is not a reviewer.\n###Second concept Person:\nThe parent of the presenter and the tpc member is the parent of the conference chair and the presenter. The author is the parent of the reviewer and the tpc member is the parent of the attendee.\nAnswer yes or no:",
	"cmt#Co-author;edas#Author": "Classify if the following two concepts are the same.\n###First concept Co-author:\nThe co author is the child of the author who is not a reviewer.\n###Second concept Author:\nThe author is the parent of the presenter and the chair of the session.\nAnswer yes or no:",
	"cmt#Co-author;edas#ConferenceDinner": "Classify if the following two concepts are the same.\n###First concept Co-author:\nThe co author is the child of the author who is not a reviewer.\n###Second concept ConferenceDinner:\nThe conference dinner is a non-academic event.\nAnswer yes or no:",
	"cmt#PaperAbstract;edas#Paper": "Classify if the following two concepts are the same.\n###First concept PaperAbstract:\nThe paper abstract is a child of paper and a document.\n###Second concept Paper:\nPaper is a child of document, which is the parent of pending paper, published paper, rated paper and rejected paper.\nAnswer yes or no:",
	"cmt#PaperAbstract;edas#Document": "Classify if the following two concepts are the same.\n###First concept PaperAbstract:\nThe paper abstract is a child of paper and a document.\n###Second concept Document:\nThe document is the parent of the slide set, the meal menu, and the program. The accepted paper is also the parent of the document.\nAnswer yes or no:",
	"cmt#PaperAbstract;edas#WithdrawnPaper": "Classify if the following two concepts are the same.\n###First concept PaperAbstract:\nThe paper abstract is a child of paper and a document.\n###Second concept WithdrawnPaper:\nwithdrawn paper is a child of paper which is the parent of a programme.\nAnswer yes or no:",
	"cmt#PaperAbstract;edas#PublishedPaper": "Classify if the following two concepts are the same.\n###First concept PaperAbstract:\nThe paper abstract is a child of paper and a document.\n###Second concept PublishedPaper:\nThe published paper is the child of the document which is the parent of the meal menu.\nAnswer yes or no:",
	"cmt#PaperAbstract;edas#PaperPresentation": "Classify if the following two concepts are the same.\n###First concept PaperAbstract:\nThe paper abstract is a child of paper and a document.\n###Second concept PaperPresentation:\nThe paper presentation is a child of an academic event which is parented by an organizational meeting.\nAnswer yes or no:",
	"cmt#PaperFullVersion;edas#Paper": "Classify if the following two concepts are the same.\n###First concept PaperFullVersion:\nThe full version of paper is a child of the document which is the parent of the review.\n###Second concept Paper:\nPaper is a child of document, which is the parent of pending paper, published paper, rated paper and rejected paper.\nAnswer yes or no:",
	"cmt#PaperFullVersion;edas#Document": "Classify if the following two concepts are the same.\n###First concept PaperFullVersion:\nThe full version of paper is a child of the document which is the parent of the review.\n###Second concept Document:\nThe document is the parent of the slide set, the meal menu, and the program. The accepted paper is also the parent of the document.\nAnswer yes or no:",
	"cmt#PaperFullVersion;edas#PublishedPaper": "Classify if the following two concepts are the same.\n###First concept PaperFullVersion:\nThe full version of paper is a child of the document which is the parent of the review.\n###Second concept PublishedPaper:\nThe published paper is the child of the document which is the parent of the meal menu.\nAnswer yes or no:",
	"cmt#PaperFullVersion;edas#PaperPresentation": "Classify if the following two concepts are the same.\n###First concept PaperFullVersion:\nThe full version of paper is a child of the document which is the parent of the review.\n###Second concept PaperPresentation:\nThe paper presentation is a child of an academic event which is parented by an organizational meeting.\nAnswer yes or no:",
	"cmt#Administrator;edas#Organization": "Classify if the following two concepts are the same.\n###First concept Administrator:\nThe administrator is the child of the user and the parent of the chairman. The chairman is the equivalent of the chair of the program committee.\n###Second concept Organization:\nThe parent organization of the industry organization is the ngo, the government organization is the government organization and the academia organization is also parented by the ngo.\nAnswer yes or no:",
	"cmt#Administrator;edas#IndustryOrganization": "Classify if the following two concepts are the same.\n###First concept Administrator:\nThe administrator is the child of the user and the parent of the chairman. The chairman is the equivalent of the chair of the program committee.\n###Second concept IndustryOrganization:\nngo is the parent organization of the industry organization.\nAnswer yes or no:",
	"cmt#Administrator;edas#GovernmentOrganization": "Classify if the following two concepts are the same.\n###First concept Administrator:\nThe administrator is the child of the user and the parent of the chairman. The chairman is the equivalent of the chair of the program committee.\n###Second concept GovernmentOrganization:\nThe government organization is the child of the organization which is parented by the industry organization.\nAnswer yes or no:",
	"cmt#Meta-Review;edas#TextualReviewQuestion": "Classify if the following two concepts are the same.\n###First concept Meta-Review:\nMeta review is a child of review which is a child of document.\n###Second concept TextualReviewQuestion:\nThe textual review question is the child of the review question and the numerical review question.\nAnswer yes or no:",
	"cmt#Meta-Review;edas#CallForReviews": "Classify if the following two concepts are the same.\n###First concept Meta-Review:\nMeta review is a child of review which is a child of document.\n###Second concept CallForReviews:\nThe call for reviews is the child of the call for papers.\nAnswer yes or no:",
	"cmt#Meta-Review;edas#PersonalReviewHistory": "Classify if the following two concepts are the same.\n###First concept Meta-Review:\nMeta review is a child of review which is a child of document.\n###Second concept PersonalReviewHistory:\nThe personal review history is the child of the personal history and the parent of the personal publication history.\nAnswer yes or no:"
}