{
	"cmt#Reviewer;confOf#Reviewing_results_event": "Classify if the following two concepts are the same.\n###First concept Reviewer:\nThe reviewer is the child of a conference member and a co author. The reviewer is also a child of a program committee member and a meta reviewer. The chair of the conference is the equivalent of the chairman and the reviewer is a child of a program committee member.\n###Second concept Reviewing_results_event:\nThe review of results event is a child of the administrative event which is parented by the camera ready event.\nAnswer yes or no:",
	"cmt#Reviewer;confOf#Reviewing_event": "Classify if the following two concepts are the same.\n###First concept Reviewer:\nThe reviewer is the child of a conference member and a co author. The reviewer is also a child of a program committee member and a meta reviewer. The chair of the conference is the equivalent of the chairman and the reviewer is a child of a program committee member.\n###Second concept Reviewing_event:\nThe review event is a child of the administrative event.\nAnswer yes or no:",
	"cmt#Person;confOf#Contribution": "Classify if the following two concepts are the same.\n###First concept Person:\nThe program committee chair is the child of the program committee member, the conference member and the external reviewer. The chairman is the parent of the program committee chair and the administrator is the parent of the user and the administrator is the parent of the administrator.\n###Second concept Contribution:\nThe contribution of a short paper is the parent of a poster and the child of Thing.\nAnswer yes or no:",
	"cmt#Person;confOf#Person": "Classify if the following two concepts are the same.\n###First concept Person:\nThe program committee chair is the child of the program committee member, the conference member and the external reviewer. The chairman is the parent of the program committee chair and the administrator is the parent of the user and the administrator is the parent of the administrator.\n###Second concept Person:\nThe child of a Thing is the parent of a student and a science worker. The administrator is the parent of the author and the child is the child of a student.\nAnswer yes or no:",
	"cmt#Person;confOf#Scholar": "Classify if the following two concepts are the same.\n###First concept Person:\nThe program committee chair is the child of the program committee member, the conference member and the external reviewer. The chairman is the parent of the program committee chair and the administrator is the parent of the user and the administrator is the parent of the administrator.\n###Second concept Scholar:\nThe child of the scholar is the parent of the member program committee.\nAnswer yes or no:",
	"cmt#Person;confOf#Member": "Classify if the following two concepts are the same.\n###First concept Person:\nThe program committee chair is the child of the program committee member, the conference member and the external reviewer. The chairman is the parent of the program committee chair and the administrator is the parent of the user and the administrator is the parent of the administrator.\n###Second concept Member:\nThe child of the participant is the child of the person who is the parent of the chair program committee.\nAnswer yes or no:",
	"cmt#Person;confOf#Participant": "Classify if the following two concepts are the same.\n###First concept Person:\nThe program committee chair is the child of the program committee member, the conference member and the external reviewer. The chairman is the parent of the program committee chair and the administrator is the parent of the user and the administrator is the parent of the administrator.\n###Second concept Participant:\nThe child of a participant is the child of a person who is a member of Thing. The student and the regular participant are both parents of the same participant.\nAnswer yes or no:",
	"cmt#Person;confOf#Student": "Classify if the following two concepts are the same.\n###First concept Person:\nThe program committee chair is the child of the program committee member, the conference member and the external reviewer. The chairman is the parent of the program committee chair and the administrator is the parent of the user and the administrator is the parent of the administrator.\n###Second concept Student:\nThe student is the child of a person who is the parent of the chair program committee.\nAnswer yes or no:",
	"cmt#Person;confOf#Author": "Classify if the following two concepts are the same.\n###First concept Person:\nThe program committee chair is the child of the program committee member, the conference member and the external reviewer. The chairman is the parent of the program committee chair and the administrator is the parent of the user and the administrator is the parent of the administrator.\n###Second concept Author:\nThe author is the child of the person who is the parent of the scholar.\nAnswer yes or no:",
	"cmt#Document;confOf#Scholar": "Classify if the following two concepts are the same.\n###First concept Document:\nThe document is the parent of both paper and the full version of paper. The document is also the parent of review and meta review.\n###Second concept Scholar:\nThe child of the scholar is the parent of the member program committee.\nAnswer yes or no:",
	"cmt#Document;confOf#Paper": "Classify if the following two concepts are the same.\n###First concept Document:\nThe document is the parent of both paper and the full version of paper. The document is also the parent of review and meta review.\n###Second concept Paper:\nThe paper is a child of the Thing and the contribution.\nAnswer yes or no:",
	"cmt#Document;confOf#Short_paper": "Classify if the following two concepts are the same.\n###First concept Document:\nThe document is the parent of both paper and the full version of paper. The document is also the parent of review and meta review.\n###Second concept Short_paper:\nThe short paper is a child of contribution which is a child of Thing.\nAnswer yes or no:",
	"cmt#Conference;confOf#Banquet": "Classify if the following two concepts are the same.\n###First concept Conference:\nThe conference is child of Thing.\n###Second concept Banquet:\nA banquet is a social event.\nAnswer yes or no:",
	"cmt#Conference;confOf#Event": "Classify if the following two concepts are the same.\n###First concept Conference:\nThe conference is child of Thing.\n###Second concept Event:\nThe parent event of a working event is a social event. It is also the parent event of a banquet. It is also the parent event of a submission event. It is also the parent event of an administrative event.\nAnswer yes or no:",
	"cmt#Conference;confOf#Organization": "Classify if the following two concepts are the same.\n###First concept Conference:\nThe conference is child of Thing.\n###Second concept Organization:\nThe parent company of the organization is the university.\nAnswer yes or no:",
	"cmt#Conference;confOf#University": "Classify if the following two concepts are the same.\n###First concept Conference:\nThe conference is child of Thing.\n###Second concept University:\nThe university is the child of the organization which is parented by the company.\nAnswer yes or no:",
	"cmt#Conference;confOf#Workshop": "Classify if the following two concepts are the same.\n###First concept Conference:\nThe conference is child of Thing.\n###Second concept Workshop:\nThe workshop is a child of a working event which is parented by an administrative event.\nAnswer yes or no:",
	"cmt#Conference;confOf#Conference": "Classify if the following two concepts are the same.\n###First concept Conference:\nThe conference is child of Thing.\n###Second concept Conference:\nThe conference is the child of the working event and the parent of the tutorial.\nAnswer yes or no:",
	"cmt#ConferenceChair;confOf#Banquet": "Classify if the following two concepts are the same.\n###First concept ConferenceChair:\nThe conference chair is the equivalent of the chairman and the parent of the conference member is the reviewer. The administrator is the parent of the conference member and the conference chair is the child of the conference member.\n###Second concept Banquet:\nA banquet is a social event.\nAnswer yes or no:",
	"cmt#ConferenceChair;confOf#Workshop": "Classify if the following two concepts are the same.\n###First concept ConferenceChair:\nThe conference chair is the equivalent of the chairman and the parent of the conference member is the reviewer. The administrator is the parent of the conference member and the conference chair is the child of the conference member.\n###Second concept Workshop:\nThe workshop is a child of a working event which is parented by an administrative event.\nAnswer yes or no:",
	"cmt#ConferenceChair;confOf#Conference": "Classify if the following two concepts are the same.\n###First concept ConferenceChair:\nThe conference chair is the equivalent of the chairman and the parent of the conference member is the reviewer. The administrator is the parent of the conference member and the conference chair is the child of the conference member.\n###Second concept Conference:\nThe conference is the child of the working event and the parent of the tutorial.\nAnswer yes or no:",
	"cmt#ConferenceChair;confOf#Member_PC": "Classify if the following two concepts are the same.\n###First concept ConferenceChair:\nThe conference chair is the equivalent of the chairman and the parent of the conference member is the reviewer. The administrator is the parent of the conference member and the conference chair is the child of the conference member.\n###Second concept Member_PC:\nThe member program committee is child of the person who is the child of a Thing.\nAnswer yes or no:",
	"cmt#ConferenceChair;confOf#Chair_PC": "Classify if the following two concepts are the same.\n###First concept ConferenceChair:\nThe conference chair is the equivalent of the chairman and the parent of the conference member is the reviewer. The administrator is the parent of the conference member and the conference chair is the child of the conference member.\n###Second concept Chair_PC:\nThe chair of the program committee is a child of a Thing.\nAnswer yes or no:",
	"cmt#ConferenceMember;confOf#Banquet": "Classify if the following two concepts are the same.\n###First concept ConferenceMember:\nThe parent of a conference member is the parent of an external reviewer and a program committee member. The associated chair is the equivalent of the chairman and the conference chair. The reviewer is the parent of the meta reviewer and the author is the parent of the external reviewer.\n###Second concept Banquet:\nA banquet is a social event.\nAnswer yes or no:",
	"cmt#ConferenceMember;confOf#Organization": "Classify if the following two concepts are the same.\n###First concept ConferenceMember:\nThe parent of a conference member is the parent of an external reviewer and a program committee member. The associated chair is the equivalent of the chairman and the conference chair. The reviewer is the parent of the meta reviewer and the author is the parent of the external reviewer.\n###Second concept Organization:\nThe parent company of the organization is the university.\nAnswer yes or no:",
	"cmt#ConferenceMember;confOf#Administrator": "Classify if the following two concepts are the same.\n###First concept ConferenceMember:\nThe parent of a conference member is the parent of an external reviewer and a program committee member. The associated chair is the equivalent of the chairman and the conference chair. The reviewer is the parent of the meta reviewer and the author is the parent of the external reviewer.\n###Second concept Administrator:\nThe administrator is the child of the person who is the parent of the member program committee.\nAnswer yes or no:",
	"cmt#ConferenceMember;confOf#Workshop": "Classify if the following two concepts are the same.\n###First concept ConferenceMember:\nThe parent of a conference member is the parent of an external reviewer and a program committee member. The associated chair is the equivalent of the chairman and the conference chair. The reviewer is the parent of the meta reviewer and the author is the parent of the external reviewer.\n###Second concept Workshop:\nThe workshop is a child of a working event which is parented by an administrative event.\nAnswer yes or no:",
	"cmt#ConferenceMember;confOf#Conference": "Classify if the following two concepts are the same.\n###First concept ConferenceMember:\nThe parent of a conference member is the parent of an external reviewer and a program committee member. The associated chair is the equivalent of the chairman and the conference chair. The reviewer is the parent of the meta reviewer and the author is the parent of the external reviewer.\n###Second concept Conference:\nThe conference is the child of the working event and the parent of the tutorial.\nAnswer yes or no:",
	"cmt#ConferenceMember;confOf#Member": "Classify if the following two concepts are the same.\n###First concept ConferenceMember:\nThe parent of a conference member is the parent of an external reviewer and a program committee member. The associated chair is the equivalent of the chairman and the conference chair. The reviewer is the parent of the meta reviewer and the author is the parent of the external reviewer.\n###Second concept Member:\nThe child of the participant is the child of the person who is the parent of the chair program committee.\nAnswer yes or no:",
	"cmt#ConferenceMember;confOf#Participant": "Classify if the following two concepts are the same.\n###First concept ConferenceMember:\nThe parent of a conference member is the parent of an external reviewer and a program committee member. The associated chair is the equivalent of the chairman and the conference chair. The reviewer is the parent of the meta reviewer and the author is the parent of the external reviewer.\n###Second concept Participant:\nThe child of a participant is the child of a person who is a member of Thing. The student and the regular participant are both parents of the same participant.\nAnswer yes or no:",
	"cmt#ConferenceMember;confOf#Member_PC": "Classify if the following two concepts are the same.\n###First concept ConferenceMember:\nThe parent of a conference member is the parent of an external reviewer and a program committee member. The associated chair is the equivalent of the chairman and the conference chair. The reviewer is the parent of the meta reviewer and the author is the parent of the external reviewer.\n###Second concept Member_PC:\nThe member program committee is child of the person who is the child of a Thing.\nAnswer yes or no:",
	"cmt#AssociatedChair;confOf#Organization": "Classify if the following two concepts are the same.\n###First concept AssociatedChair:\nThe associated chair is the child of a conference member and the parent of an external reviewer. The chair is equivalent to the chairman and the conference chair.\n###Second concept Organization:\nThe parent company of the organization is the university.\nAnswer yes or no:",
	"cmt#AssociatedChair;confOf#Member_PC": "Classify if the following two concepts are the same.\n###First concept AssociatedChair:\nThe associated chair is the child of a conference member and the parent of an external reviewer. The chair is equivalent to the chairman and the conference chair.\n###Second concept Member_PC:\nThe member program committee is child of the person who is the child of a Thing.\nAnswer yes or no:",
	"cmt#ProgramCommitteeMember;confOf#Member": "Classify if the following two concepts are the same.\n###First concept ProgramCommitteeMember:\nThe program committee chair is the parent of the program committee member who is the child of a conference member. The chair is the equivalent of chairman and associated chair.\n###Second concept Member:\nThe child of the participant is the child of the person who is the parent of the chair program committee.\nAnswer yes or no:",
	"cmt#ProgramCommitteeMember;confOf#Member_PC": "Classify if the following two concepts are the same.\n###First concept ProgramCommitteeMember:\nThe program committee chair is the parent of the program committee member who is the child of a conference member. The chair is the equivalent of chairman and associated chair.\n###Second concept Member_PC:\nThe member program committee is child of the person who is the child of a Thing.\nAnswer yes or no:",
	"cmt#AuthorNotReviewer;confOf#Author": "Classify if the following two concepts are the same.\n###First concept AuthorNotReviewer:\nThe author, who is not a reviewer, is the child of the author and the parent of the co author.\n###Second concept Author:\nThe author is the child of the person who is the parent of the scholar.\nAnswer yes or no:",
	"cmt#Chairman;confOf#Organization": "Classify if the following two concepts are the same.\n###First concept Chairman:\nThe chair of the program committee is the child of the program committee member and the associated chair. The chairman is the parent of the user and the associated chair. The chair is also the child of the program committee member and the parent of the administrator.\n###Second concept Organization:\nThe parent company of the organization is the university.\nAnswer yes or no:",
	"cmt#Chairman;confOf#Company": "Classify if the following two concepts are the same.\n###First concept Chairman:\nThe chair of the program committee is the child of the program committee member and the associated chair. The chairman is the parent of the user and the associated chair. The chair is also the child of the program committee member and the parent of the administrator.\n###Second concept Company:\nThe company is child of the organization which is parented by the university.\nAnswer yes or no:",
	"cmt#Chairman;confOf#Administrator": "Classify if the following two concepts are the same.\n###First concept Chairman:\nThe chair of the program committee is the child of the program committee member and the associated chair. The chairman is the parent of the user and the associated chair. The chair is also the child of the program committee member and the parent of the administrator.\n###Second concept Administrator:\nThe administrator is the child of the person who is the parent of the member program committee.\nAnswer yes or no:",
	"cmt#Chairman;confOf#Administrative_event": "Classify if the following two concepts are the same.\n###First concept Chairman:\nThe chair of the program committee is the child of the program committee member and the associated chair. The chairman is the parent of the user and the associated chair. The chair is also the child of the program committee member and the parent of the administrator.\n###Second concept Administrative_event:\nThe administrative event is the parent of the social event, the reception and the submission event. It is also the parent of the registration of participants event.\nAnswer yes or no:",
	"cmt#Chairman;confOf#Member": "Classify if the following two concepts are the same.\n###First concept Chairman:\nThe chair of the program committee is the child of the program committee member and the associated chair. The chairman is the parent of the user and the associated chair. The chair is also the child of the program committee member and the parent of the administrator.\n###Second concept Member:\nThe child of the participant is the child of the person who is the parent of the chair program committee.\nAnswer yes or no:",
	"cmt#Chairman;confOf#Participant": "Classify if the following two concepts are the same.\n###First concept Chairman:\nThe chair of the program committee is the child of the program committee member and the associated chair. The chairman is the parent of the user and the associated chair. The chair is also the child of the program committee member and the parent of the administrator.\n###Second concept Participant:\nThe child of a participant is the child of a person who is a member of Thing. The student and the regular participant are both parents of the same participant.\nAnswer yes or no:",
	"cmt#Chairman;confOf#Member_PC": "Classify if the following two concepts are the same.\n###First concept Chairman:\nThe chair of the program committee is the child of the program committee member and the associated chair. The chairman is the parent of the user and the associated chair. The chair is also the child of the program committee member and the parent of the administrator.\n###Second concept Member_PC:\nThe member program committee is child of the person who is the child of a Thing.\nAnswer yes or no:",
	"cmt#Chairman;confOf#Chair_PC": "Classify if the following two concepts are the same.\n###First concept Chairman:\nThe chair of the program committee is the child of the program committee member and the associated chair. The chairman is the parent of the user and the associated chair. The chair is also the child of the program committee member and the parent of the administrator.\n###Second concept Chair_PC:\nThe chair of the program committee is a child of a Thing.\nAnswer yes or no:",
	"cmt#Chairman;confOf#Author": "Classify if the following two concepts are the same.\n###First concept Chairman:\nThe chair of the program committee is the child of the program committee member and the associated chair. The chairman is the parent of the user and the associated chair. The chair is also the child of the program committee member and the parent of the administrator.\n###Second concept Author:\nThe author is the child of the person who is the parent of the scholar.\nAnswer yes or no:",
	"cmt#Review;confOf#Reviewing_results_event": "Classify if the following two concepts are the same.\n###First concept Review:\nReview is a child of both paper and meta review. The paper abstract is also a child of review.\n###Second concept Reviewing_results_event:\nThe review of results event is a child of the administrative event which is parented by the camera ready event.\nAnswer yes or no:",
	"cmt#Review;confOf#Reviewing_event": "Classify if the following two concepts are the same.\n###First concept Review:\nReview is a child of both paper and meta review. The paper abstract is also a child of review.\n###Second concept Reviewing_event:\nThe review event is a child of the administrative event.\nAnswer yes or no:",
	"cmt#Paper;confOf#Poster": "Classify if the following two concepts are the same.\n###First concept Paper:\nThe paper is the parent of the paper full version and the paper abstract. It is also the parent of review and meta review.\n###Second concept Poster:\nThe poster is a child of a Thing.\nAnswer yes or no:",
	"cmt#Paper;confOf#Paper": "Classify if the following two concepts are the same.\n###First concept Paper:\nThe paper is the parent of the paper full version and the paper abstract. It is also the parent of review and meta review.\n###Second concept Paper:\nThe paper is a child of the Thing and the contribution.\nAnswer yes or no:",
	"cmt#Paper;confOf#Short_paper": "Classify if the following two concepts are the same.\n###First concept Paper:\nThe paper is the parent of the paper full version and the paper abstract. It is also the parent of review and meta review.\n###Second concept Short_paper:\nThe short paper is a child of contribution which is a child of Thing.\nAnswer yes or no:",
	"cmt#Author;confOf#Contribution": "Classify if the following two concepts are the same.\n###First concept Author:\nThe author is the child of a conference member, the associated chair, the co author and the user. The administrator is the parent of the user and not the reviewer.\n###Second concept Contribution:\nThe contribution of a short paper is the parent of a poster and the child of Thing.\nAnswer yes or no:",
	"cmt#Author;confOf#Person": "Classify if the following two concepts are the same.\n###First concept Author:\nThe author is the child of a conference member, the associated chair, the co author and the user. The administrator is the parent of the user and not the reviewer.\n###Second concept Person:\nThe child of a Thing is the parent of a student and a science worker. The administrator is the parent of the author and the child is the child of a student.\nAnswer yes or no:",
	"cmt#Author;confOf#Scholar": "Classify if the following two concepts are the same.\n###First concept Author:\nThe author is the child of a conference member, the associated chair, the co author and the user. The administrator is the parent of the user and not the reviewer.\n###Second concept Scholar:\nThe child of the scholar is the parent of the member program committee.\nAnswer yes or no:",
	"cmt#Author;confOf#Author": "Classify if the following two concepts are the same.\n###First concept Author:\nThe author is the child of a conference member, the associated chair, the co author and the user. The administrator is the parent of the user and not the reviewer.\n###Second concept Author:\nThe author is the child of the person who is the parent of the scholar.\nAnswer yes or no:",
	"cmt#User;confOf#Contribution": "Classify if the following two concepts are the same.\n###First concept User:\nThe administrator is the parent of the user who is the child of the program committee member and the conference member. The reviewer is the child of the conference member and the author is the parent of the author not the reviewer.\n###Second concept Contribution:\nThe contribution of a short paper is the parent of a poster and the child of Thing.\nAnswer yes or no:",
	"cmt#User;confOf#Person": "Classify if the following two concepts are the same.\n###First concept User:\nThe administrator is the parent of the user who is the child of the program committee member and the conference member. The reviewer is the child of the conference member and the author is the parent of the author not the reviewer.\n###Second concept Person:\nThe child of a Thing is the parent of a student and a science worker. The administrator is the parent of the author and the child is the child of a student.\nAnswer yes or no:",
	"cmt#User;confOf#Administrator": "Classify if the following two concepts are the same.\n###First concept User:\nThe administrator is the parent of the user who is the child of the program committee member and the conference member. The reviewer is the child of the conference member and the author is the parent of the author not the reviewer.\n###Second concept Administrator:\nThe administrator is the child of the person who is the parent of the member program committee.\nAnswer yes or no:",
	"cmt#User;confOf#Member": "Classify if the following two concepts are the same.\n###First concept User:\nThe administrator is the parent of the user who is the child of the program committee member and the conference member. The reviewer is the child of the conference member and the author is the parent of the author not the reviewer.\n###Second concept Member:\nThe child of the participant is the child of the person who is the parent of the chair program committee.\nAnswer yes or no:",
	"cmt#User;confOf#Student": "Classify if the following two concepts are the same.\n###First concept User:\nThe administrator is the parent of the user who is the child of the program committee member and the conference member. The reviewer is the child of the conference member and the author is the parent of the author not the reviewer.\n###Second concept Student:\nThe student is the child of a person who is the parent of the chair program committee.\nAnswer yes or no:",
	"cmt#User;confOf#Author": "Classify if the following two concepts are the same.\n###First concept User:\nThe administrator is the parent of the user who is the child of the program committee member and the conference member. The reviewer is the child of the conference member and the author is the parent of the author not the reviewer.\n###Second concept Author:\nThe author is the child of the person who is the parent of the scholar.\nAnswer yes or no:",
	"cmt#Co-author;confOf#Contribution": "Classify if the following two concepts are the same.\n###First concept Co-author:\nThe co author is the child of the author who is not a reviewer.\n###Second concept Contribution:\nThe contribution of a short paper is the parent of a poster and the child of Thing.\nAnswer yes or no:",
	"cmt#Co-author;confOf#Organization": "Classify if the following two concepts are the same.\n###First concept Co-author:\nThe co author is the child of the author who is not a reviewer.\n###Second concept Organization:\nThe parent company of the organization is the university.\nAnswer yes or no:",
	"cmt#Co-author;confOf#Person": "Classify if the following two concepts are the same.\n###First concept Co-author:\nThe co author is the child of the author who is not a reviewer.\n###Second concept Person:\nThe child of a Thing is the parent of a student and a science worker. The administrator is the parent of the author and the child is the child of a student.\nAnswer yes or no:",
	"cmt#Co-author;confOf#Member": "Classify if the following two concepts are the same.\n###First concept Co-author:\nThe co author is the child of the author who is not a reviewer.\n###Second concept Member:\nThe child of the participant is the child of the person who is the parent of the chair program committee.\nAnswer yes or no:",
	"cmt#Co-author;confOf#Author": "Classify if the following two concepts are the same.\n###First concept Co-author:\nThe co author is the child of the author who is not a reviewer.\n###Second concept Author:\nThe author is the child of the person who is the parent of the scholar.\nAnswer yes or no:",
	"cmt#PaperAbstract;confOf#Paper": "Classify if the following two concepts are the same.\n###First concept PaperAbstract:\nThe paper abstract is a child of paper and a document.\n###Second concept Paper:\nThe paper is a child of the Thing and the contribution.\nAnswer yes or no:",
	"cmt#PaperFullVersion;confOf#Paper": "Classify if the following two concepts are the same.\n###First concept PaperFullVersion:\nThe full version of paper is a child of the document which is the parent of the review.\n###Second concept Paper:\nThe paper is a child of the Thing and the contribution.\nAnswer yes or no:",
	"cmt#Administrator;confOf#Organization": "Classify if the following two concepts are the same.\n###First concept Administrator:\nThe administrator is the child of the user and the parent of the chairman. The chairman is the equivalent of the chair of the program committee.\n###Second concept Organization:\nThe parent company of the organization is the university.\nAnswer yes or no:",
	"cmt#Administrator;confOf#Administrator": "Classify if the following two concepts are the same.\n###First concept Administrator:\nThe administrator is the child of the user and the parent of the chairman. The chairman is the equivalent of the chair of the program committee.\n###Second concept Administrator:\nThe administrator is the child of the person who is the parent of the member program committee.\nAnswer yes or no:",
	"cmt#Administrator;confOf#Administrative_event": "Classify if the following two concepts are the same.\n###First concept Administrator:\nThe administrator is the child of the user and the parent of the chairman. The chairman is the equivalent of the chair of the program committee.\n###Second concept Administrative_event:\nThe administrative event is the parent of the social event, the reception and the submission event. It is also the parent of the registration of participants event.\nAnswer yes or no:",
	"cmt#Administrator;confOf#Member": "Classify if the following two concepts are the same.\n###First concept Administrator:\nThe administrator is the child of the user and the parent of the chairman. The chairman is the equivalent of the chair of the program committee.\n###Second concept Member:\nThe child of the participant is the child of the person who is the parent of the chair program committee.\nAnswer yes or no:",
	"cmt#Administrator;confOf#Assistant": "Classify if the following two concepts are the same.\n###First concept Administrator:\nThe administrator is the child of the user and the parent of the chairman. The chairman is the equivalent of the chair of the program committee.\n###Second concept Assistant:\nThe assistant is a child of a person who is also a child of a Thing.\nAnswer yes or no:"
}