{
	"cmt#Reviewer;sigkdd#Review": "Classify if the following two concepts are the same.\n###First concept Reviewer:\nThe reviewer is the child of a conference member and a co author. The reviewer is also a child of a program committee member and a meta reviewer. The chair of the conference is the equivalent of the chairman and the reviewer is a child of a program committee member.\n###Second concept Review:\nReview is a child of document which is parented by paper.\nAnswer yes or no:",
	"cmt#Decision;sigkdd#Award": "Classify if the following two concepts are the same.\n###First concept Decision:\nThe decision of acceptance is the parent of rejection.\n###Second concept Award:\nThe award is the parent of the best applications paper award, the best student paper award and the best research paper award.\nAnswer yes or no:",
	"cmt#Decision;sigkdd#Review": "Classify if the following two concepts are the same.\n###First concept Decision:\nThe decision of acceptance is the parent of rejection.\n###Second concept Review:\nReview is a child of document which is parented by paper.\nAnswer yes or no:",
	"cmt#Person;sigkdd#Author": "Classify if the following two concepts are the same.\n###First concept Person:\nThe program committee chair is the child of the program committee member, the conference member and the external reviewer. The chairman is the parent of the program committee chair and the administrator is the parent of the user and the administrator is the parent of the administrator.\n###Second concept Author:\nThe author of paper is the parent of the author of paper student. The author is also the child of a speaker and a child of a Thing.\nAnswer yes or no:",
	"cmt#Person;sigkdd#Exhibitor": "Classify if the following two concepts are the same.\n###First concept Person:\nThe program committee chair is the child of the program committee member, the conference member and the external reviewer. The chairman is the parent of the program committee chair and the administrator is the parent of the user and the administrator is the parent of the administrator.\n###Second concept Exhibitor:\nThe best student paper supporter is the parent of the exhibitors who are the child of the sponsor.\nAnswer yes or no:",
	"cmt#Person;sigkdd#Person": "Classify if the following two concepts are the same.\n###First concept Person:\nThe program committee chair is the child of the program committee member, the conference member and the external reviewer. The chairman is the parent of the program committee chair and the administrator is the parent of the user and the administrator is the parent of the administrator.\n###Second concept Person:\nThe speaker is the parent of the invited speaker and the listener. The organization is the parent of the program committee member and the child of Thing.\nAnswer yes or no:",
	"cmt#Person;sigkdd#Speaker": "Classify if the following two concepts are the same.\n###First concept Person:\nThe program committee chair is the child of the program committee member, the conference member and the external reviewer. The chairman is the parent of the program committee chair and the administrator is the parent of the user and the administrator is the parent of the administrator.\n###Second concept Speaker:\nThe speaker is the parent of the invited speaker and the author of paper. He is also the parent of the program chair and the speaker is a child of the organization.\nAnswer yes or no:",
	"cmt#Document;sigkdd#Document": "Classify if the following two concepts are the same.\n###First concept Document:\nThe document is the parent of both paper and the full version of paper. The document is also the parent of review and meta review.\n###Second concept Document:\nThe abstract of the document is the parent of the paper and the review document.\nAnswer yes or no:",
	"cmt#Document;sigkdd#Author_of_paper_student": "Classify if the following two concepts are the same.\n###First concept Document:\nThe document is the parent of both paper and the full version of paper. The document is also the parent of review and meta review.\n###Second concept Author_of_paper_student:\nThe author of paper student is the child of a speaker who is a child of a person who is a child of a Thing.\nAnswer yes or no:",
	"cmt#Document;sigkdd#Main_office": "Classify if the following two concepts are the same.\n###First concept Document:\nThe document is the parent of both paper and the full version of paper. The document is also the parent of review and meta review.\n###Second concept Main_office:\nThe main office is the child of the conference hall.\nAnswer yes or no:",
	"cmt#Document;sigkdd#Paper": "Classify if the following two concepts are the same.\n###First concept Document:\nThe document is the parent of both paper and the full version of paper. The document is also the parent of review and meta review.\n###Second concept Paper:\nThe paper is the child of the document which is the parent of the review.\nAnswer yes or no:",
	"cmt#Document;sigkdd#Author_of_paper": "Classify if the following two concepts are the same.\n###First concept Document:\nThe document is the parent of both paper and the full version of paper. The document is also the parent of review and meta review.\n###Second concept Author_of_paper:\nThe author of the paper is the child of the author and the speaker. The speaker is the parent of the invited speaker.\nAnswer yes or no:",
	"cmt#Conference;sigkdd#Committee": "Classify if the following two concepts are the same.\n###First concept Conference:\nThe conference is child of Thing.\n###Second concept Committee:\nThe committee is the parent of the program committee, the organizing committee and the best paper awards committee.\nAnswer yes or no:",
	"cmt#Conference;sigkdd#Conference_hall": "Classify if the following two concepts are the same.\n###First concept Conference:\nThe conference is child of Thing.\n###Second concept Conference_hall:\nThe conference hall is the child of the hotel.\nAnswer yes or no:",
	"cmt#ConferenceChair;sigkdd#Conference_hall": "Classify if the following two concepts are the same.\n###First concept ConferenceChair:\nThe conference chair is the equivalent of the chairman and the parent of the conference member is the reviewer. The administrator is the parent of the conference member and the conference chair is the child of the conference member.\n###Second concept Conference_hall:\nThe conference hall is the child of the hotel.\nAnswer yes or no:",
	"cmt#ConferenceChair;sigkdd#Program_Chair": "Classify if the following two concepts are the same.\n###First concept ConferenceChair:\nThe conference chair is the equivalent of the chairman and the parent of the conference member is the reviewer. The administrator is the parent of the conference member and the conference chair is the child of the conference member.\n###Second concept Program_Chair:\nThe program chair is a child of an organization which is parented by a speaker.\nAnswer yes or no:",
	"cmt#ConferenceChair;sigkdd#General_Chair": "Classify if the following two concepts are the same.\n###First concept ConferenceChair:\nThe conference chair is the equivalent of the chairman and the parent of the conference member is the reviewer. The administrator is the parent of the conference member and the conference chair is the child of the conference member.\n###Second concept General_Chair:\nThe general chair is a child of an organization which is a child of a person who is a child of a Thing.\nAnswer yes or no:",
	"cmt#ConferenceChair;sigkdd#Organizing_Committee": "Classify if the following two concepts are the same.\n###First concept ConferenceChair:\nThe conference chair is the equivalent of the chairman and the parent of the conference member is the reviewer. The administrator is the parent of the conference member and the conference chair is the child of the conference member.\n###Second concept Organizing_Committee:\nThe best paper awards committee is the parent of the committee which is the organizing committee.\nAnswer yes or no:",
	"cmt#ConferenceMember;sigkdd#Exhibitor": "Classify if the following two concepts are the same.\n###First concept ConferenceMember:\nThe parent of a conference member is the parent of an external reviewer and a program committee member. The associated chair is the equivalent of the chairman and the conference chair. The reviewer is the parent of the meta reviewer and the author is the parent of the external reviewer.\n###Second concept Exhibitor:\nThe best student paper supporter is the parent of the exhibitors who are the child of the sponsor.\nAnswer yes or no:",
	"cmt#ConferenceMember;sigkdd#Registration_SIGMOD_Member": "Classify if the following two concepts are the same.\n###First concept ConferenceMember:\nThe parent of a conference member is the parent of an external reviewer and a program committee member. The associated chair is the equivalent of the chairman and the conference chair. The reviewer is the parent of the meta reviewer and the author is the parent of the external reviewer.\n###Second concept Registration_SIGMOD_Member:\nThe registration fee for sigkdd members is the child of the registration fee.\nAnswer yes or no:",
	"cmt#ConferenceMember;sigkdd#Committee": "Classify if the following two concepts are the same.\n###First concept ConferenceMember:\nThe parent of a conference member is the parent of an external reviewer and a program committee member. The associated chair is the equivalent of the chairman and the conference chair. The reviewer is the parent of the meta reviewer and the author is the parent of the external reviewer.\n###Second concept Committee:\nThe committee is the parent of the program committee, the organizing committee and the best paper awards committee.\nAnswer yes or no:",
	"cmt#ConferenceMember;sigkdd#Conference_hall": "Classify if the following two concepts are the same.\n###First concept ConferenceMember:\nThe parent of a conference member is the parent of an external reviewer and a program committee member. The associated chair is the equivalent of the chairman and the conference chair. The reviewer is the parent of the meta reviewer and the author is the parent of the external reviewer.\n###Second concept Conference_hall:\nThe conference hall is the child of the hotel.\nAnswer yes or no:",
	"cmt#ConferenceMember;sigkdd#Registration_Non-Member": "Classify if the following two concepts are the same.\n###First concept ConferenceMember:\nThe parent of a conference member is the parent of an external reviewer and a program committee member. The associated chair is the equivalent of the chairman and the conference chair. The reviewer is the parent of the meta reviewer and the author is the parent of the external reviewer.\n###Second concept Registration_Non-Member:\nThe registered non member is the child of the registration fee and the parent of the registered sigkdd member.\nAnswer yes or no:",
	"cmt#ConferenceMember;sigkdd#Registration_SIGKDD_Member": "Classify if the following two concepts are the same.\n###First concept ConferenceMember:\nThe parent of a conference member is the parent of an external reviewer and a program committee member. The associated chair is the equivalent of the chairman and the conference chair. The reviewer is the parent of the meta reviewer and the author is the parent of the external reviewer.\n###Second concept Registration_SIGKDD_Member:\nThe registration fee for sigkdd members is child of the registration fee and the parent of the sponsor fee.\nAnswer yes or no:",
	"cmt#ConferenceMember;sigkdd#Organizing_Committee": "Classify if the following two concepts are the same.\n###First concept ConferenceMember:\nThe parent of a conference member is the parent of an external reviewer and a program committee member. The associated chair is the equivalent of the chairman and the conference chair. The reviewer is the parent of the meta reviewer and the author is the parent of the external reviewer.\n###Second concept Organizing_Committee:\nThe best paper awards committee is the parent of the committee which is the organizing committee.\nAnswer yes or no:",
	"cmt#ConferenceMember;sigkdd#Program_Committee_member": "Classify if the following two concepts are the same.\n###First concept ConferenceMember:\nThe parent of a conference member is the parent of an external reviewer and a program committee member. The associated chair is the equivalent of the chairman and the conference chair. The reviewer is the parent of the meta reviewer and the author is the parent of the external reviewer.\n###Second concept Program_Committee_member:\nThe program committee member is a child of the organization which is parented by the general chair.\nAnswer yes or no:",
	"cmt#ConferenceMember;sigkdd#Invited_Speaker": "Classify if the following two concepts are the same.\n###First concept ConferenceMember:\nThe parent of a conference member is the parent of an external reviewer and a program committee member. The associated chair is the equivalent of the chairman and the conference chair. The reviewer is the parent of the meta reviewer and the author is the parent of the external reviewer.\n###Second concept Invited_Speaker:\nThe invited speaker is the child of the speaker and the parent of the author of paper student.\nAnswer yes or no:",
	"cmt#ConferenceMember;sigkdd#Organizing_Committee_member": "Classify if the following two concepts are the same.\n###First concept ConferenceMember:\nThe parent of a conference member is the parent of an external reviewer and a program committee member. The associated chair is the equivalent of the chairman and the conference chair. The reviewer is the parent of the meta reviewer and the author is the parent of the external reviewer.\n###Second concept Organizing_Committee_member:\nThe organizing committee member is a child of an organization which is a child of a person who is a child of a Thing.\nAnswer yes or no:",
	"cmt#AssociatedChair;sigkdd#Program_Chair": "Classify if the following two concepts are the same.\n###First concept AssociatedChair:\nThe associated chair is the child of a conference member and the parent of an external reviewer. The chair is equivalent to the chairman and the conference chair.\n###Second concept Program_Chair:\nThe program chair is a child of an organization which is parented by a speaker.\nAnswer yes or no:",
	"cmt#AssociatedChair;sigkdd#General_Chair": "Classify if the following two concepts are the same.\n###First concept AssociatedChair:\nThe associated chair is the child of a conference member and the parent of an external reviewer. The chair is equivalent to the chairman and the conference chair.\n###Second concept General_Chair:\nThe general chair is a child of an organization which is a child of a person who is a child of a Thing.\nAnswer yes or no:",
	"cmt#ProgramCommitteeMember;sigkdd#Registration_SIGMOD_Member": "Classify if the following two concepts are the same.\n###First concept ProgramCommitteeMember:\nThe program committee chair is the parent of the program committee member who is the child of a conference member. The chair is the equivalent of chairman and associated chair.\n###Second concept Registration_SIGMOD_Member:\nThe registration fee for sigkdd members is the child of the registration fee.\nAnswer yes or no:",
	"cmt#ProgramCommitteeMember;sigkdd#Program_Chair": "Classify if the following two concepts are the same.\n###First concept ProgramCommitteeMember:\nThe program committee chair is the parent of the program committee member who is the child of a conference member. The chair is the equivalent of chairman and associated chair.\n###Second concept Program_Chair:\nThe program chair is a child of an organization which is parented by a speaker.\nAnswer yes or no:",
	"cmt#ProgramCommitteeMember;sigkdd#Registration_Non-Member": "Classify if the following two concepts are the same.\n###First concept ProgramCommitteeMember:\nThe program committee chair is the parent of the program committee member who is the child of a conference member. The chair is the equivalent of chairman and associated chair.\n###Second concept Registration_Non-Member:\nThe registered non member is the child of the registration fee and the parent of the registered sigkdd member.\nAnswer yes or no:",
	"cmt#ProgramCommitteeMember;sigkdd#Registration_SIGKDD_Member": "Classify if the following two concepts are the same.\n###First concept ProgramCommitteeMember:\nThe program committee chair is the parent of the program committee member who is the child of a conference member. The chair is the equivalent of chairman and associated chair.\n###Second concept Registration_SIGKDD_Member:\nThe registration fee for sigkdd members is child of the registration fee and the parent of the sponsor fee.\nAnswer yes or no:",
	"cmt#ProgramCommitteeMember;sigkdd#Program_Committee": "Classify if the following two concepts are the same.\n###First concept ProgramCommitteeMember:\nThe program committee chair is the parent of the program committee member who is the child of a conference member. The chair is the equivalent of chairman and associated chair.\n###Second concept Program_Committee:\nThe program committee is the child of the committee which is the parent of the organizing committee.\nAnswer yes or no:",
	"cmt#ProgramCommitteeMember;sigkdd#Organizing_Committee": "Classify if the following two concepts are the same.\n###First concept ProgramCommitteeMember:\nThe program committee chair is the parent of the program committee member who is the child of a conference member. The chair is the equivalent of chairman and associated chair.\n###Second concept Organizing_Committee:\nThe best paper awards committee is the parent of the committee which is the organizing committee.\nAnswer yes or no:",
	"cmt#ProgramCommitteeMember;sigkdd#Program_Committee_member": "Classify if the following two concepts are the same.\n###First concept ProgramCommitteeMember:\nThe program committee chair is the parent of the program committee member who is the child of a conference member. The chair is the equivalent of chairman and associated chair.\n###Second concept Program_Committee_member:\nThe program committee member is a child of the organization which is parented by the general chair.\nAnswer yes or no:",
	"cmt#ProgramCommitteeMember;sigkdd#Organizing_Committee_member": "Classify if the following two concepts are the same.\n###First concept ProgramCommitteeMember:\nThe program committee chair is the parent of the program committee member who is the child of a conference member. The chair is the equivalent of chairman and associated chair.\n###Second concept Organizing_Committee_member:\nThe organizing committee member is a child of an organization which is a child of a person who is a child of a Thing.\nAnswer yes or no:",
	"cmt#AuthorNotReviewer;sigkdd#Author_of_paper_student": "Classify if the following two concepts are the same.\n###First concept AuthorNotReviewer:\nThe author, who is not a reviewer, is the child of the author and the parent of the co author.\n###Second concept Author_of_paper_student:\nThe author of paper student is the child of a speaker who is a child of a person who is a child of a Thing.\nAnswer yes or no:",
	"cmt#AuthorNotReviewer;sigkdd#Author": "Classify if the following two concepts are the same.\n###First concept AuthorNotReviewer:\nThe author, who is not a reviewer, is the child of the author and the parent of the co author.\n###Second concept Author:\nThe author of paper is the parent of the author of paper student. The author is also the child of a speaker and a child of a Thing.\nAnswer yes or no:",
	"cmt#AuthorNotReviewer;sigkdd#Author_of_paper": "Classify if the following two concepts are the same.\n###First concept AuthorNotReviewer:\nThe author, who is not a reviewer, is the child of the author and the parent of the co author.\n###Second concept Author_of_paper:\nThe author of the paper is the child of the author and the speaker. The speaker is the parent of the invited speaker.\nAnswer yes or no:",
	"cmt#Chairman;sigkdd#Author": "Classify if the following two concepts are the same.\n###First concept Chairman:\nThe chair of the program committee is the child of the program committee member and the associated chair. The chairman is the parent of the user and the associated chair. The chair is also the child of the program committee member and the parent of the administrator.\n###Second concept Author:\nThe author of paper is the parent of the author of paper student. The author is also the child of a speaker and a child of a Thing.\nAnswer yes or no:",
	"cmt#Chairman;sigkdd#Committee": "Classify if the following two concepts are the same.\n###First concept Chairman:\nThe chair of the program committee is the child of the program committee member and the associated chair. The chairman is the parent of the user and the associated chair. The chair is also the child of the program committee member and the parent of the administrator.\n###Second concept Committee:\nThe committee is the parent of the program committee, the organizing committee and the best paper awards committee.\nAnswer yes or no:",
	"cmt#ProgramCommitteeChair;sigkdd#Program_Chair": "Classify if the following two concepts are the same.\n###First concept ProgramCommitteeChair:\nThe program committee chair is the child of a program committee member and a conference member. The chair is the equivalent of chairman and associated chair.\n###Second concept Program_Chair:\nThe program chair is a child of an organization which is parented by a speaker.\nAnswer yes or no:",
	"cmt#ProgramCommitteeChair;sigkdd#Program_Committee": "Classify if the following two concepts are the same.\n###First concept ProgramCommitteeChair:\nThe program committee chair is the child of a program committee member and a conference member. The chair is the equivalent of chairman and associated chair.\n###Second concept Program_Committee:\nThe program committee is the child of the committee which is the parent of the organizing committee.\nAnswer yes or no:",
	"cmt#ProgramCommitteeChair;sigkdd#General_Chair": "Classify if the following two concepts are the same.\n###First concept ProgramCommitteeChair:\nThe program committee chair is the child of a program committee member and a conference member. The chair is the equivalent of chairman and associated chair.\n###Second concept General_Chair:\nThe general chair is a child of an organization which is a child of a person who is a child of a Thing.\nAnswer yes or no:",
	"cmt#ProgramCommitteeChair;sigkdd#Organizing_Committee": "Classify if the following two concepts are the same.\n###First concept ProgramCommitteeChair:\nThe program committee chair is the child of a program committee member and a conference member. The chair is the equivalent of chairman and associated chair.\n###Second concept Organizing_Committee:\nThe best paper awards committee is the parent of the committee which is the organizing committee.\nAnswer yes or no:",
	"cmt#ProgramCommitteeChair;sigkdd#Program_Committee_member": "Classify if the following two concepts are the same.\n###First concept ProgramCommitteeChair:\nThe program committee chair is the child of a program committee member and a conference member. The chair is the equivalent of chairman and associated chair.\n###Second concept Program_Committee_member:\nThe program committee member is a child of the organization which is parented by the general chair.\nAnswer yes or no:",
	"cmt#ProgramCommitteeChair;sigkdd#Organizing_Committee_member": "Classify if the following two concepts are the same.\n###First concept ProgramCommitteeChair:\nThe program committee chair is the child of a program committee member and a conference member. The chair is the equivalent of chairman and associated chair.\n###Second concept Organizing_Committee_member:\nThe organizing committee member is a child of an organization which is a child of a person who is a child of a Thing.\nAnswer yes or no:",
	"cmt#Review;sigkdd#Review": "Classify if the following two concepts are the same.\n###First concept Review:\nReview is a child of both paper and meta review. The paper abstract is also a child of review.\n###Second concept Review:\nReview is a child of document which is parented by paper.\nAnswer yes or no:",
	"cmt#Paper;sigkdd#Document": "Classify if the following two concepts are the same.\n###First concept Paper:\nThe paper is the parent of the paper full version and the paper abstract. It is also the parent of review and meta review.\n###Second concept Document:\nThe abstract of the document is the parent of the paper and the review document.\nAnswer yes or no:",
	"cmt#Paper;sigkdd#Best_Student_Paper_Award": "Classify if the following two concepts are the same.\n###First concept Paper:\nThe paper is the parent of the paper full version and the paper abstract. It is also the parent of review and meta review.\n###Second concept Best_Student_Paper_Award:\nThe best student paper award is the child of the award and the parent of the best research paper award.\nAnswer yes or no:",
	"cmt#Paper;sigkdd#Paper": "Classify if the following two concepts are the same.\n###First concept Paper:\nThe paper is the parent of the paper full version and the paper abstract. It is also the parent of review and meta review.\n###Second concept Paper:\nThe paper is the child of the document which is the parent of the review.\nAnswer yes or no:",
	"cmt#Paper;sigkdd#Author_of_paper": "Classify if the following two concepts are the same.\n###First concept Paper:\nThe paper is the parent of the paper full version and the paper abstract. It is also the parent of review and meta review.\n###Second concept Author_of_paper:\nThe author of the paper is the child of the author and the speaker. The speaker is the parent of the invited speaker.\nAnswer yes or no:",
	"cmt#Author;sigkdd#Author_of_paper_student": "Classify if the following two concepts are the same.\n###First concept Author:\nThe author is the child of a conference member, the associated chair, the co author and the user. The administrator is the parent of the user and not the reviewer.\n###Second concept Author_of_paper_student:\nThe author of paper student is the child of a speaker who is a child of a person who is a child of a Thing.\nAnswer yes or no:",
	"cmt#Author;sigkdd#Author": "Classify if the following two concepts are the same.\n###First concept Author:\nThe author is the child of a conference member, the associated chair, the co author and the user. The administrator is the parent of the user and not the reviewer.\n###Second concept Author:\nThe author of paper is the parent of the author of paper student. The author is also the child of a speaker and a child of a Thing.\nAnswer yes or no:",
	"cmt#Author;sigkdd#Person": "Classify if the following two concepts are the same.\n###First concept Author:\nThe author is the child of a conference member, the associated chair, the co author and the user. The administrator is the parent of the user and not the reviewer.\n###Second concept Person:\nThe speaker is the parent of the invited speaker and the listener. The organization is the parent of the program committee member and the child of Thing.\nAnswer yes or no:",
	"cmt#Author;sigkdd#Author_of_paper": "Classify if the following two concepts are the same.\n###First concept Author:\nThe author is the child of a conference member, the associated chair, the co author and the user. The administrator is the parent of the user and not the reviewer.\n###Second concept Author_of_paper:\nThe author of the paper is the child of the author and the speaker. The speaker is the parent of the invited speaker.\nAnswer yes or no:",
	"cmt#User;sigkdd#Author": "Classify if the following two concepts are the same.\n###First concept User:\nThe administrator is the parent of the user who is the child of the program committee member and the conference member. The reviewer is the child of the conference member and the author is the parent of the author not the reviewer.\n###Second concept Author:\nThe author of paper is the parent of the author of paper student. The author is also the child of a speaker and a child of a Thing.\nAnswer yes or no:",
	"cmt#User;sigkdd#Person": "Classify if the following two concepts are the same.\n###First concept User:\nThe administrator is the parent of the user who is the child of the program committee member and the conference member. The reviewer is the child of the conference member and the author is the parent of the author not the reviewer.\n###Second concept Person:\nThe speaker is the parent of the invited speaker and the listener. The organization is the parent of the program committee member and the child of Thing.\nAnswer yes or no:",
	"cmt#User;sigkdd#Registration_Non-Member": "Classify if the following two concepts are the same.\n###First concept User:\nThe administrator is the parent of the user who is the child of the program committee member and the conference member. The reviewer is the child of the conference member and the author is the parent of the author not the reviewer.\n###Second concept Registration_Non-Member:\nThe registered non member is the child of the registration fee and the parent of the registered sigkdd member.\nAnswer yes or no:",
	"cmt#Co-author;sigkdd#Author_of_paper_student": "Classify if the following two concepts are the same.\n###First concept Co-author:\nThe co author is the child of the author who is not a reviewer.\n###Second concept Author_of_paper_student:\nThe author of paper student is the child of a speaker who is a child of a person who is a child of a Thing.\nAnswer yes or no:",
	"cmt#Co-author;sigkdd#Author": "Classify if the following two concepts are the same.\n###First concept Co-author:\nThe co author is the child of the author who is not a reviewer.\n###Second concept Author:\nThe author of paper is the parent of the author of paper student. The author is also the child of a speaker and a child of a Thing.\nAnswer yes or no:",
	"cmt#Co-author;sigkdd#Person": "Classify if the following two concepts are the same.\n###First concept Co-author:\nThe co author is the child of the author who is not a reviewer.\n###Second concept Person:\nThe speaker is the parent of the invited speaker and the listener. The organization is the parent of the program committee member and the child of Thing.\nAnswer yes or no:",
	"cmt#Co-author;sigkdd#Registration_Non-Member": "Classify if the following two concepts are the same.\n###First concept Co-author:\nThe co author is the child of the author who is not a reviewer.\n###Second concept Registration_Non-Member:\nThe registered non member is the child of the registration fee and the parent of the registered sigkdd member.\nAnswer yes or no:",
	"cmt#Co-author;sigkdd#Author_of_paper": "Classify if the following two concepts are the same.\n###First concept Co-author:\nThe co author is the child of the author who is not a reviewer.\n###Second concept Author_of_paper:\nThe author of the paper is the child of the author and the speaker. The speaker is the parent of the invited speaker.\nAnswer yes or no:",
	"cmt#PaperAbstract;sigkdd#Document": "Classify if the following two concepts are the same.\n###First concept PaperAbstract:\nThe paper abstract is a child of paper and a document.\n###Second concept Document:\nThe abstract of the document is the parent of the paper and the review document.\nAnswer yes or no:",
	"cmt#PaperAbstract;sigkdd#Best_Student_Paper_Award": "Classify if the following two concepts are the same.\n###First concept PaperAbstract:\nThe paper abstract is a child of paper and a document.\n###Second concept Best_Student_Paper_Award:\nThe best student paper award is the child of the award and the parent of the best research paper award.\nAnswer yes or no:",
	"cmt#PaperAbstract;sigkdd#Paper": "Classify if the following two concepts are the same.\n###First concept PaperAbstract:\nThe paper abstract is a child of paper and a document.\n###Second concept Paper:\nThe paper is the child of the document which is the parent of the review.\nAnswer yes or no:",
	"cmt#PaperAbstract;sigkdd#Author_of_paper": "Classify if the following two concepts are the same.\n###First concept PaperAbstract:\nThe paper abstract is a child of paper and a document.\n###Second concept Author_of_paper:\nThe author of the paper is the child of the author and the speaker. The speaker is the parent of the invited speaker.\nAnswer yes or no:",
	"cmt#PaperFullVersion;sigkdd#Document": "Classify if the following two concepts are the same.\n###First concept PaperFullVersion:\nThe full version of paper is a child of the document which is the parent of the review.\n###Second concept Document:\nThe abstract of the document is the parent of the paper and the review document.\nAnswer yes or no:",
	"cmt#PaperFullVersion;sigkdd#Best_Student_Paper_Award": "Classify if the following two concepts are the same.\n###First concept PaperFullVersion:\nThe full version of paper is a child of the document which is the parent of the review.\n###Second concept Best_Student_Paper_Award:\nThe best student paper award is the child of the award and the parent of the best research paper award.\nAnswer yes or no:",
	"cmt#PaperFullVersion;sigkdd#Best_Paper_Awards_Committee": "Classify if the following two concepts are the same.\n###First concept PaperFullVersion:\nThe full version of paper is a child of the document which is the parent of the review.\n###Second concept Best_Paper_Awards_Committee:\nThe best paper awards committee is the child of the committee and the parent of the program committee.\nAnswer yes or no:",
	"cmt#PaperFullVersion;sigkdd#Paper": "Classify if the following two concepts are the same.\n###First concept PaperFullVersion:\nThe full version of paper is a child of the document which is the parent of the review.\n###Second concept Paper:\nThe paper is the child of the document which is the parent of the review.\nAnswer yes or no:",
	"cmt#PaperFullVersion;sigkdd#Author_of_paper": "Classify if the following two concepts are the same.\n###First concept PaperFullVersion:\nThe full version of paper is a child of the document which is the parent of the review.\n###Second concept Author_of_paper:\nThe author of the paper is the child of the author and the speaker. The speaker is the parent of the invited speaker.\nAnswer yes or no:"
}