{
	"cmt#Meta-Reviewer;ekaw#Negative_Review": "Classify if the following two concepts are the same.\n###First concept Meta-Reviewer:\nThe meta reviewer is the child of the reviewer and the conference member. The associated chair is the parent of the conference member.\n###Second concept Negative_Review:\nThe negative review is the parent of the neutral review.\nAnswer yes or no:",
	"cmt#Meta-Reviewer;ekaw#Neutral_Review": "Classify if the following two concepts are the same.\n###First concept Meta-Reviewer:\nThe meta reviewer is the child of the reviewer and the conference member. The associated chair is the parent of the conference member.\n###Second concept Neutral_Review:\nThe neutral review is the parent of the negative review.\nAnswer yes or no:",
	"cmt#Meta-Reviewer;ekaw#Possible_Reviewer": "Classify if the following two concepts are the same.\n###First concept Meta-Reviewer:\nThe meta reviewer is the child of the reviewer and the conference member. The associated chair is the parent of the conference member.\n###Second concept Possible_Reviewer:\nThe program committee chair is the parent of the conference participant and the agency staff member. The child of the conference participant is the child of the program committee member and the possible reviewer is the parent of the program committee member.\nAnswer yes or no:",
	"cmt#Reviewer;ekaw#Review": "Classify if the following two concepts are the same.\n###First concept Reviewer:\nThe reviewer is the child of a conference member and a co author. The reviewer is also a child of a program committee member and a meta reviewer. The chair of the conference is the equivalent of the chairman and the reviewer is a child of a program committee member.\n###Second concept Review:\nReview is the parent of both the positive review and the neutral review. It is the parent of the conference proceedings and the multi author volume.\nAnswer yes or no:",
	"cmt#Decision;ekaw#Review": "Classify if the following two concepts are the same.\n###First concept Decision:\nThe decision of acceptance is the parent of rejection.\n###Second concept Review:\nReview is the parent of both the positive review and the neutral review. It is the parent of the conference proceedings and the multi author volume.\nAnswer yes or no:",
	"cmt#Person;ekaw#Person": "Classify if the following two concepts are the same.\n###First concept Person:\nThe program committee chair is the child of the program committee member, the conference member and the external reviewer. The chairman is the parent of the program committee chair and the administrator is the parent of the user and the administrator is the parent of the administrator.\n###Second concept Person:\nThe parent of a conference participant is the presenter, the invited speaker, the agency staff member, the student, the paper author and the possible reviewer. The program committee member and the session chair are both members of the program committee.\nAnswer yes or no:",
	"cmt#Person;ekaw#Paper_Author": "Classify if the following two concepts are the same.\n###First concept Person:\nThe program committee chair is the child of the program committee member, the conference member and the external reviewer. The chairman is the parent of the program committee chair and the administrator is the parent of the user and the administrator is the parent of the administrator.\n###Second concept Paper_Author:\nThe paper author is a child of the person who is the parent of the student.\nAnswer yes or no:",
	"cmt#Person;ekaw#Student": "Classify if the following two concepts are the same.\n###First concept Person:\nThe program committee chair is the child of the program committee member, the conference member and the external reviewer. The chairman is the parent of the program committee chair and the administrator is the parent of the user and the administrator is the parent of the administrator.\n###Second concept Student:\nThe student is a child of the person who is the parent of the possible reviewer. The program committee member is the parent of the session chair member.\nAnswer yes or no:",
	"cmt#Person;ekaw#Presenter": "Classify if the following two concepts are the same.\n###First concept Person:\nThe program committee chair is the child of the program committee member, the conference member and the external reviewer. The chairman is the parent of the program committee chair and the administrator is the parent of the user and the administrator is the parent of the administrator.\n###Second concept Presenter:\nThe presenter is the parent of the invited speaker and the child of the conference participant and the agency staff member.\nAnswer yes or no:",
	"cmt#Document;ekaw#Accepted_Paper": "Classify if the following two concepts are the same.\n###First concept Document:\nThe document is the parent of both paper and the full version of paper. The document is also the parent of review and meta review.\n###Second concept Accepted_Paper:\nThe accepted paper is the child of the evaluated paper, the assigned paper is the child of the submitted paper and the parent of the camera ready paper.\nAnswer yes or no:",
	"cmt#Document;ekaw#Rejected_Paper": "Classify if the following two concepts are the same.\n###First concept Document:\nThe document is the parent of both paper and the full version of paper. The document is also the parent of review and meta review.\n###Second concept Rejected_Paper:\nThe rejected paper is the child of the evaluated paper and the accepted paper.\nAnswer yes or no:",
	"cmt#Document;ekaw#Evaluated_Paper": "Classify if the following two concepts are the same.\n###First concept Document:\nThe document is the parent of both paper and the full version of paper. The document is also the parent of review and meta review.\n###Second concept Evaluated_Paper:\nThe evaluated paper is the parent of accepted paper and rejected paper. It is also the child of assigned paper and submitted paper. It is also the parent of industrial paper.\nAnswer yes or no:",
	"cmt#Document;ekaw#Workshop_Paper": "Classify if the following two concepts are the same.\n###First concept Document:\nThe document is the parent of both paper and the full version of paper. The document is also the parent of review and meta review.\n###Second concept Workshop_Paper:\nThe workshop paper is a child of the document.\nAnswer yes or no:",
	"cmt#Document;ekaw#Paper": "Classify if the following two concepts are the same.\n###First concept Document:\nThe document is the parent of both paper and the full version of paper. The document is also the parent of review and meta review.\n###Second concept Paper:\nPaper is the parent of flyer and conference papers. It is also the parent of industrial paper and workshop paper.\nAnswer yes or no:",
	"cmt#Document;ekaw#Conference_Paper": "Classify if the following two concepts are the same.\n###First concept Document:\nThe document is the parent of both paper and the full version of paper. The document is also the parent of review and meta review.\n###Second concept Conference_Paper:\nThe conference paper is the child of the workshop paper.\nAnswer yes or no:",
	"cmt#Document;ekaw#Document": "Classify if the following two concepts are the same.\n###First concept Document:\nThe document is the parent of both paper and the full version of paper. The document is also the parent of review and meta review.\n###Second concept Document:\nThe parent document of the web site is the document that is the parent of the conference proceedings. The conference proceedings are also the parent of the document which is also the parent of the abstract and the invited talk abstract.\nAnswer yes or no:",
	"cmt#Document;ekaw#Paper_Author": "Classify if the following two concepts are the same.\n###First concept Document:\nThe document is the parent of both paper and the full version of paper. The document is also the parent of review and meta review.\n###Second concept Paper_Author:\nThe paper author is a child of the person who is the parent of the student.\nAnswer yes or no:",
	"cmt#Document;ekaw#Submitted_Paper": "Classify if the following two concepts are the same.\n###First concept Document:\nThe document is the parent of both paper and the full version of paper. The document is also the parent of review and meta review.\n###Second concept Submitted_Paper:\nThe paper submitted is the child of the paper which is also the parent of the camera ready paper. The assigned paper is the parent of the evaluated paper.\nAnswer yes or no:",
	"cmt#Document;ekaw#Proceedings_Publisher": "Classify if the following two concepts are the same.\n###First concept Document:\nThe document is the parent of both paper and the full version of paper. The document is also the parent of review and meta review.\n###Second concept Proceedings_Publisher:\nThe proceedings publisher is a child of an organisation which is parented by an academic institution and a research institute.\nAnswer yes or no:",
	"cmt#Document;ekaw#Poster_Paper": "Classify if the following two concepts are the same.\n###First concept Document:\nThe document is the parent of both paper and the full version of paper. The document is also the parent of review and meta review.\n###Second concept Poster_Paper:\nThe poster paper is a child of paper which is parented by the submitted paper and the assigned paper.\nAnswer yes or no:",
	"cmt#Document;ekaw#Regular_Paper": "Classify if the following two concepts are the same.\n###First concept Document:\nThe document is the parent of both paper and the full version of paper. The document is also the parent of review and meta review.\n###Second concept Regular_Paper:\nThe regular paper is the child of paper and the parent of poster paper.\nAnswer yes or no:",
	"cmt#Document;ekaw#Demo_Paper": "Classify if the following two concepts are the same.\n###First concept Document:\nThe document is the parent of both paper and the full version of paper. The document is also the parent of review and meta review.\n###Second concept Demo_Paper:\nDemo paper is a child of paper and is also a child of a document. Review is the parent of positive review.\nAnswer yes or no:",
	"cmt#Document;ekaw#Proceedings": "Classify if the following two concepts are the same.\n###First concept Document:\nThe document is the parent of both paper and the full version of paper. The document is also the parent of review and meta review.\n###Second concept Proceedings:\nThe conference proceedings are parented to the conference proceedings. The abstract and the tutorial abstract are also parented to the multi author volume.\nAnswer yes or no:",
	"cmt#Conference;ekaw#Event": "Classify if the following two concepts are the same.\n###First concept Conference:\nThe conference is child of Thing.\n###Second concept Event:\nThe social event is the parent of the scientific event, the individual presentation, the tutorial and the conference trip.\nAnswer yes or no:",
	"cmt#Conference;ekaw#Conference_Paper": "Classify if the following two concepts are the same.\n###First concept Conference:\nThe conference is child of Thing.\n###Second concept Conference_Paper:\nThe conference paper is the child of the workshop paper.\nAnswer yes or no:",
	"cmt#Conference;ekaw#Conference_Session": "Classify if the following two concepts are the same.\n###First concept Conference:\nThe conference is child of Thing.\n###Second concept Conference_Session:\nThe conference session is the parent of the industrial session and the demo session.\nAnswer yes or no:",
	"cmt#Conference;ekaw#Conference_Trip": "Classify if the following two concepts are the same.\n###First concept Conference:\nThe conference is child of Thing.\n###Second concept Conference_Trip:\nThe conference trip is a child of a social event which is parented by a scientific event which is also parented by a track.\nAnswer yes or no:",
	"cmt#Conference;ekaw#Conference_Participant": "Classify if the following two concepts are the same.\n###First concept Conference:\nThe conference is child of Thing.\n###Second concept Conference_Participant:\nThe conference participant is the parent of the workshop chair and the program committee chair. The presenter is the invited speaker and the late registered participant is the presenter. The agency staff member is also a parent of the conference participant.\nAnswer yes or no:",
	"cmt#Conference;ekaw#Invited_Talk": "Classify if the following two concepts are the same.\n###First concept Conference:\nThe conference is child of Thing.\n###Second concept Invited_Talk:\nThe invited talk is the child of the individual presentation and the contributed talk.\nAnswer yes or no:",
	"cmt#Conference;ekaw#Workshop": "Classify if the following two concepts are the same.\n###First concept Conference:\nThe conference is child of Thing.\n###Second concept Workshop:\nThe workshop is a child of a scientific event which is parented by a social event.\nAnswer yes or no:",
	"cmt#Conference;ekaw#Contributed_Talk": "Classify if the following two concepts are the same.\n###First concept Conference:\nThe conference is child of Thing.\n###Second concept Contributed_Talk:\nContributed talk is child of individual presentation which is child of a scientific event.\nAnswer yes or no:",
	"cmt#Conference;ekaw#Conference": "Classify if the following two concepts are the same.\n###First concept Conference:\nThe conference is child of Thing.\n###Second concept Conference:\nThe conference is the parent of the scientific event which is the parent of the poster session.\nAnswer yes or no:",
	"cmt#Conference;ekaw#Proceedings": "Classify if the following two concepts are the same.\n###First concept Conference:\nThe conference is child of Thing.\n###Second concept Proceedings:\nThe conference proceedings are parented to the conference proceedings. The abstract and the tutorial abstract are also parented to the multi author volume.\nAnswer yes or no:",
	"cmt#Conference;ekaw#Conference_Banquet": "Classify if the following two concepts are the same.\n###First concept Conference:\nThe conference is child of Thing.\n###Second concept Conference_Banquet:\nThe conference banquet is the child of the social event which is the parent of the conference trip.\nAnswer yes or no:",
	"cmt#Conference;ekaw#Conference_Proceedings": "Classify if the following two concepts are the same.\n###First concept Conference:\nThe conference is child of Thing.\n###Second concept Conference_Proceedings:\nThe multi author volume is a child of the proceedings of a conference. The document is the parent of the review which is the parent of the positive review.\nAnswer yes or no:",
	"cmt#Conference;ekaw#University": "Classify if the following two concepts are the same.\n###First concept Conference:\nThe conference is child of Thing.\n###Second concept University:\nThe university is a child of an academic institution which is a child of an organisation.\nAnswer yes or no:",
	"cmt#ConferenceChair;ekaw#Conference_Paper": "Classify if the following two concepts are the same.\n###First concept ConferenceChair:\nThe conference chair is the equivalent of the chairman and the parent of the conference member is the reviewer. The administrator is the parent of the conference member and the conference chair is the child of the conference member.\n###Second concept Conference_Paper:\nThe conference paper is the child of the workshop paper.\nAnswer yes or no:",
	"cmt#ConferenceChair;ekaw#Conference_Session": "Classify if the following two concepts are the same.\n###First concept ConferenceChair:\nThe conference chair is the equivalent of the chairman and the parent of the conference member is the reviewer. The administrator is the parent of the conference member and the conference chair is the child of the conference member.\n###Second concept Conference_Session:\nThe conference session is the parent of the industrial session and the demo session.\nAnswer yes or no:",
	"cmt#ConferenceChair;ekaw#Conference_Trip": "Classify if the following two concepts are the same.\n###First concept ConferenceChair:\nThe conference chair is the equivalent of the chairman and the parent of the conference member is the reviewer. The administrator is the parent of the conference member and the conference chair is the child of the conference member.\n###Second concept Conference_Trip:\nThe conference trip is a child of a social event which is parented by a scientific event which is also parented by a track.\nAnswer yes or no:",
	"cmt#ConferenceChair;ekaw#Conference_Participant": "Classify if the following two concepts are the same.\n###First concept ConferenceChair:\nThe conference chair is the equivalent of the chairman and the parent of the conference member is the reviewer. The administrator is the parent of the conference member and the conference chair is the child of the conference member.\n###Second concept Conference_Participant:\nThe conference participant is the parent of the workshop chair and the program committee chair. The presenter is the invited speaker and the late registered participant is the presenter. The agency staff member is also a parent of the conference participant.\nAnswer yes or no:",
	"cmt#ConferenceChair;ekaw#Proceedings_Publisher": "Classify if the following two concepts are the same.\n###First concept ConferenceChair:\nThe conference chair is the equivalent of the chairman and the parent of the conference member is the reviewer. The administrator is the parent of the conference member and the conference chair is the child of the conference member.\n###Second concept Proceedings_Publisher:\nThe proceedings publisher is a child of an organisation which is parented by an academic institution and a research institute.\nAnswer yes or no:",
	"cmt#ConferenceChair;ekaw#Workshop": "Classify if the following two concepts are the same.\n###First concept ConferenceChair:\nThe conference chair is the equivalent of the chairman and the parent of the conference member is the reviewer. The administrator is the parent of the conference member and the conference chair is the child of the conference member.\n###Second concept Workshop:\nThe workshop is a child of a scientific event which is parented by a social event.\nAnswer yes or no:",
	"cmt#ConferenceChair;ekaw#Conference": "Classify if the following two concepts are the same.\n###First concept ConferenceChair:\nThe conference chair is the equivalent of the chairman and the parent of the conference member is the reviewer. The administrator is the parent of the conference member and the conference chair is the child of the conference member.\n###Second concept Conference:\nThe conference is the parent of the scientific event which is the parent of the poster session.\nAnswer yes or no:",
	"cmt#ConferenceChair;ekaw#Demo_Chair": "Classify if the following two concepts are the same.\n###First concept ConferenceChair:\nThe conference chair is the equivalent of the chairman and the parent of the conference member is the reviewer. The administrator is the parent of the conference member and the conference chair is the child of the conference member.\n###Second concept Demo_Chair:\nThe demo chair is the child of the conference participant and the parent of the paper author. The program committee member is the child of a possible reviewer and the program committee member is the child of the program committee member.\nAnswer yes or no:",
	"cmt#ConferenceChair;ekaw#Tutorial_Chair": "Classify if the following two concepts are the same.\n###First concept ConferenceChair:\nThe conference chair is the equivalent of the chairman and the parent of the conference member is the reviewer. The administrator is the parent of the conference member and the conference chair is the child of the conference member.\n###Second concept Tutorial_Chair:\nThe child of a conference participant is the child of a program committee member and a possible reviewer. The child of a program committee member is the child of a parent of an agency staff member.\nAnswer yes or no:",
	"cmt#ConferenceChair;ekaw#PC_Chair": "Classify if the following two concepts are the same.\n###First concept ConferenceChair:\nThe conference chair is the equivalent of the chairman and the parent of the conference member is the reviewer. The administrator is the parent of the conference member and the conference chair is the child of the conference member.\n###Second concept PC_Chair:\nThe program committee chair is the child of the program committee member and the workshop chair. The workshop chair is the child of a conference participant.\nAnswer yes or no:",
	"cmt#ConferenceChair;ekaw#Conference_Banquet": "Classify if the following two concepts are the same.\n###First concept ConferenceChair:\nThe conference chair is the equivalent of the chairman and the parent of the conference member is the reviewer. The administrator is the parent of the conference member and the conference chair is the child of the conference member.\n###Second concept Conference_Banquet:\nThe conference banquet is the child of the social event which is the parent of the conference trip.\nAnswer yes or no:",
	"cmt#ConferenceChair;ekaw#Workshop_Chair": "Classify if the following two concepts are the same.\n###First concept ConferenceChair:\nThe conference chair is the equivalent of the chairman and the parent of the conference member is the reviewer. The administrator is the parent of the conference member and the conference chair is the child of the conference member.\n###Second concept Workshop_Chair:\nThe workshop chair is the child of a conference participant, a student and a program committee member. The session chair is also a child of a program committee member.\nAnswer yes or no:",
	"cmt#ConferenceChair;ekaw#Conference_Proceedings": "Classify if the following two concepts are the same.\n###First concept ConferenceChair:\nThe conference chair is the equivalent of the chairman and the parent of the conference member is the reviewer. The administrator is the parent of the conference member and the conference chair is the child of the conference member.\n###Second concept Conference_Proceedings:\nThe multi author volume is a child of the proceedings of a conference. The document is the parent of the review which is the parent of the positive review.\nAnswer yes or no:",
	"cmt#ConferenceChair;ekaw#Session_Chair": "Classify if the following two concepts are the same.\n###First concept ConferenceChair:\nThe conference chair is the equivalent of the chairman and the parent of the conference member is the reviewer. The administrator is the parent of the conference member and the conference chair is the child of the conference member.\n###Second concept Session_Chair:\nThe session chair is the child of the conference participant and the workshop chair. The early registered participant is also a child of the program committee member.\nAnswer yes or no:",
	"cmt#ConferenceMember;ekaw#Conference_Paper": "Classify if the following two concepts are the same.\n###First concept ConferenceMember:\nThe parent of a conference member is the parent of an external reviewer and a program committee member. The associated chair is the equivalent of the chairman and the conference chair. The reviewer is the parent of the meta reviewer and the author is the parent of the external reviewer.\n###Second concept Conference_Paper:\nThe conference paper is the child of the workshop paper.\nAnswer yes or no:",
	"cmt#ConferenceMember;ekaw#Conference_Session": "Classify if the following two concepts are the same.\n###First concept ConferenceMember:\nThe parent of a conference member is the parent of an external reviewer and a program committee member. The associated chair is the equivalent of the chairman and the conference chair. The reviewer is the parent of the meta reviewer and the author is the parent of the external reviewer.\n###Second concept Conference_Session:\nThe conference session is the parent of the industrial session and the demo session.\nAnswer yes or no:",
	"cmt#ConferenceMember;ekaw#Paper_Author": "Classify if the following two concepts are the same.\n###First concept ConferenceMember:\nThe parent of a conference member is the parent of an external reviewer and a program committee member. The associated chair is the equivalent of the chairman and the conference chair. The reviewer is the parent of the meta reviewer and the author is the parent of the external reviewer.\n###Second concept Paper_Author:\nThe paper author is a child of the person who is the parent of the student.\nAnswer yes or no:",
	"cmt#ConferenceMember;ekaw#Conference_Trip": "Classify if the following two concepts are the same.\n###First concept ConferenceMember:\nThe parent of a conference member is the parent of an external reviewer and a program committee member. The associated chair is the equivalent of the chairman and the conference chair. The reviewer is the parent of the meta reviewer and the author is the parent of the external reviewer.\n###Second concept Conference_Trip:\nThe conference trip is a child of a social event which is parented by a scientific event which is also parented by a track.\nAnswer yes or no:",
	"cmt#ConferenceMember;ekaw#Conference_Participant": "Classify if the following two concepts are the same.\n###First concept ConferenceMember:\nThe parent of a conference member is the parent of an external reviewer and a program committee member. The associated chair is the equivalent of the chairman and the conference chair. The reviewer is the parent of the meta reviewer and the author is the parent of the external reviewer.\n###Second concept Conference_Participant:\nThe conference participant is the parent of the workshop chair and the program committee chair. The presenter is the invited speaker and the late registered participant is the presenter. The agency staff member is also a parent of the conference participant.\nAnswer yes or no:",
	"cmt#ConferenceMember;ekaw#Invited_Talk_Abstract": "Classify if the following two concepts are the same.\n###First concept ConferenceMember:\nThe parent of a conference member is the parent of an external reviewer and a program committee member. The associated chair is the equivalent of the chairman and the conference chair. The reviewer is the parent of the meta reviewer and the author is the parent of the external reviewer.\n###Second concept Invited_Talk_Abstract:\nThe invited talk abstract is the child of the abstract and the tutorial abstract.\nAnswer yes or no:",
	"cmt#ConferenceMember;ekaw#Agency_Staff_Member": "Classify if the following two concepts are the same.\n###First concept ConferenceMember:\nThe parent of a conference member is the parent of an external reviewer and a program committee member. The associated chair is the equivalent of the chairman and the conference chair. The reviewer is the parent of the meta reviewer and the author is the parent of the external reviewer.\n###Second concept Agency_Staff_Member:\nThe agency staff member is the child of a person who is the parent of a possible reviewer. The program committee member is the child of a conference participant and the program committee chair is the child of an early registered participant.\nAnswer yes or no:",
	"cmt#ConferenceMember;ekaw#Invited_Talk": "Classify if the following two concepts are the same.\n###First concept ConferenceMember:\nThe parent of a conference member is the parent of an external reviewer and a program committee member. The associated chair is the equivalent of the chairman and the conference chair. The reviewer is the parent of the meta reviewer and the author is the parent of the external reviewer.\n###Second concept Invited_Talk:\nThe invited talk is the child of the individual presentation and the contributed talk.\nAnswer yes or no:",
	"cmt#ConferenceMember;ekaw#Workshop": "Classify if the following two concepts are the same.\n###First concept ConferenceMember:\nThe parent of a conference member is the parent of an external reviewer and a program committee member. The associated chair is the equivalent of the chairman and the conference chair. The reviewer is the parent of the meta reviewer and the author is the parent of the external reviewer.\n###Second concept Workshop:\nThe workshop is a child of a scientific event which is parented by a social event.\nAnswer yes or no:",
	"cmt#ConferenceMember;ekaw#Contributed_Talk": "Classify if the following two concepts are the same.\n###First concept ConferenceMember:\nThe parent of a conference member is the parent of an external reviewer and a program committee member. The associated chair is the equivalent of the chairman and the conference chair. The reviewer is the parent of the meta reviewer and the author is the parent of the external reviewer.\n###Second concept Contributed_Talk:\nContributed talk is child of individual presentation which is child of a scientific event.\nAnswer yes or no:",
	"cmt#ConferenceMember;ekaw#Conference": "Classify if the following two concepts are the same.\n###First concept ConferenceMember:\nThe parent of a conference member is the parent of an external reviewer and a program committee member. The associated chair is the equivalent of the chairman and the conference chair. The reviewer is the parent of the meta reviewer and the author is the parent of the external reviewer.\n###Second concept Conference:\nThe conference is the parent of the scientific event which is the parent of the poster session.\nAnswer yes or no:",
	"cmt#ConferenceMember;ekaw#PC_Member": "Classify if the following two concepts are the same.\n###First concept ConferenceMember:\nThe parent of a conference member is the parent of an external reviewer and a program committee member. The associated chair is the equivalent of the chairman and the conference chair. The reviewer is the parent of the meta reviewer and the author is the parent of the external reviewer.\n###Second concept PC_Member:\nThe program committee chair is the parent of the conference participant, the tutorial chair and the session chair. The program committee member is also the parent of the workshop chair and the program committee member is the parent of the workshop chair. The child of the program committee member is the child of the paper author and the child of the possible reviewer.\nAnswer yes or no:",
	"cmt#ConferenceMember;ekaw#Conference_Banquet": "Classify if the following two concepts are the same.\n###First concept ConferenceMember:\nThe parent of a conference member is the parent of an external reviewer and a program committee member. The associated chair is the equivalent of the chairman and the conference chair. The reviewer is the parent of the meta reviewer and the author is the parent of the external reviewer.\n###Second concept Conference_Banquet:\nThe conference banquet is the child of the social event which is the parent of the conference trip.\nAnswer yes or no:",
	"cmt#ConferenceMember;ekaw#Conference_Proceedings": "Classify if the following two concepts are the same.\n###First concept ConferenceMember:\nThe parent of a conference member is the parent of an external reviewer and a program committee member. The associated chair is the equivalent of the chairman and the conference chair. The reviewer is the parent of the meta reviewer and the author is the parent of the external reviewer.\n###Second concept Conference_Proceedings:\nThe multi author volume is a child of the proceedings of a conference. The document is the parent of the review which is the parent of the positive review.\nAnswer yes or no:",
	"cmt#ConferenceMember;ekaw#Invited_Speaker": "Classify if the following two concepts are the same.\n###First concept ConferenceMember:\nThe parent of a conference member is the parent of an external reviewer and a program committee member. The associated chair is the equivalent of the chairman and the conference chair. The reviewer is the parent of the meta reviewer and the author is the parent of the external reviewer.\n###Second concept Invited_Speaker:\nThe invited speaker is a child of the presenter and the conference participant.\nAnswer yes or no:",
	"cmt#ConferenceMember;ekaw#Presenter": "Classify if the following two concepts are the same.\n###First concept ConferenceMember:\nThe parent of a conference member is the parent of an external reviewer and a program committee member. The associated chair is the equivalent of the chairman and the conference chair. The reviewer is the parent of the meta reviewer and the author is the parent of the external reviewer.\n###Second concept Presenter:\nThe presenter is the parent of the invited speaker and the child of the conference participant and the agency staff member.\nAnswer yes or no:",
	"cmt#ConferenceMember;ekaw#SC_Member": "Classify if the following two concepts are the same.\n###First concept ConferenceMember:\nThe parent of a conference member is the parent of an external reviewer and a program committee member. The associated chair is the equivalent of the chairman and the conference chair. The reviewer is the parent of the meta reviewer and the author is the parent of the external reviewer.\n###Second concept SC_Member:\nThe session chair member is a child of a program committee member and a possible reviewer. The parent of a student is also a child of a possible reviewer.\nAnswer yes or no:",
	"cmt#AssociatedChair;ekaw#Demo_Chair": "Classify if the following two concepts are the same.\n###First concept AssociatedChair:\nThe associated chair is the child of a conference member and the parent of an external reviewer. The chair is equivalent to the chairman and the conference chair.\n###Second concept Demo_Chair:\nThe demo chair is the child of the conference participant and the parent of the paper author. The program committee member is the child of a possible reviewer and the program committee member is the child of the program committee member.\nAnswer yes or no:",
	"cmt#AssociatedChair;ekaw#Tutorial_Chair": "Classify if the following two concepts are the same.\n###First concept AssociatedChair:\nThe associated chair is the child of a conference member and the parent of an external reviewer. The chair is equivalent to the chairman and the conference chair.\n###Second concept Tutorial_Chair:\nThe child of a conference participant is the child of a program committee member and a possible reviewer. The child of a program committee member is the child of a parent of an agency staff member.\nAnswer yes or no:",
	"cmt#AssociatedChair;ekaw#PC_Chair": "Classify if the following two concepts are the same.\n###First concept AssociatedChair:\nThe associated chair is the child of a conference member and the parent of an external reviewer. The chair is equivalent to the chairman and the conference chair.\n###Second concept PC_Chair:\nThe program committee chair is the child of the program committee member and the workshop chair. The workshop chair is the child of a conference participant.\nAnswer yes or no:",
	"cmt#AssociatedChair;ekaw#Workshop_Chair": "Classify if the following two concepts are the same.\n###First concept AssociatedChair:\nThe associated chair is the child of a conference member and the parent of an external reviewer. The chair is equivalent to the chairman and the conference chair.\n###Second concept Workshop_Chair:\nThe workshop chair is the child of a conference participant, a student and a program committee member. The session chair is also a child of a program committee member.\nAnswer yes or no:",
	"cmt#AssociatedChair;ekaw#Session_Chair": "Classify if the following two concepts are the same.\n###First concept AssociatedChair:\nThe associated chair is the child of a conference member and the parent of an external reviewer. The chair is equivalent to the chairman and the conference chair.\n###Second concept Session_Chair:\nThe session chair is the child of the conference participant and the workshop chair. The early registered participant is also a child of the program committee member.\nAnswer yes or no:",
	"cmt#ProgramCommitteeMember;ekaw#Agency_Staff_Member": "Classify if the following two concepts are the same.\n###First concept ProgramCommitteeMember:\nThe program committee chair is the parent of the program committee member who is the child of a conference member. The chair is the equivalent of chairman and associated chair.\n###Second concept Agency_Staff_Member:\nThe agency staff member is the child of a person who is the parent of a possible reviewer. The program committee member is the child of a conference participant and the program committee chair is the child of an early registered participant.\nAnswer yes or no:",
	"cmt#ProgramCommitteeMember;ekaw#PC_Member": "Classify if the following two concepts are the same.\n###First concept ProgramCommitteeMember:\nThe program committee chair is the parent of the program committee member who is the child of a conference member. The chair is the equivalent of chairman and associated chair.\n###Second concept PC_Member:\nThe program committee chair is the parent of the conference participant, the tutorial chair and the session chair. The program committee member is also the parent of the workshop chair and the program committee member is the parent of the workshop chair. The child of the program committee member is the child of the paper author and the child of the possible reviewer.\nAnswer yes or no:",
	"cmt#ProgramCommitteeMember;ekaw#SC_Member": "Classify if the following two concepts are the same.\n###First concept ProgramCommitteeMember:\nThe program committee chair is the parent of the program committee member who is the child of a conference member. The chair is the equivalent of chairman and associated chair.\n###Second concept SC_Member:\nThe session chair member is a child of a program committee member and a possible reviewer. The parent of a student is also a child of a possible reviewer.\nAnswer yes or no:",
	"cmt#AuthorNotReviewer;ekaw#Paper_Author": "Classify if the following two concepts are the same.\n###First concept AuthorNotReviewer:\nThe author, who is not a reviewer, is the child of the author and the parent of the co author.\n###Second concept Paper_Author:\nThe paper author is a child of the person who is the parent of the student.\nAnswer yes or no:",
	"cmt#AuthorNotReviewer;ekaw#Negative_Review": "Classify if the following two concepts are the same.\n###First concept AuthorNotReviewer:\nThe author, who is not a reviewer, is the child of the author and the parent of the co author.\n###Second concept Negative_Review:\nThe negative review is the parent of the neutral review.\nAnswer yes or no:",
	"cmt#AuthorNotReviewer;ekaw#Neutral_Review": "Classify if the following two concepts are the same.\n###First concept AuthorNotReviewer:\nThe author, who is not a reviewer, is the child of the author and the parent of the co author.\n###Second concept Neutral_Review:\nThe neutral review is the parent of the negative review.\nAnswer yes or no:",
	"cmt#AuthorNotReviewer;ekaw#Possible_Reviewer": "Classify if the following two concepts are the same.\n###First concept AuthorNotReviewer:\nThe author, who is not a reviewer, is the child of the author and the parent of the co author.\n###Second concept Possible_Reviewer:\nThe program committee chair is the parent of the conference participant and the agency staff member. The child of the conference participant is the child of the program committee member and the possible reviewer is the parent of the program committee member.\nAnswer yes or no:",
	"cmt#ExternalReviewer;ekaw#Negative_Review": "Classify if the following two concepts are the same.\n###First concept ExternalReviewer:\nThe external reviewer is the child of the conference member and the parent of the conference member.\n###Second concept Negative_Review:\nThe negative review is the parent of the neutral review.\nAnswer yes or no:",
	"cmt#ExternalReviewer;ekaw#Neutral_Review": "Classify if the following two concepts are the same.\n###First concept ExternalReviewer:\nThe external reviewer is the child of the conference member and the parent of the conference member.\n###Second concept Neutral_Review:\nThe neutral review is the parent of the negative review.\nAnswer yes or no:",
	"cmt#ExternalReviewer;ekaw#Possible_Reviewer": "Classify if the following two concepts are the same.\n###First concept ExternalReviewer:\nThe external reviewer is the child of the conference member and the parent of the conference member.\n###Second concept Possible_Reviewer:\nThe program committee chair is the parent of the conference participant and the agency staff member. The child of the conference participant is the child of the program committee member and the possible reviewer is the parent of the program committee member.\nAnswer yes or no:",
	"cmt#Chairman;ekaw#Organisation": "Classify if the following two concepts are the same.\n###First concept Chairman:\nThe chair of the program committee is the child of the program committee member and the associated chair. The chairman is the parent of the user and the associated chair. The chair is also the child of the program committee member and the parent of the administrator.\n###Second concept Organisation:\nThe parent organisation is the academic institution, the research institute, the organising agency and the proceedings publisher.\nAnswer yes or no:",
	"cmt#Chairman;ekaw#Agency_Staff_Member": "Classify if the following two concepts are the same.\n###First concept Chairman:\nThe chair of the program committee is the child of the program committee member and the associated chair. The chairman is the parent of the user and the associated chair. The chair is also the child of the program committee member and the parent of the administrator.\n###Second concept Agency_Staff_Member:\nThe agency staff member is the child of a person who is the parent of a possible reviewer. The program committee member is the child of a conference participant and the program committee chair is the child of an early registered participant.\nAnswer yes or no:",
	"cmt#Chairman;ekaw#Presenter": "Classify if the following two concepts are the same.\n###First concept Chairman:\nThe chair of the program committee is the child of the program committee member and the associated chair. The chairman is the parent of the user and the associated chair. The chair is also the child of the program committee member and the parent of the administrator.\n###Second concept Presenter:\nThe presenter is the parent of the invited speaker and the child of the conference participant and the agency staff member.\nAnswer yes or no:",
	"cmt#ProgramCommitteeChair;ekaw#Demo_Chair": "Classify if the following two concepts are the same.\n###First concept ProgramCommitteeChair:\nThe program committee chair is the child of a program committee member and a conference member. The chair is the equivalent of chairman and associated chair.\n###Second concept Demo_Chair:\nThe demo chair is the child of the conference participant and the parent of the paper author. The program committee member is the child of a possible reviewer and the program committee member is the child of the program committee member.\nAnswer yes or no:",
	"cmt#ProgramCommitteeChair;ekaw#Tutorial_Chair": "Classify if the following two concepts are the same.\n###First concept ProgramCommitteeChair:\nThe program committee chair is the child of a program committee member and a conference member. The chair is the equivalent of chairman and associated chair.\n###Second concept Tutorial_Chair:\nThe child of a conference participant is the child of a program committee member and a possible reviewer. The child of a program committee member is the child of a parent of an agency staff member.\nAnswer yes or no:",
	"cmt#ProgramCommitteeChair;ekaw#PC_Chair": "Classify if the following two concepts are the same.\n###First concept ProgramCommitteeChair:\nThe program committee chair is the child of a program committee member and a conference member. The chair is the equivalent of chairman and associated chair.\n###Second concept PC_Chair:\nThe program committee chair is the child of the program committee member and the workshop chair. The workshop chair is the child of a conference participant.\nAnswer yes or no:",
	"cmt#ProgramCommitteeChair;ekaw#Workshop_Chair": "Classify if the following two concepts are the same.\n###First concept ProgramCommitteeChair:\nThe program committee chair is the child of a program committee member and a conference member. The chair is the equivalent of chairman and associated chair.\n###Second concept Workshop_Chair:\nThe workshop chair is the child of a conference participant, a student and a program committee member. The session chair is also a child of a program committee member.\nAnswer yes or no:",
	"cmt#ProgramCommitteeChair;ekaw#Session_Chair": "Classify if the following two concepts are the same.\n###First concept ProgramCommitteeChair:\nThe program committee chair is the child of a program committee member and a conference member. The chair is the equivalent of chairman and associated chair.\n###Second concept Session_Chair:\nThe session chair is the child of the conference participant and the workshop chair. The early registered participant is also a child of the program committee member.\nAnswer yes or no:",
	"cmt#Acceptance;ekaw#Accepted_Paper": "Classify if the following two concepts are the same.\n###First concept Acceptance:\nAcceptance is the child of the decision and rejection is the parent of the decision.\n###Second concept Accepted_Paper:\nThe accepted paper is the child of the evaluated paper, the assigned paper is the child of the submitted paper and the parent of the camera ready paper.\nAnswer yes or no:",
	"cmt#Rejection;ekaw#Rejected_Paper": "Classify if the following two concepts are the same.\n###First concept Rejection:\nThe rejection is the child of the decision which is the parent of the acceptance.\n###Second concept Rejected_Paper:\nThe rejected paper is the child of the evaluated paper and the accepted paper.\nAnswer yes or no:",
	"cmt#Review;ekaw#Review": "Classify if the following two concepts are the same.\n###First concept Review:\nReview is a child of both paper and meta review. The paper abstract is also a child of review.\n###Second concept Review:\nReview is the parent of both the positive review and the neutral review. It is the parent of the conference proceedings and the multi author volume.\nAnswer yes or no:",
	"cmt#Paper;ekaw#Accepted_Paper": "Classify if the following two concepts are the same.\n###First concept Paper:\nThe paper is the parent of the paper full version and the paper abstract. It is also the parent of review and meta review.\n###Second concept Accepted_Paper:\nThe accepted paper is the child of the evaluated paper, the assigned paper is the child of the submitted paper and the parent of the camera ready paper.\nAnswer yes or no:",
	"cmt#Paper;ekaw#Rejected_Paper": "Classify if the following two concepts are the same.\n###First concept Paper:\nThe paper is the parent of the paper full version and the paper abstract. It is also the parent of review and meta review.\n###Second concept Rejected_Paper:\nThe rejected paper is the child of the evaluated paper and the accepted paper.\nAnswer yes or no:",
	"cmt#Paper;ekaw#Workshop_Paper": "Classify if the following two concepts are the same.\n###First concept Paper:\nThe paper is the parent of the paper full version and the paper abstract. It is also the parent of review and meta review.\n###Second concept Workshop_Paper:\nThe workshop paper is a child of the document.\nAnswer yes or no:",
	"cmt#Paper;ekaw#Industrial_Paper": "Classify if the following two concepts are the same.\n###First concept Paper:\nThe paper is the parent of the paper full version and the paper abstract. It is also the parent of review and meta review.\n###Second concept Industrial_Paper:\nIndustrial paper is the child of paper and is the parent of demo paper.\nAnswer yes or no:",
	"cmt#Paper;ekaw#Paper": "Classify if the following two concepts are the same.\n###First concept Paper:\nThe paper is the parent of the paper full version and the paper abstract. It is also the parent of review and meta review.\n###Second concept Paper:\nPaper is the parent of flyer and conference papers. It is also the parent of industrial paper and workshop paper.\nAnswer yes or no:",
	"cmt#Paper;ekaw#Conference_Paper": "Classify if the following two concepts are the same.\n###First concept Paper:\nThe paper is the parent of the paper full version and the paper abstract. It is also the parent of review and meta review.\n###Second concept Conference_Paper:\nThe conference paper is the child of the workshop paper.\nAnswer yes or no:",
	"cmt#Paper;ekaw#Poster_Session": "Classify if the following two concepts are the same.\n###First concept Paper:\nThe paper is the parent of the paper full version and the paper abstract. It is also the parent of review and meta review.\n###Second concept Poster_Session:\nThe poster session is a child of a scientific event.\nAnswer yes or no:",
	"cmt#Paper;ekaw#Document": "Classify if the following two concepts are the same.\n###First concept Paper:\nThe paper is the parent of the paper full version and the paper abstract. It is also the parent of review and meta review.\n###Second concept Document:\nThe parent document of the web site is the document that is the parent of the conference proceedings. The conference proceedings are also the parent of the document which is also the parent of the abstract and the invited talk abstract.\nAnswer yes or no:",
	"cmt#Paper;ekaw#Paper_Author": "Classify if the following two concepts are the same.\n###First concept Paper:\nThe paper is the parent of the paper full version and the paper abstract. It is also the parent of review and meta review.\n###Second concept Paper_Author:\nThe paper author is a child of the person who is the parent of the student.\nAnswer yes or no:",
	"cmt#Paper;ekaw#Submitted_Paper": "Classify if the following two concepts are the same.\n###First concept Paper:\nThe paper is the parent of the paper full version and the paper abstract. It is also the parent of review and meta review.\n###Second concept Submitted_Paper:\nThe paper submitted is the child of the paper which is also the parent of the camera ready paper. The assigned paper is the parent of the evaluated paper.\nAnswer yes or no:",
	"cmt#Paper;ekaw#Poster_Paper": "Classify if the following two concepts are the same.\n###First concept Paper:\nThe paper is the parent of the paper full version and the paper abstract. It is also the parent of review and meta review.\n###Second concept Poster_Paper:\nThe poster paper is a child of paper which is parented by the submitted paper and the assigned paper.\nAnswer yes or no:",
	"cmt#Paper;ekaw#Regular_Paper": "Classify if the following two concepts are the same.\n###First concept Paper:\nThe paper is the parent of the paper full version and the paper abstract. It is also the parent of review and meta review.\n###Second concept Regular_Paper:\nThe regular paper is the child of paper and the parent of poster paper.\nAnswer yes or no:",
	"cmt#Paper;ekaw#Demo_Paper": "Classify if the following two concepts are the same.\n###First concept Paper:\nThe paper is the parent of the paper full version and the paper abstract. It is also the parent of review and meta review.\n###Second concept Demo_Paper:\nDemo paper is a child of paper and is also a child of a document. Review is the parent of positive review.\nAnswer yes or no:",
	"cmt#Author;ekaw#Person": "Classify if the following two concepts are the same.\n###First concept Author:\nThe author is the child of a conference member, the associated chair, the co author and the user. The administrator is the parent of the user and not the reviewer.\n###Second concept Person:\nThe parent of a conference participant is the presenter, the invited speaker, the agency staff member, the student, the paper author and the possible reviewer. The program committee member and the session chair are both members of the program committee.\nAnswer yes or no:",
	"cmt#Author;ekaw#Paper_Author": "Classify if the following two concepts are the same.\n###First concept Author:\nThe author is the child of a conference member, the associated chair, the co author and the user. The administrator is the parent of the user and not the reviewer.\n###Second concept Paper_Author:\nThe paper author is a child of the person who is the parent of the student.\nAnswer yes or no:",
	"cmt#Author;ekaw#Research_Institute": "Classify if the following two concepts are the same.\n###First concept Author:\nThe author is the child of a conference member, the associated chair, the co author and the user. The administrator is the parent of the user and not the reviewer.\n###Second concept Research_Institute:\nThe research institute is the child of the academic institution which is the parent of the university.\nAnswer yes or no:",
	"cmt#User;ekaw#Person": "Classify if the following two concepts are the same.\n###First concept User:\nThe administrator is the parent of the user who is the child of the program committee member and the conference member. The reviewer is the child of the conference member and the author is the parent of the author not the reviewer.\n###Second concept Person:\nThe parent of a conference participant is the presenter, the invited speaker, the agency staff member, the student, the paper author and the possible reviewer. The program committee member and the session chair are both members of the program committee.\nAnswer yes or no:",
	"cmt#User;ekaw#Web_Site": "Classify if the following two concepts are the same.\n###First concept User:\nThe administrator is the parent of the user who is the child of the program committee member and the conference member. The reviewer is the child of the conference member and the author is the parent of the author not the reviewer.\n###Second concept Web_Site:\nThe web site is a child of a document which is parented by paper.\nAnswer yes or no:",
	"cmt#User;ekaw#Student": "Classify if the following two concepts are the same.\n###First concept User:\nThe administrator is the parent of the user who is the child of the program committee member and the conference member. The reviewer is the child of the conference member and the author is the parent of the author not the reviewer.\n###Second concept Student:\nThe student is a child of the person who is the parent of the possible reviewer. The program committee member is the parent of the session chair member.\nAnswer yes or no:",
	"cmt#Co-author;ekaw#Person": "Classify if the following two concepts are the same.\n###First concept Co-author:\nThe co author is the child of the author who is not a reviewer.\n###Second concept Person:\nThe parent of a conference participant is the presenter, the invited speaker, the agency staff member, the student, the paper author and the possible reviewer. The program committee member and the session chair are both members of the program committee.\nAnswer yes or no:",
	"cmt#Co-author;ekaw#Paper_Author": "Classify if the following two concepts are the same.\n###First concept Co-author:\nThe co author is the child of the author who is not a reviewer.\n###Second concept Paper_Author:\nThe paper author is a child of the person who is the parent of the student.\nAnswer yes or no:",
	"cmt#Co-author;ekaw#Conference_Participant": "Classify if the following two concepts are the same.\n###First concept Co-author:\nThe co author is the child of the author who is not a reviewer.\n###Second concept Conference_Participant:\nThe conference participant is the parent of the workshop chair and the program committee chair. The presenter is the invited speaker and the late registered participant is the presenter. The agency staff member is also a parent of the conference participant.\nAnswer yes or no:",
	"cmt#Co-author;ekaw#Agency_Staff_Member": "Classify if the following two concepts are the same.\n###First concept Co-author:\nThe co author is the child of the author who is not a reviewer.\n###Second concept Agency_Staff_Member:\nThe agency staff member is the child of a person who is the parent of a possible reviewer. The program committee member is the child of a conference participant and the program committee chair is the child of an early registered participant.\nAnswer yes or no:",
	"cmt#Co-author;ekaw#Contributed_Talk": "Classify if the following two concepts are the same.\n###First concept Co-author:\nThe co author is the child of the author who is not a reviewer.\n###Second concept Contributed_Talk:\nContributed talk is child of individual presentation which is child of a scientific event.\nAnswer yes or no:",
	"cmt#PaperAbstract;ekaw#Industrial_Paper": "Classify if the following two concepts are the same.\n###First concept PaperAbstract:\nThe paper abstract is a child of paper and a document.\n###Second concept Industrial_Paper:\nIndustrial paper is the child of paper and is the parent of demo paper.\nAnswer yes or no:",
	"cmt#PaperAbstract;ekaw#Paper": "Classify if the following two concepts are the same.\n###First concept PaperAbstract:\nThe paper abstract is a child of paper and a document.\n###Second concept Paper:\nPaper is the parent of flyer and conference papers. It is also the parent of industrial paper and workshop paper.\nAnswer yes or no:",
	"cmt#PaperAbstract;ekaw#Document": "Classify if the following two concepts are the same.\n###First concept PaperAbstract:\nThe paper abstract is a child of paper and a document.\n###Second concept Document:\nThe parent document of the web site is the document that is the parent of the conference proceedings. The conference proceedings are also the parent of the document which is also the parent of the abstract and the invited talk abstract.\nAnswer yes or no:",
	"cmt#PaperAbstract;ekaw#Paper_Author": "Classify if the following two concepts are the same.\n###First concept PaperAbstract:\nThe paper abstract is a child of paper and a document.\n###Second concept Paper_Author:\nThe paper author is a child of the person who is the parent of the student.\nAnswer yes or no:",
	"cmt#PaperAbstract;ekaw#Poster_Paper": "Classify if the following two concepts are the same.\n###First concept PaperAbstract:\nThe paper abstract is a child of paper and a document.\n###Second concept Poster_Paper:\nThe poster paper is a child of paper which is parented by the submitted paper and the assigned paper.\nAnswer yes or no:",
	"cmt#PaperAbstract;ekaw#Regular_Paper": "Classify if the following two concepts are the same.\n###First concept PaperAbstract:\nThe paper abstract is a child of paper and a document.\n###Second concept Regular_Paper:\nThe regular paper is the child of paper and the parent of poster paper.\nAnswer yes or no:",
	"cmt#PaperFullVersion;ekaw#Paper": "Classify if the following two concepts are the same.\n###First concept PaperFullVersion:\nThe full version of paper is a child of the document which is the parent of the review.\n###Second concept Paper:\nPaper is the parent of flyer and conference papers. It is also the parent of industrial paper and workshop paper.\nAnswer yes or no:",
	"cmt#PaperFullVersion;ekaw#Document": "Classify if the following two concepts are the same.\n###First concept PaperFullVersion:\nThe full version of paper is a child of the document which is the parent of the review.\n###Second concept Document:\nThe parent document of the web site is the document that is the parent of the conference proceedings. The conference proceedings are also the parent of the document which is also the parent of the abstract and the invited talk abstract.\nAnswer yes or no:",
	"cmt#PaperFullVersion;ekaw#Paper_Author": "Classify if the following two concepts are the same.\n###First concept PaperFullVersion:\nThe full version of paper is a child of the document which is the parent of the review.\n###Second concept Paper_Author:\nThe paper author is a child of the person who is the parent of the student.\nAnswer yes or no:",
	"cmt#PaperFullVersion;ekaw#Poster_Paper": "Classify if the following two concepts are the same.\n###First concept PaperFullVersion:\nThe full version of paper is a child of the document which is the parent of the review.\n###Second concept Poster_Paper:\nThe poster paper is a child of paper which is parented by the submitted paper and the assigned paper.\nAnswer yes or no:",
	"cmt#PaperFullVersion;ekaw#Regular_Paper": "Classify if the following two concepts are the same.\n###First concept PaperFullVersion:\nThe full version of paper is a child of the document which is the parent of the review.\n###Second concept Regular_Paper:\nThe regular paper is the child of paper and the parent of poster paper.\nAnswer yes or no:",
	"cmt#Administrator;ekaw#Paper_Author": "Classify if the following two concepts are the same.\n###First concept Administrator:\nThe administrator is the child of the user and the parent of the chairman. The chairman is the equivalent of the chair of the program committee.\n###Second concept Paper_Author:\nThe paper author is a child of the person who is the parent of the student.\nAnswer yes or no:",
	"cmt#Administrator;ekaw#Organisation": "Classify if the following two concepts are the same.\n###First concept Administrator:\nThe administrator is the child of the user and the parent of the chairman. The chairman is the equivalent of the chair of the program committee.\n###Second concept Organisation:\nThe parent organisation is the academic institution, the research institute, the organising agency and the proceedings publisher.\nAnswer yes or no:",
	"cmt#Meta-Review;ekaw#Positive_Review": "Classify if the following two concepts are the same.\n###First concept Meta-Review:\nMeta review is a child of review which is a child of document.\n###Second concept Positive_Review:\nThe positive review is the parent of the neutral review.\nAnswer yes or no:",
	"cmt#Meta-Review;ekaw#Negative_Review": "Classify if the following two concepts are the same.\n###First concept Meta-Review:\nMeta review is a child of review which is a child of document.\n###Second concept Negative_Review:\nThe negative review is the parent of the neutral review.\nAnswer yes or no:",
	"cmt#Meta-Review;ekaw#Neutral_Review": "Classify if the following two concepts are the same.\n###First concept Meta-Review:\nMeta review is a child of review which is a child of document.\n###Second concept Neutral_Review:\nThe neutral review is the parent of the negative review.\nAnswer yes or no:",
	"cmt#Meta-Review;ekaw#Possible_Reviewer": "Classify if the following two concepts are the same.\n###First concept Meta-Review:\nMeta review is a child of review which is a child of document.\n###Second concept Possible_Reviewer:\nThe program committee chair is the parent of the conference participant and the agency staff member. The child of the conference participant is the child of the program committee member and the possible reviewer is the parent of the program committee member.\nAnswer yes or no:"
}