{
	"confOf#Trip;edas#Excursion": "Classify if the following two concepts are the same.\n###First concept Trip:\nThe child of a social event is the child of the reception.\n###Second concept Excursion:\nThe excursion is a child of a social event which is parented by a reception.\nAnswer yes or no:",
	"confOf#Trip;edas#TravelGrant": "Classify if the following two concepts are the same.\n###First concept Trip:\nThe child of a social event is the child of the reception.\n###Second concept TravelGrant:\nThe travel grant is a child of sponsorship.\nAnswer yes or no:",
	"confOf#Banquet;edas#MealMenu": "Classify if the following two concepts are the same.\n###First concept Banquet:\nA banquet is a social event.\n###Second concept MealMenu:\nThe meal menu is a child of the document which is the parent of the programme.\nAnswer yes or no:",
	"confOf#Banquet;edas#ConferenceEvent": "Classify if the following two concepts are the same.\n###First concept Banquet:\nA banquet is a social event.\n###Second concept ConferenceEvent:\nThe conference event is the parent of both the academic event and the welcome talk. The social event is also the parent of the conference event.\nAnswer yes or no:",
	"confOf#Banquet;edas#Conference": "Classify if the following two concepts are the same.\n###First concept Banquet:\nA banquet is a social event.\n###Second concept Conference:\nThe conference is the child of Thing and is equivalent to a two level conference and a single level conference.\nAnswer yes or no:",
	"confOf#Banquet;edas#MealEvent": "Classify if the following two concepts are the same.\n###First concept Banquet:\nA banquet is a social event.\n###Second concept MealEvent:\nA meal event is a child of an academic event, a social event, an excursion and a conference dinner.\nAnswer yes or no:",
	"confOf#Banquet;edas#ConferenceChair": "Classify if the following two concepts are the same.\n###First concept Banquet:\nA banquet is a social event.\n###Second concept ConferenceChair:\nThe conference chair is the child of the person who attended the conference.\nAnswer yes or no:",
	"confOf#Banquet;edas#DiningPlace": "Classify if the following two concepts are the same.\n###First concept Banquet:\nA banquet is a social event.\n###Second concept DiningPlace:\nThe dining place is the child of the accommodation place.\nAnswer yes or no:",
	"confOf#Banquet;edas#Workshop": "Classify if the following two concepts are the same.\n###First concept Banquet:\nA banquet is a social event.\n###Second concept Workshop:\nThe workshop is the child of an academic event which is the parent of an organizational meeting.\nAnswer yes or no:",
	"confOf#Banquet;edas#ConferenceVenuePlace": "Classify if the following two concepts are the same.\n###First concept Banquet:\nA banquet is a social event.\n###Second concept ConferenceVenuePlace:\nThe conference venue is the parent of the dining place.\nAnswer yes or no:",
	"confOf#Banquet;edas#ConferenceDinner": "Classify if the following two concepts are the same.\n###First concept Banquet:\nA banquet is a social event.\n###Second concept ConferenceDinner:\nThe conference dinner is a non-academic event.\nAnswer yes or no:",
	"confOf#Reception;edas#WirelessCommunicationsTopic": "Classify if the following two concepts are the same.\n###First concept Reception:\nThe reception is the child of a social event which is the parent of a banquet.\n###Second concept WirelessCommunicationsTopic:\nThe wireless communications topic is a child of the cad topic.\nAnswer yes or no:",
	"confOf#Reception;edas#CommunicationsTopic": "Classify if the following two concepts are the same.\n###First concept Reception:\nThe reception is the child of a social event which is the parent of a banquet.\n###Second concept CommunicationsTopic:\nThe topic of communications is the child of the performance topic.\nAnswer yes or no:",
	"confOf#Reception;edas#AntennasTopic": "Classify if the following two concepts are the same.\n###First concept Reception:\nThe reception is the child of a social event which is the parent of a banquet.\n###Second concept AntennasTopic:\nThe topic of antennas is a child of the topic of computer architecture.\nAnswer yes or no:",
	"confOf#Reception;edas#RadioCommunicationsTopic": "Classify if the following two concepts are the same.\n###First concept Reception:\nThe reception is the child of a social event which is the parent of a banquet.\n###Second concept RadioCommunicationsTopic:\nThe radio communication topic is a child of the communication theory topic.\nAnswer yes or no:",
	"confOf#Reception;edas#CommunicationTheoryTopic": "Classify if the following two concepts are the same.\n###First concept Reception:\nThe reception is the child of a social event which is the parent of a banquet.\n###Second concept CommunicationTheoryTopic:\nThe communication theory topic is a child of the multimedia topic.\nAnswer yes or no:",
	"confOf#Reception;edas#Reception": "Classify if the following two concepts are the same.\n###First concept Reception:\nThe reception is the child of a social event which is the parent of a banquet.\n###Second concept Reception:\nThe social event is the child of the reception and the parent of the excursion.\nAnswer yes or no:",
	"confOf#Social_event;edas#ConferenceEvent": "Classify if the following two concepts are the same.\n###First concept Social_event:\nThe social event is the parent of the banquet, the reception and the trip. It is also the parent of the administrative event which is also the parent of the camera ready event.\n###Second concept ConferenceEvent:\nThe conference event is the parent of both the academic event and the welcome talk. The social event is also the parent of the conference event.\nAnswer yes or no:",
	"confOf#Social_event;edas#MealEvent": "Classify if the following two concepts are the same.\n###First concept Social_event:\nThe social event is the parent of the banquet, the reception and the trip. It is also the parent of the administrative event which is also the parent of the camera ready event.\n###Second concept MealEvent:\nA meal event is a child of an academic event, a social event, an excursion and a conference dinner.\nAnswer yes or no:",
	"confOf#Social_event;edas#NonAcademicEvent": "Classify if the following two concepts are the same.\n###First concept Social_event:\nThe social event is the parent of the banquet, the reception and the trip. It is also the parent of the administrative event which is also the parent of the camera ready event.\n###Second concept NonAcademicEvent:\nThe non academic event is the parent of the conference event. It is also the parent of the social event which is the reception. It is also the parent of the meal event which is also the parent of the conference dinner.\nAnswer yes or no:",
	"confOf#Social_event;edas#BreakEvent": "Classify if the following two concepts are the same.\n###First concept Social_event:\nThe social event is the parent of the banquet, the reception and the trip. It is also the parent of the administrative event which is also the parent of the camera ready event.\n###Second concept BreakEvent:\nThe break event is the parent of the conference dinner and the non academic event. It is also the equivalent of a coffee break and a meal break.\nAnswer yes or no:",
	"confOf#Social_event;edas#TalkEvent": "Classify if the following two concepts are the same.\n###First concept Social_event:\nThe social event is the parent of the banquet, the reception and the trip. It is also the parent of the administrative event which is also the parent of the camera ready event.\n###Second concept TalkEvent:\nThe talk event is the parent of the conference event and the welcome talk. It is also the parent of the closing talk and the academic event.\nAnswer yes or no:",
	"confOf#Social_event;edas#AcademicEvent": "Classify if the following two concepts are the same.\n###First concept Social_event:\nThe social event is the parent of the banquet, the reception and the trip. It is also the parent of the administrative event which is also the parent of the camera ready event.\n###Second concept AcademicEvent:\nThe academic event is the parent of the workshop and the organizational meeting. It is also the parent of the conference and non academic events. The closing talk and the paper presentation are both academic events.\nAnswer yes or no:",
	"confOf#Social_event;edas#SocialEvent": "Classify if the following two concepts are the same.\n###First concept Social_event:\nThe social event is the parent of the banquet, the reception and the trip. It is also the parent of the administrative event which is also the parent of the camera ready event.\n###Second concept SocialEvent:\nA social event is a non academic event which is the parent of a conference event. It is also the parent of a reception and an excursion.\nAnswer yes or no:",
	"confOf#Event;edas#Topic": "Classify if the following two concepts are the same.\n###First concept Event:\nThe parent event of a working event is a social event. It is also the parent event of a banquet. It is also the parent event of a submission event. It is also the parent event of an administrative event.\n###Second concept Topic:\nThe topic of multimedia is the parent of the topic of computer architecture, radio communications and mobile computing.\nAnswer yes or no:",
	"confOf#Event;edas#ConferenceEvent": "Classify if the following two concepts are the same.\n###First concept Event:\nThe parent event of a working event is a social event. It is also the parent event of a banquet. It is also the parent event of a submission event. It is also the parent event of an administrative event.\n###Second concept ConferenceEvent:\nThe conference event is the parent of both the academic event and the welcome talk. The social event is also the parent of the conference event.\nAnswer yes or no:",
	"confOf#Event;edas#Conference": "Classify if the following two concepts are the same.\n###First concept Event:\nThe parent event of a working event is a social event. It is also the parent event of a banquet. It is also the parent event of a submission event. It is also the parent event of an administrative event.\n###Second concept Conference:\nThe conference is the child of Thing and is equivalent to a two level conference and a single level conference.\nAnswer yes or no:",
	"confOf#Event;edas#Sponsorship": "Classify if the following two concepts are the same.\n###First concept Event:\nThe parent event of a working event is a social event. It is also the parent event of a banquet. It is also the parent event of a submission event. It is also the parent event of an administrative event.\n###Second concept Sponsorship:\nThe parent company of sponsorship is the travel grant.\nAnswer yes or no:",
	"confOf#Event;edas#MealEvent": "Classify if the following two concepts are the same.\n###First concept Event:\nThe parent event of a working event is a social event. It is also the parent event of a banquet. It is also the parent event of a submission event. It is also the parent event of an administrative event.\n###Second concept MealEvent:\nA meal event is a child of an academic event, a social event, an excursion and a conference dinner.\nAnswer yes or no:",
	"confOf#Event;edas#NonAcademicEvent": "Classify if the following two concepts are the same.\n###First concept Event:\nThe parent event of a working event is a social event. It is also the parent event of a banquet. It is also the parent event of a submission event. It is also the parent event of an administrative event.\n###Second concept NonAcademicEvent:\nThe non academic event is the parent of the conference event. It is also the parent of the social event which is the reception. It is also the parent of the meal event which is also the parent of the conference dinner.\nAnswer yes or no:",
	"confOf#Event;edas#BreakEvent": "Classify if the following two concepts are the same.\n###First concept Event:\nThe parent event of a working event is a social event. It is also the parent event of a banquet. It is also the parent event of a submission event. It is also the parent event of an administrative event.\n###Second concept BreakEvent:\nThe break event is the parent of the conference dinner and the non academic event. It is also the equivalent of a coffee break and a meal break.\nAnswer yes or no:",
	"confOf#Event;edas#Attendee": "Classify if the following two concepts are the same.\n###First concept Event:\nThe parent event of a working event is a social event. It is also the parent event of a banquet. It is also the parent event of a submission event. It is also the parent event of an administrative event.\n###Second concept Attendee:\nThe child of the session chair is the child of the person who attended.\nAnswer yes or no:",
	"confOf#Event;edas#TalkEvent": "Classify if the following two concepts are the same.\n###First concept Event:\nThe parent event of a working event is a social event. It is also the parent event of a banquet. It is also the parent event of a submission event. It is also the parent event of an administrative event.\n###Second concept TalkEvent:\nThe talk event is the parent of the conference event and the welcome talk. It is also the parent of the closing talk and the academic event.\nAnswer yes or no:",
	"confOf#Event;edas#AcademicEvent": "Classify if the following two concepts are the same.\n###First concept Event:\nThe parent event of a working event is a social event. It is also the parent event of a banquet. It is also the parent event of a submission event. It is also the parent event of an administrative event.\n###Second concept AcademicEvent:\nThe academic event is the parent of the workshop and the organizational meeting. It is also the parent of the conference and non academic events. The closing talk and the paper presentation are both academic events.\nAnswer yes or no:",
	"confOf#Event;edas#SocialEvent": "Classify if the following two concepts are the same.\n###First concept Event:\nThe parent event of a working event is a social event. It is also the parent event of a banquet. It is also the parent event of a submission event. It is also the parent event of an administrative event.\n###Second concept SocialEvent:\nA social event is a non academic event which is the parent of a conference event. It is also the parent of a reception and an excursion.\nAnswer yes or no:",
	"confOf#Contribution;edas#Sponsorship": "Classify if the following two concepts are the same.\n###First concept Contribution:\nThe contribution of a short paper is the parent of a poster and the child of Thing.\n###Second concept Sponsorship:\nThe parent company of sponsorship is the travel grant.\nAnswer yes or no:",
	"confOf#Contribution;edas#Person": "Classify if the following two concepts are the same.\n###First concept Contribution:\nThe contribution of a short paper is the parent of a poster and the child of Thing.\n###Second concept Person:\nThe parent of the presenter and the tpc member is the parent of the conference chair and the presenter. The author is the parent of the reviewer and the tpc member is the parent of the attendee.\nAnswer yes or no:",
	"confOf#Contribution;edas#Author": "Classify if the following two concepts are the same.\n###First concept Contribution:\nThe contribution of a short paper is the parent of a poster and the child of Thing.\n###Second concept Author:\nThe author is the parent of the presenter and the chair of the session.\nAnswer yes or no:",
	"confOf#Organization;edas#Organization": "Classify if the following two concepts are the same.\n###First concept Organization:\nThe parent company of the organization is the university.\n###Second concept Organization:\nThe parent organization of the industry organization is the ngo, the government organization is the government organization and the academia organization is also parented by the ngo.\nAnswer yes or no:",
	"confOf#Organization;edas#Conference": "Classify if the following two concepts are the same.\n###First concept Organization:\nThe parent company of the organization is the university.\n###Second concept Conference:\nThe conference is the child of Thing and is equivalent to a two level conference and a single level conference.\nAnswer yes or no:",
	"confOf#Organization;edas#AccpetIfRoomRating": "Classify if the following two concepts are the same.\n###First concept Organization:\nThe parent company of the organization is the university.\n###Second concept AccpetIfRoomRating:\nAccept if room rating is child of review rating which is equivalent to reject rating.\nAnswer yes or no:",
	"confOf#Organization;edas#AcademiaOrganization": "Classify if the following two concepts are the same.\n###First concept Organization:\nThe parent company of the organization is the university.\n###Second concept AcademiaOrganization:\nThe ngo is the parent of the ngo and the academic organization is the child of the organization.\nAnswer yes or no:",
	"confOf#Organization;edas#IndustryOrganization": "Classify if the following two concepts are the same.\n###First concept Organization:\nThe parent company of the organization is the university.\n###Second concept IndustryOrganization:\nngo is the parent organization of the industry organization.\nAnswer yes or no:",
	"confOf#Organization;edas#NGO": "Classify if the following two concepts are the same.\n###First concept Organization:\nThe parent company of the organization is the university.\n###Second concept NGO:\nngo is a child of an organization which is parented by an academic organization.\nAnswer yes or no:",
	"confOf#Organization;edas#GovernmentOrganization": "Classify if the following two concepts are the same.\n###First concept Organization:\nThe parent company of the organization is the university.\n###Second concept GovernmentOrganization:\nThe government organization is the child of the organization which is parented by the industry organization.\nAnswer yes or no:",
	"confOf#Organization;edas#OrganizationalMeeting": "Classify if the following two concepts are the same.\n###First concept Organization:\nThe parent company of the organization is the university.\n###Second concept OrganizationalMeeting:\nThe organization meeting is a child of the academic event and the conference event. The conference event is parented by the non academic event.\nAnswer yes or no:",
	"confOf#Person;edas#Person": "Classify if the following two concepts are the same.\n###First concept Person:\nThe child of a Thing is the parent of a student and a science worker. The administrator is the parent of the author and the child is the child of a student.\n###Second concept Person:\nThe parent of the presenter and the tpc member is the parent of the conference chair and the presenter. The author is the parent of the reviewer and the tpc member is the parent of the attendee.\nAnswer yes or no:",
	"confOf#Person;edas#Author": "Classify if the following two concepts are the same.\n###First concept Person:\nThe child of a Thing is the parent of a student and a science worker. The administrator is the parent of the author and the child is the child of a student.\n###Second concept Author:\nThe author is the parent of the presenter and the chair of the session.\nAnswer yes or no:",
	"confOf#Person;edas#Presenter": "Classify if the following two concepts are the same.\n###First concept Person:\nThe child of a Thing is the parent of a student and a science worker. The administrator is the parent of the author and the child is the child of a student.\n###Second concept Presenter:\nThe presenter is a child of the author who is the parent of a tpc member.\nAnswer yes or no:",
	"confOf#Company;edas#Organization": "Classify if the following two concepts are the same.\n###First concept Company:\nThe company is child of the organization which is parented by the university.\n###Second concept Organization:\nThe parent organization of the industry organization is the ngo, the government organization is the government organization and the academia organization is also parented by the ngo.\nAnswer yes or no:",
	"confOf#Company;edas#Sponsorship": "Classify if the following two concepts are the same.\n###First concept Company:\nThe company is child of the organization which is parented by the university.\n###Second concept Sponsorship:\nThe parent company of sponsorship is the travel grant.\nAnswer yes or no:",
	"confOf#Company;edas#Place": "Classify if the following two concepts are the same.\n###First concept Company:\nThe company is child of the organization which is parented by the university.\n###Second concept Place:\nThe dining place, the meeting room, the accommodation and the conference venue are both parented.\nAnswer yes or no:",
	"confOf#Company;edas#IndustryOrganization": "Classify if the following two concepts are the same.\n###First concept Company:\nThe company is child of the organization which is parented by the university.\n###Second concept IndustryOrganization:\nngo is the parent organization of the industry organization.\nAnswer yes or no:",
	"confOf#Company;edas#NGO": "Classify if the following two concepts are the same.\n###First concept Company:\nThe company is child of the organization which is parented by the university.\n###Second concept NGO:\nngo is a child of an organization which is parented by an academic organization.\nAnswer yes or no:",
	"confOf#Company;edas#OrganizationalMeeting": "Classify if the following two concepts are the same.\n###First concept Company:\nThe company is child of the organization which is parented by the university.\n###Second concept OrganizationalMeeting:\nThe organization meeting is a child of the academic event and the conference event. The conference event is parented by the non academic event.\nAnswer yes or no:",
	"confOf#University;edas#Conference": "Classify if the following two concepts are the same.\n###First concept University:\nThe university is the child of the organization which is parented by the company.\n###Second concept Conference:\nThe conference is the child of Thing and is equivalent to a two level conference and a single level conference.\nAnswer yes or no:",
	"confOf#University;edas#AcademiaOrganization": "Classify if the following two concepts are the same.\n###First concept University:\nThe university is the child of the organization which is parented by the company.\n###Second concept AcademiaOrganization:\nThe ngo is the parent of the ngo and the academic organization is the child of the organization.\nAnswer yes or no:",
	"confOf#University;edas#Attendee": "Classify if the following two concepts are the same.\n###First concept University:\nThe university is the child of the organization which is parented by the company.\n###Second concept Attendee:\nThe child of the session chair is the child of the person who attended.\nAnswer yes or no:",
	"confOf#University;edas#AcademicEvent": "Classify if the following two concepts are the same.\n###First concept University:\nThe university is the child of the organization which is parented by the company.\n###Second concept AcademicEvent:\nThe academic event is the parent of the workshop and the organizational meeting. It is also the parent of the conference and non academic events. The closing talk and the paper presentation are both academic events.\nAnswer yes or no:",
	"confOf#Scholar;edas#Document": "Classify if the following two concepts are the same.\n###First concept Scholar:\nThe child of the scholar is the parent of the member program committee.\n###Second concept Document:\nThe document is the parent of the slide set, the meal menu, and the program. The accepted paper is also the parent of the document.\nAnswer yes or no:",
	"confOf#Scholar;edas#Person": "Classify if the following two concepts are the same.\n###First concept Scholar:\nThe child of the scholar is the parent of the member program committee.\n###Second concept Person:\nThe parent of the presenter and the tpc member is the parent of the conference chair and the presenter. The author is the parent of the reviewer and the tpc member is the parent of the attendee.\nAnswer yes or no:",
	"confOf#Scholar;edas#Author": "Classify if the following two concepts are the same.\n###First concept Scholar:\nThe child of the scholar is the parent of the member program committee.\n###Second concept Author:\nThe author is the parent of the presenter and the chair of the session.\nAnswer yes or no:",
	"confOf#Scholar;edas#AcademiaOrganization": "Classify if the following two concepts are the same.\n###First concept Scholar:\nThe child of the scholar is the parent of the member program committee.\n###Second concept AcademiaOrganization:\nThe ngo is the parent of the ngo and the academic organization is the child of the organization.\nAnswer yes or no:",
	"confOf#Scholar;edas#AcademicEvent": "Classify if the following two concepts are the same.\n###First concept Scholar:\nThe child of the scholar is the parent of the member program committee.\n###Second concept AcademicEvent:\nThe academic event is the parent of the workshop and the organizational meeting. It is also the parent of the conference and non academic events. The closing talk and the paper presentation are both academic events.\nAnswer yes or no:",
	"confOf#Administrator;edas#Organization": "Classify if the following two concepts are the same.\n###First concept Administrator:\nThe administrator is the child of the person who is the parent of the member program committee.\n###Second concept Organization:\nThe parent organization of the industry organization is the ngo, the government organization is the government organization and the academia organization is also parented by the ngo.\nAnswer yes or no:",
	"confOf#Administrator;edas#IndustryOrganization": "Classify if the following two concepts are the same.\n###First concept Administrator:\nThe administrator is the child of the person who is the parent of the member program committee.\n###Second concept IndustryOrganization:\nngo is the parent organization of the industry organization.\nAnswer yes or no:",
	"confOf#Administrator;edas#GovernmentOrganization": "Classify if the following two concepts are the same.\n###First concept Administrator:\nThe administrator is the child of the person who is the parent of the member program committee.\n###Second concept GovernmentOrganization:\nThe government organization is the child of the organization which is parented by the industry organization.\nAnswer yes or no:",
	"confOf#Poster;edas#Paper": "Classify if the following two concepts are the same.\n###First concept Poster:\nThe poster is a child of a Thing.\n###Second concept Paper:\nPaper is a child of document, which is the parent of pending paper, published paper, rated paper and rejected paper.\nAnswer yes or no:",
	"confOf#Poster;edas#PublishedPaper": "Classify if the following two concepts are the same.\n###First concept Poster:\nThe poster is a child of a Thing.\n###Second concept PublishedPaper:\nThe published paper is the child of the document which is the parent of the meal menu.\nAnswer yes or no:",
	"confOf#Paper;edas#Paper": "Classify if the following two concepts are the same.\n###First concept Paper:\nThe paper is a child of the Thing and the contribution.\n###Second concept Paper:\nPaper is a child of document, which is the parent of pending paper, published paper, rated paper and rejected paper.\nAnswer yes or no:",
	"confOf#Paper;edas#Document": "Classify if the following two concepts are the same.\n###First concept Paper:\nThe paper is a child of the Thing and the contribution.\n###Second concept Document:\nThe document is the parent of the slide set, the meal menu, and the program. The accepted paper is also the parent of the document.\nAnswer yes or no:",
	"confOf#Paper;edas#ActivePaper": "Classify if the following two concepts are the same.\n###First concept Paper:\nThe paper is a child of the Thing and the contribution.\n###Second concept ActivePaper:\nThe active paper is the parent of rated papers and is the child of paper which is also the parent of rejected paper.\nAnswer yes or no:",
	"confOf#Paper;edas#PendingPaper": "Classify if the following two concepts are the same.\n###First concept Paper:\nThe paper is a child of the Thing and the contribution.\n###Second concept PendingPaper:\npending paper is a child of paper which is parented by rejected paper.\nAnswer yes or no:",
	"confOf#Paper;edas#WithdrawnPaper": "Classify if the following two concepts are the same.\n###First concept Paper:\nThe paper is a child of the Thing and the contribution.\n###Second concept WithdrawnPaper:\nwithdrawn paper is a child of paper which is the parent of a programme.\nAnswer yes or no:",
	"confOf#Paper;edas#RejectedPaper": "Classify if the following two concepts are the same.\n###First concept Paper:\nThe paper is a child of the Thing and the contribution.\n###Second concept RejectedPaper:\nThe rejected paper is a child of paper and a document.\nAnswer yes or no:",
	"confOf#Paper;edas#AcceptedPaper": "Classify if the following two concepts are the same.\n###First concept Paper:\nThe paper is a child of the Thing and the contribution.\n###Second concept AcceptedPaper:\nAccepted paper is a child of paper and is the parent of a slide set.\nAnswer yes or no:",
	"confOf#Paper;edas#PublishedPaper": "Classify if the following two concepts are the same.\n###First concept Paper:\nThe paper is a child of the Thing and the contribution.\n###Second concept PublishedPaper:\nThe published paper is the child of the document which is the parent of the meal menu.\nAnswer yes or no:",
	"confOf#Paper;edas#CallForPapers": "Classify if the following two concepts are the same.\n###First concept Paper:\nThe paper is a child of the Thing and the contribution.\n###Second concept CallForPapers:\nThe call for papers is the child of the call for reviews.\nAnswer yes or no:",
	"confOf#Paper;edas#PaperPresentation": "Classify if the following two concepts are the same.\n###First concept Paper:\nThe paper is a child of the Thing and the contribution.\n###Second concept PaperPresentation:\nThe paper presentation is a child of an academic event which is parented by an organizational meeting.\nAnswer yes or no:",
	"confOf#Paper;edas#RatedPapers": "Classify if the following two concepts are the same.\n###First concept Paper:\nThe paper is a child of the Thing and the contribution.\n###Second concept RatedPapers:\nrated papers are children of active paper which is also a child of paper.\nAnswer yes or no:",
	"confOf#Short_paper;edas#Paper": "Classify if the following two concepts are the same.\n###First concept Short_paper:\nThe short paper is a child of contribution which is a child of Thing.\n###Second concept Paper:\nPaper is a child of document, which is the parent of pending paper, published paper, rated paper and rejected paper.\nAnswer yes or no:",
	"confOf#Short_paper;edas#Document": "Classify if the following two concepts are the same.\n###First concept Short_paper:\nThe short paper is a child of contribution which is a child of Thing.\n###Second concept Document:\nThe document is the parent of the slide set, the meal menu, and the program. The accepted paper is also the parent of the document.\nAnswer yes or no:",
	"confOf#Short_paper;edas#Topic": "Classify if the following two concepts are the same.\n###First concept Short_paper:\nThe short paper is a child of contribution which is a child of Thing.\n###Second concept Topic:\nThe topic of multimedia is the parent of the topic of computer architecture, radio communications and mobile computing.\nAnswer yes or no:",
	"confOf#Short_paper;edas#ActivePaper": "Classify if the following two concepts are the same.\n###First concept Short_paper:\nThe short paper is a child of contribution which is a child of Thing.\n###Second concept ActivePaper:\nThe active paper is the parent of rated papers and is the child of paper which is also the parent of rejected paper.\nAnswer yes or no:",
	"confOf#Short_paper;edas#PendingPaper": "Classify if the following two concepts are the same.\n###First concept Short_paper:\nThe short paper is a child of contribution which is a child of Thing.\n###Second concept PendingPaper:\npending paper is a child of paper which is parented by rejected paper.\nAnswer yes or no:",
	"confOf#Short_paper;edas#WithdrawnPaper": "Classify if the following two concepts are the same.\n###First concept Short_paper:\nThe short paper is a child of contribution which is a child of Thing.\n###Second concept WithdrawnPaper:\nwithdrawn paper is a child of paper which is the parent of a programme.\nAnswer yes or no:",
	"confOf#Short_paper;edas#RejectedPaper": "Classify if the following two concepts are the same.\n###First concept Short_paper:\nThe short paper is a child of contribution which is a child of Thing.\n###Second concept RejectedPaper:\nThe rejected paper is a child of paper and a document.\nAnswer yes or no:",
	"confOf#Short_paper;edas#AcceptedPaper": "Classify if the following two concepts are the same.\n###First concept Short_paper:\nThe short paper is a child of contribution which is a child of Thing.\n###Second concept AcceptedPaper:\nAccepted paper is a child of paper and is the parent of a slide set.\nAnswer yes or no:",
	"confOf#Short_paper;edas#PublishedPaper": "Classify if the following two concepts are the same.\n###First concept Short_paper:\nThe short paper is a child of contribution which is a child of Thing.\n###Second concept PublishedPaper:\nThe published paper is the child of the document which is the parent of the meal menu.\nAnswer yes or no:",
	"confOf#Short_paper;edas#CallForPapers": "Classify if the following two concepts are the same.\n###First concept Short_paper:\nThe short paper is a child of contribution which is a child of Thing.\n###Second concept CallForPapers:\nThe call for papers is the child of the call for reviews.\nAnswer yes or no:",
	"confOf#Short_paper;edas#RatedPapers": "Classify if the following two concepts are the same.\n###First concept Short_paper:\nThe short paper is a child of contribution which is a child of Thing.\n###Second concept RatedPapers:\nrated papers are children of active paper which is also a child of paper.\nAnswer yes or no:",
	"confOf#Reviewing_results_event;edas#Review": "Classify if the following two concepts are the same.\n###First concept Reviewing_results_event:\nThe review of results event is a child of the administrative event which is parented by the camera ready event.\n###Second concept Review:\nThe document review is the child of the document meal menu.\nAnswer yes or no:",
	"confOf#Reviewing_results_event;edas#ReviewRating": "Classify if the following two concepts are the same.\n###First concept Reviewing_results_event:\nThe review of results event is a child of the administrative event which is parented by the camera ready event.\n###Second concept ReviewRating:\nReview rating is the parent of accept if room rating and week reject rating.\nAnswer yes or no:",
	"confOf#Reviewing_results_event;edas#ReviewQuestion": "Classify if the following two concepts are the same.\n###First concept Reviewing_results_event:\nThe review of results event is a child of the administrative event which is parented by the camera ready event.\n###Second concept ReviewQuestion:\nThe review question is the parent of the numerical review question and the textual review question.\nAnswer yes or no:",
	"confOf#Reviewing_results_event;edas#Reviewer": "Classify if the following two concepts are the same.\n###First concept Reviewing_results_event:\nThe review of results event is a child of the administrative event which is parented by the camera ready event.\n###Second concept Reviewer:\nThe person who reviews is equivalent to the author.\nAnswer yes or no:",
	"confOf#Administrative_event;edas#ConferenceEvent": "Classify if the following two concepts are the same.\n###First concept Administrative_event:\nThe administrative event is the parent of the social event, the reception and the submission event. It is also the parent of the registration of participants event.\n###Second concept ConferenceEvent:\nThe conference event is the parent of both the academic event and the welcome talk. The social event is also the parent of the conference event.\nAnswer yes or no:",
	"confOf#Administrative_event;edas#MealEvent": "Classify if the following two concepts are the same.\n###First concept Administrative_event:\nThe administrative event is the parent of the social event, the reception and the submission event. It is also the parent of the registration of participants event.\n###Second concept MealEvent:\nA meal event is a child of an academic event, a social event, an excursion and a conference dinner.\nAnswer yes or no:",
	"confOf#Administrative_event;edas#NonAcademicEvent": "Classify if the following two concepts are the same.\n###First concept Administrative_event:\nThe administrative event is the parent of the social event, the reception and the submission event. It is also the parent of the registration of participants event.\n###Second concept NonAcademicEvent:\nThe non academic event is the parent of the conference event. It is also the parent of the social event which is the reception. It is also the parent of the meal event which is also the parent of the conference dinner.\nAnswer yes or no:",
	"confOf#Administrative_event;edas#BreakEvent": "Classify if the following two concepts are the same.\n###First concept Administrative_event:\nThe administrative event is the parent of the social event, the reception and the submission event. It is also the parent of the registration of participants event.\n###Second concept BreakEvent:\nThe break event is the parent of the conference dinner and the non academic event. It is also the equivalent of a coffee break and a meal break.\nAnswer yes or no:",
	"confOf#Administrative_event;edas#GovernmentOrganization": "Classify if the following two concepts are the same.\n###First concept Administrative_event:\nThe administrative event is the parent of the social event, the reception and the submission event. It is also the parent of the registration of participants event.\n###Second concept GovernmentOrganization:\nThe government organization is the child of the organization which is parented by the industry organization.\nAnswer yes or no:",
	"confOf#Administrative_event;edas#TalkEvent": "Classify if the following two concepts are the same.\n###First concept Administrative_event:\nThe administrative event is the parent of the social event, the reception and the submission event. It is also the parent of the registration of participants event.\n###Second concept TalkEvent:\nThe talk event is the parent of the conference event and the welcome talk. It is also the parent of the closing talk and the academic event.\nAnswer yes or no:",
	"confOf#Administrative_event;edas#AcademicEvent": "Classify if the following two concepts are the same.\n###First concept Administrative_event:\nThe administrative event is the parent of the social event, the reception and the submission event. It is also the parent of the registration of participants event.\n###Second concept AcademicEvent:\nThe academic event is the parent of the workshop and the organizational meeting. It is also the parent of the conference and non academic events. The closing talk and the paper presentation are both academic events.\nAnswer yes or no:",
	"confOf#Administrative_event;edas#SocialEvent": "Classify if the following two concepts are the same.\n###First concept Administrative_event:\nThe administrative event is the parent of the social event, the reception and the submission event. It is also the parent of the registration of participants event.\n###Second concept SocialEvent:\nA social event is a non academic event which is the parent of a conference event. It is also the parent of a reception and an excursion.\nAnswer yes or no:",
	"confOf#Reviewing_event;edas#Review": "Classify if the following two concepts are the same.\n###First concept Reviewing_event:\nThe review event is a child of the administrative event.\n###Second concept Review:\nThe document review is the child of the document meal menu.\nAnswer yes or no:",
	"confOf#Reviewing_event;edas#ConferenceEvent": "Classify if the following two concepts are the same.\n###First concept Reviewing_event:\nThe review event is a child of the administrative event.\n###Second concept ConferenceEvent:\nThe conference event is the parent of both the academic event and the welcome talk. The social event is also the parent of the conference event.\nAnswer yes or no:",
	"confOf#Reviewing_event;edas#ReviewRating": "Classify if the following two concepts are the same.\n###First concept Reviewing_event:\nThe review event is a child of the administrative event.\n###Second concept ReviewRating:\nReview rating is the parent of accept if room rating and week reject rating.\nAnswer yes or no:",
	"confOf#Reviewing_event;edas#ReviewQuestion": "Classify if the following two concepts are the same.\n###First concept Reviewing_event:\nThe review event is a child of the administrative event.\n###Second concept ReviewQuestion:\nThe review question is the parent of the numerical review question and the textual review question.\nAnswer yes or no:",
	"confOf#Reviewing_event;edas#MealEvent": "Classify if the following two concepts are the same.\n###First concept Reviewing_event:\nThe review event is a child of the administrative event.\n###Second concept MealEvent:\nA meal event is a child of an academic event, a social event, an excursion and a conference dinner.\nAnswer yes or no:",
	"confOf#Reviewing_event;edas#NonAcademicEvent": "Classify if the following two concepts are the same.\n###First concept Reviewing_event:\nThe review event is a child of the administrative event.\n###Second concept NonAcademicEvent:\nThe non academic event is the parent of the conference event. It is also the parent of the social event which is the reception. It is also the parent of the meal event which is also the parent of the conference dinner.\nAnswer yes or no:",
	"confOf#Reviewing_event;edas#BreakEvent": "Classify if the following two concepts are the same.\n###First concept Reviewing_event:\nThe review event is a child of the administrative event.\n###Second concept BreakEvent:\nThe break event is the parent of the conference dinner and the non academic event. It is also the equivalent of a coffee break and a meal break.\nAnswer yes or no:",
	"confOf#Reviewing_event;edas#Reviewer": "Classify if the following two concepts are the same.\n###First concept Reviewing_event:\nThe review event is a child of the administrative event.\n###Second concept Reviewer:\nThe person who reviews is equivalent to the author.\nAnswer yes or no:",
	"confOf#Reviewing_event;edas#TalkEvent": "Classify if the following two concepts are the same.\n###First concept Reviewing_event:\nThe review event is a child of the administrative event.\n###Second concept TalkEvent:\nThe talk event is the parent of the conference event and the welcome talk. It is also the parent of the closing talk and the academic event.\nAnswer yes or no:",
	"confOf#Reviewing_event;edas#AcademicEvent": "Classify if the following two concepts are the same.\n###First concept Reviewing_event:\nThe review event is a child of the administrative event.\n###Second concept AcademicEvent:\nThe academic event is the parent of the workshop and the organizational meeting. It is also the parent of the conference and non academic events. The closing talk and the paper presentation are both academic events.\nAnswer yes or no:",
	"confOf#Reviewing_event;edas#SocialEvent": "Classify if the following two concepts are the same.\n###First concept Reviewing_event:\nThe review event is a child of the administrative event.\n###Second concept SocialEvent:\nA social event is a non academic event which is the parent of a conference event. It is also the parent of a reception and an excursion.\nAnswer yes or no:",
	"confOf#Registration_of_participants_event;edas#ConferenceEvent": "Classify if the following two concepts are the same.\n###First concept Registration_of_participants_event:\nThe registration of participants event is a child of the administrative event which is also a child of the social event which is also a parent of a trip.\n###Second concept ConferenceEvent:\nThe conference event is the parent of both the academic event and the welcome talk. The social event is also the parent of the conference event.\nAnswer yes or no:",
	"confOf#Registration_of_participants_event;edas#MealEvent": "Classify if the following two concepts are the same.\n###First concept Registration_of_participants_event:\nThe registration of participants event is a child of the administrative event which is also a child of the social event which is also a parent of a trip.\n###Second concept MealEvent:\nA meal event is a child of an academic event, a social event, an excursion and a conference dinner.\nAnswer yes or no:",
	"confOf#Registration_of_participants_event;edas#NonAcademicEvent": "Classify if the following two concepts are the same.\n###First concept Registration_of_participants_event:\nThe registration of participants event is a child of the administrative event which is also a child of the social event which is also a parent of a trip.\n###Second concept NonAcademicEvent:\nThe non academic event is the parent of the conference event. It is also the parent of the social event which is the reception. It is also the parent of the meal event which is also the parent of the conference dinner.\nAnswer yes or no:",
	"confOf#Submission_event;edas#ConferenceEvent": "Classify if the following two concepts are the same.\n###First concept Submission_event:\nThe submission event is a child of the administrative event which is the parent of the reviewing event.\n###Second concept ConferenceEvent:\nThe conference event is the parent of both the academic event and the welcome talk. The social event is also the parent of the conference event.\nAnswer yes or no:",
	"confOf#Submission_event;edas#MealEvent": "Classify if the following two concepts are the same.\n###First concept Submission_event:\nThe submission event is a child of the administrative event which is the parent of the reviewing event.\n###Second concept MealEvent:\nA meal event is a child of an academic event, a social event, an excursion and a conference dinner.\nAnswer yes or no:",
	"confOf#Submission_event;edas#NonAcademicEvent": "Classify if the following two concepts are the same.\n###First concept Submission_event:\nThe submission event is a child of the administrative event which is the parent of the reviewing event.\n###Second concept NonAcademicEvent:\nThe non academic event is the parent of the conference event. It is also the parent of the social event which is the reception. It is also the parent of the meal event which is also the parent of the conference dinner.\nAnswer yes or no:",
	"confOf#Submission_event;edas#BreakEvent": "Classify if the following two concepts are the same.\n###First concept Submission_event:\nThe submission event is a child of the administrative event which is the parent of the reviewing event.\n###Second concept BreakEvent:\nThe break event is the parent of the conference dinner and the non academic event. It is also the equivalent of a coffee break and a meal break.\nAnswer yes or no:",
	"confOf#Submission_event;edas#TalkEvent": "Classify if the following two concepts are the same.\n###First concept Submission_event:\nThe submission event is a child of the administrative event which is the parent of the reviewing event.\n###Second concept TalkEvent:\nThe talk event is the parent of the conference event and the welcome talk. It is also the parent of the closing talk and the academic event.\nAnswer yes or no:",
	"confOf#Submission_event;edas#AcademicEvent": "Classify if the following two concepts are the same.\n###First concept Submission_event:\nThe submission event is a child of the administrative event which is the parent of the reviewing event.\n###Second concept AcademicEvent:\nThe academic event is the parent of the workshop and the organizational meeting. It is also the parent of the conference and non academic events. The closing talk and the paper presentation are both academic events.\nAnswer yes or no:",
	"confOf#Submission_event;edas#SocialEvent": "Classify if the following two concepts are the same.\n###First concept Submission_event:\nThe submission event is a child of the administrative event which is the parent of the reviewing event.\n###Second concept SocialEvent:\nA social event is a non academic event which is the parent of a conference event. It is also the parent of a reception and an excursion.\nAnswer yes or no:",
	"confOf#Camera_Ready_event;edas#ConferenceEvent": "Classify if the following two concepts are the same.\n###First concept Camera_Ready_event:\nThe camera ready event is a child of the administrative event and the working event. The workshop is also a child of the working event.\n###Second concept ConferenceEvent:\nThe conference event is the parent of both the academic event and the welcome talk. The social event is also the parent of the conference event.\nAnswer yes or no:",
	"confOf#Camera_Ready_event;edas#MealEvent": "Classify if the following two concepts are the same.\n###First concept Camera_Ready_event:\nThe camera ready event is a child of the administrative event and the working event. The workshop is also a child of the working event.\n###Second concept MealEvent:\nA meal event is a child of an academic event, a social event, an excursion and a conference dinner.\nAnswer yes or no:",
	"confOf#Camera_Ready_event;edas#BreakEvent": "Classify if the following two concepts are the same.\n###First concept Camera_Ready_event:\nThe camera ready event is a child of the administrative event and the working event. The workshop is also a child of the working event.\n###Second concept BreakEvent:\nThe break event is the parent of the conference dinner and the non academic event. It is also the equivalent of a coffee break and a meal break.\nAnswer yes or no:",
	"confOf#Camera_Ready_event;edas#MultimediaTopic": "Classify if the following two concepts are the same.\n###First concept Camera_Ready_event:\nThe camera ready event is a child of the administrative event and the working event. The workshop is also a child of the working event.\n###Second concept MultimediaTopic:\nThe multimedia topic is the child of the test only topic.\nAnswer yes or no:",
	"confOf#Camera_Ready_event;edas#TalkEvent": "Classify if the following two concepts are the same.\n###First concept Camera_Ready_event:\nThe camera ready event is a child of the administrative event and the working event. The workshop is also a child of the working event.\n###Second concept TalkEvent:\nThe talk event is the parent of the conference event and the welcome talk. It is also the parent of the closing talk and the academic event.\nAnswer yes or no:",
	"confOf#Workshop;edas#Programme": "Classify if the following two concepts are the same.\n###First concept Workshop:\nThe workshop is a child of a working event which is parented by an administrative event.\n###Second concept Programme:\nThe meal menu is the child of the program.\nAnswer yes or no:",
	"confOf#Workshop;edas#Conference": "Classify if the following two concepts are the same.\n###First concept Workshop:\nThe workshop is a child of a working event which is parented by an administrative event.\n###Second concept Conference:\nThe conference is the child of Thing and is equivalent to a two level conference and a single level conference.\nAnswer yes or no:",
	"confOf#Workshop;edas#CADTopic": "Classify if the following two concepts are the same.\n###First concept Workshop:\nThe workshop is a child of a working event which is parented by an administrative event.\n###Second concept CADTopic:\nThe cad topic is a child of the multimedia topic.\nAnswer yes or no:",
	"confOf#Workshop;edas#ConferenceChair": "Classify if the following two concepts are the same.\n###First concept Workshop:\nThe workshop is a child of a working event which is parented by an administrative event.\n###Second concept ConferenceChair:\nThe conference chair is the child of the person who attended the conference.\nAnswer yes or no:",
	"confOf#Workshop;edas#Workshop": "Classify if the following two concepts are the same.\n###First concept Workshop:\nThe workshop is a child of a working event which is parented by an administrative event.\n###Second concept Workshop:\nThe workshop is the child of an academic event which is the parent of an organizational meeting.\nAnswer yes or no:",
	"confOf#Workshop;edas#MeetingRoomPlace": "Classify if the following two concepts are the same.\n###First concept Workshop:\nThe workshop is a child of a working event which is parented by an administrative event.\n###Second concept MeetingRoomPlace:\nThe meeting room is the child of the conference venue.\nAnswer yes or no:",
	"confOf#Conference;edas#ConferenceEvent": "Classify if the following two concepts are the same.\n###First concept Conference:\nThe conference is the child of the working event and the parent of the tutorial.\n###Second concept ConferenceEvent:\nThe conference event is the parent of both the academic event and the welcome talk. The social event is also the parent of the conference event.\nAnswer yes or no:",
	"confOf#Conference;edas#Organization": "Classify if the following two concepts are the same.\n###First concept Conference:\nThe conference is the child of the working event and the parent of the tutorial.\n###Second concept Organization:\nThe parent organization of the industry organization is the ngo, the government organization is the government organization and the academia organization is also parented by the ngo.\nAnswer yes or no:",
	"confOf#Conference;edas#Conference": "Classify if the following two concepts are the same.\n###First concept Conference:\nThe conference is the child of the working event and the parent of the tutorial.\n###Second concept Conference:\nThe conference is the child of Thing and is equivalent to a two level conference and a single level conference.\nAnswer yes or no:",
	"confOf#Conference;edas#Sponsorship": "Classify if the following two concepts are the same.\n###First concept Conference:\nThe conference is the child of the working event and the parent of the tutorial.\n###Second concept Sponsorship:\nThe parent company of sponsorship is the travel grant.\nAnswer yes or no:",
	"confOf#Conference;edas#ConferenceChair": "Classify if the following two concepts are the same.\n###First concept Conference:\nThe conference is the child of the working event and the parent of the tutorial.\n###Second concept ConferenceChair:\nThe conference chair is the child of the person who attended the conference.\nAnswer yes or no:",
	"confOf#Conference;edas#Attendee": "Classify if the following two concepts are the same.\n###First concept Conference:\nThe conference is the child of the working event and the parent of the tutorial.\n###Second concept Attendee:\nThe child of the session chair is the child of the person who attended.\nAnswer yes or no:",
	"confOf#Conference;edas#Workshop": "Classify if the following two concepts are the same.\n###First concept Conference:\nThe conference is the child of the working event and the parent of the tutorial.\n###Second concept Workshop:\nThe workshop is the child of an academic event which is the parent of an organizational meeting.\nAnswer yes or no:",
	"confOf#Conference;edas#ConferenceVenuePlace": "Classify if the following two concepts are the same.\n###First concept Conference:\nThe conference is the child of the working event and the parent of the tutorial.\n###Second concept ConferenceVenuePlace:\nThe conference venue is the parent of the dining place.\nAnswer yes or no:",
	"confOf#Conference;edas#ConferenceDinner": "Classify if the following two concepts are the same.\n###First concept Conference:\nThe conference is the child of the working event and the parent of the tutorial.\n###Second concept ConferenceDinner:\nThe conference dinner is a non-academic event.\nAnswer yes or no:",
	"confOf#Working_event;edas#ConferenceEvent": "Classify if the following two concepts are the same.\n###First concept Working_event:\nThe working event is the child of the social event. It is the parent of the banquet, the conference and the workshop.\n###Second concept ConferenceEvent:\nThe conference event is the parent of both the academic event and the welcome talk. The social event is also the parent of the conference event.\nAnswer yes or no:",
	"confOf#Working_event;edas#MealEvent": "Classify if the following two concepts are the same.\n###First concept Working_event:\nThe working event is the child of the social event. It is the parent of the banquet, the conference and the workshop.\n###Second concept MealEvent:\nA meal event is a child of an academic event, a social event, an excursion and a conference dinner.\nAnswer yes or no:",
	"confOf#Working_event;edas#NonAcademicEvent": "Classify if the following two concepts are the same.\n###First concept Working_event:\nThe working event is the child of the social event. It is the parent of the banquet, the conference and the workshop.\n###Second concept NonAcademicEvent:\nThe non academic event is the parent of the conference event. It is also the parent of the social event which is the reception. It is also the parent of the meal event which is also the parent of the conference dinner.\nAnswer yes or no:",
	"confOf#Working_event;edas#BreakEvent": "Classify if the following two concepts are the same.\n###First concept Working_event:\nThe working event is the child of the social event. It is the parent of the banquet, the conference and the workshop.\n###Second concept BreakEvent:\nThe break event is the parent of the conference dinner and the non academic event. It is also the equivalent of a coffee break and a meal break.\nAnswer yes or no:",
	"confOf#Working_event;edas#TalkEvent": "Classify if the following two concepts are the same.\n###First concept Working_event:\nThe working event is the child of the social event. It is the parent of the banquet, the conference and the workshop.\n###Second concept TalkEvent:\nThe talk event is the parent of the conference event and the welcome talk. It is also the parent of the closing talk and the academic event.\nAnswer yes or no:",
	"confOf#Working_event;edas#AcademicEvent": "Classify if the following two concepts are the same.\n###First concept Working_event:\nThe working event is the child of the social event. It is the parent of the banquet, the conference and the workshop.\n###Second concept AcademicEvent:\nThe academic event is the parent of the workshop and the organizational meeting. It is also the parent of the conference and non academic events. The closing talk and the paper presentation are both academic events.\nAnswer yes or no:",
	"confOf#Working_event;edas#SocialEvent": "Classify if the following two concepts are the same.\n###First concept Working_event:\nThe working event is the child of the social event. It is the parent of the banquet, the conference and the workshop.\n###Second concept SocialEvent:\nA social event is a non academic event which is the parent of a conference event. It is also the parent of a reception and an excursion.\nAnswer yes or no:",
	"confOf#Member;edas#Organization": "Classify if the following two concepts are the same.\n###First concept Member:\nThe child of the participant is the child of the person who is the parent of the chair program committee.\n###Second concept Organization:\nThe parent organization of the industry organization is the ngo, the government organization is the government organization and the academia organization is also parented by the ngo.\nAnswer yes or no:",
	"confOf#Member;edas#Person": "Classify if the following two concepts are the same.\n###First concept Member:\nThe child of the participant is the child of the person who is the parent of the chair program committee.\n###Second concept Person:\nThe parent of the presenter and the tpc member is the parent of the conference chair and the presenter. The author is the parent of the reviewer and the tpc member is the parent of the attendee.\nAnswer yes or no:",
	"confOf#Member;edas#Attendee": "Classify if the following two concepts are the same.\n###First concept Member:\nThe child of the participant is the child of the person who is the parent of the chair program committee.\n###Second concept Attendee:\nThe child of the session chair is the child of the person who attended.\nAnswer yes or no:",
	"confOf#Member;edas#TPCMember": "Classify if the following two concepts are the same.\n###First concept Member:\nThe child of the participant is the child of the person who is the parent of the chair program committee.\n###Second concept TPCMember:\nThe tpc member is the child of the conference chair and the parent of the conference chair.\nAnswer yes or no:",
	"confOf#Participant;edas#Sponsorship": "Classify if the following two concepts are the same.\n###First concept Participant:\nThe child of a participant is the child of a person who is a member of Thing. The student and the regular participant are both parents of the same participant.\n###Second concept Sponsorship:\nThe parent company of sponsorship is the travel grant.\nAnswer yes or no:",
	"confOf#Participant;edas#Person": "Classify if the following two concepts are the same.\n###First concept Participant:\nThe child of a participant is the child of a person who is a member of Thing. The student and the regular participant are both parents of the same participant.\n###Second concept Person:\nThe parent of the presenter and the tpc member is the parent of the conference chair and the presenter. The author is the parent of the reviewer and the tpc member is the parent of the attendee.\nAnswer yes or no:",
	"confOf#Participant;edas#Presenter": "Classify if the following two concepts are the same.\n###First concept Participant:\nThe child of a participant is the child of a person who is a member of Thing. The student and the regular participant are both parents of the same participant.\n###Second concept Presenter:\nThe presenter is a child of the author who is the parent of a tpc member.\nAnswer yes or no:",
	"confOf#Participant;edas#Attendee": "Classify if the following two concepts are the same.\n###First concept Participant:\nThe child of a participant is the child of a person who is a member of Thing. The student and the regular participant are both parents of the same participant.\n###Second concept Attendee:\nThe child of the session chair is the child of the person who attended.\nAnswer yes or no:",
	"confOf#Participant;edas#Workshop": "Classify if the following two concepts are the same.\n###First concept Participant:\nThe child of a participant is the child of a person who is a member of Thing. The student and the regular participant are both parents of the same participant.\n###Second concept Workshop:\nThe workshop is the child of an academic event which is the parent of an organizational meeting.\nAnswer yes or no:",
	"confOf#Participant;edas#AcademicEvent": "Classify if the following two concepts are the same.\n###First concept Participant:\nThe child of a participant is the child of a person who is a member of Thing. The student and the regular participant are both parents of the same participant.\n###Second concept AcademicEvent:\nThe academic event is the parent of the workshop and the organizational meeting. It is also the parent of the conference and non academic events. The closing talk and the paper presentation are both academic events.\nAnswer yes or no:",
	"confOf#Member_PC;edas#ConferenceChair": "Classify if the following two concepts are the same.\n###First concept Member_PC:\nThe member program committee is child of the person who is the child of a Thing.\n###Second concept ConferenceChair:\nThe conference chair is the child of the person who attended the conference.\nAnswer yes or no:",
	"confOf#Member_PC;edas#TPCMember": "Classify if the following two concepts are the same.\n###First concept Member_PC:\nThe member program committee is child of the person who is the child of a Thing.\n###Second concept TPCMember:\nThe tpc member is the child of the conference chair and the parent of the conference chair.\nAnswer yes or no:",
	"confOf#Chair_PC;edas#CADTopic": "Classify if the following two concepts are the same.\n###First concept Chair_PC:\nThe chair of the program committee is a child of a Thing.\n###Second concept CADTopic:\nThe cad topic is a child of the multimedia topic.\nAnswer yes or no:",
	"confOf#Chair_PC;edas#ConferenceChair": "Classify if the following two concepts are the same.\n###First concept Chair_PC:\nThe chair of the program committee is a child of a Thing.\n###Second concept ConferenceChair:\nThe conference chair is the child of the person who attended the conference.\nAnswer yes or no:",
	"confOf#Chair_PC;edas#TPCMember": "Classify if the following two concepts are the same.\n###First concept Chair_PC:\nThe chair of the program committee is a child of a Thing.\n###Second concept TPCMember:\nThe tpc member is the child of the conference chair and the parent of the conference chair.\nAnswer yes or no:",
	"confOf#Student;edas#Programme": "Classify if the following two concepts are the same.\n###First concept Student:\nThe student is the child of a person who is the parent of the chair program committee.\n###Second concept Programme:\nThe meal menu is the child of the program.\nAnswer yes or no:",
	"confOf#Student;edas#Person": "Classify if the following two concepts are the same.\n###First concept Student:\nThe student is the child of a person who is the parent of the chair program committee.\n###Second concept Person:\nThe parent of the presenter and the tpc member is the parent of the conference chair and the presenter. The author is the parent of the reviewer and the tpc member is the parent of the attendee.\nAnswer yes or no:",
	"confOf#Student;edas#Attendee": "Classify if the following two concepts are the same.\n###First concept Student:\nThe student is the child of a person who is the parent of the chair program committee.\n###Second concept Attendee:\nThe child of the session chair is the child of the person who attended.\nAnswer yes or no:",
	"confOf#Student;edas#AcademicEvent": "Classify if the following two concepts are the same.\n###First concept Student:\nThe student is the child of a person who is the parent of the chair program committee.\n###Second concept AcademicEvent:\nThe academic event is the parent of the workshop and the organizational meeting. It is also the parent of the conference and non academic events. The closing talk and the paper presentation are both academic events.\nAnswer yes or no:",
	"confOf#Science_Worker;edas#AcademiaOrganization": "Classify if the following two concepts are the same.\n###First concept Science_Worker:\nThe child of a science worker is the parent of a chair program committee.\n###Second concept AcademiaOrganization:\nThe ngo is the parent of the ngo and the academic organization is the child of the organization.\nAnswer yes or no:",
	"confOf#Science_Worker;edas#Workshop": "Classify if the following two concepts are the same.\n###First concept Science_Worker:\nThe child of a science worker is the parent of a chair program committee.\n###Second concept Workshop:\nThe workshop is the child of an academic event which is the parent of an organizational meeting.\nAnswer yes or no:",
	"confOf#Science_Worker;edas#AcademicEvent": "Classify if the following two concepts are the same.\n###First concept Science_Worker:\nThe child of a science worker is the parent of a chair program committee.\n###Second concept AcademicEvent:\nThe academic event is the parent of the workshop and the organizational meeting. It is also the parent of the conference and non academic events. The closing talk and the paper presentation are both academic events.\nAnswer yes or no:",
	"confOf#Assistant;edas#Organization": "Classify if the following two concepts are the same.\n###First concept Assistant:\nThe assistant is a child of a person who is also a child of a Thing.\n###Second concept Organization:\nThe parent organization of the industry organization is the ngo, the government organization is the government organization and the academia organization is also parented by the ngo.\nAnswer yes or no:",
	"confOf#Assistant;edas#Attendee": "Classify if the following two concepts are the same.\n###First concept Assistant:\nThe assistant is a child of a person who is also a child of a Thing.\n###Second concept Attendee:\nThe child of the session chair is the child of the person who attended.\nAnswer yes or no:",
	"confOf#Author;edas#Person": "Classify if the following two concepts are the same.\n###First concept Author:\nThe author is the child of the person who is the parent of the scholar.\n###Second concept Person:\nThe parent of the presenter and the tpc member is the parent of the conference chair and the presenter. The author is the parent of the reviewer and the tpc member is the parent of the attendee.\nAnswer yes or no:",
	"confOf#Author;edas#Author": "Classify if the following two concepts are the same.\n###First concept Author:\nThe author is the child of the person who is the parent of the scholar.\n###Second concept Author:\nThe author is the parent of the presenter and the chair of the session.\nAnswer yes or no:",
	"confOf#Author;edas#PublishedPaper": "Classify if the following two concepts are the same.\n###First concept Author:\nThe author is the child of the person who is the parent of the scholar.\n###Second concept PublishedPaper:\nThe published paper is the child of the document which is the parent of the meal menu.\nAnswer yes or no:"
}