{
	"conference#Conference_participant;confOf#Banquet": "Classify if the following two concepts are the same.\n###First concept Conference_participant:\nThe parent of the conference participant is the track workshop chair. The active conference participant is the parent of the conference contributor and the regular author. The conference participant is also the parent of the conference contributor.\n###Second concept Banquet:\nA banquet is a social event.\nAnswer yes or no:",
	"conference#Conference_participant;confOf#Social_event": "Classify if the following two concepts are the same.\n###First concept Conference_participant:\nThe parent of the conference participant is the track workshop chair. The active conference participant is the parent of the conference contributor and the regular author. The conference participant is also the parent of the conference contributor.\n###Second concept Social_event:\nThe social event is the parent of the banquet, the reception and the trip. It is also the parent of the administrative event which is also the parent of the camera ready event.\nAnswer yes or no:",
	"conference#Conference_participant;confOf#Event": "Classify if the following two concepts are the same.\n###First concept Conference_participant:\nThe parent of the conference participant is the track workshop chair. The active conference participant is the parent of the conference contributor and the regular author. The conference participant is also the parent of the conference contributor.\n###Second concept Event:\nThe parent event of a working event is a social event. It is also the parent event of a banquet. It is also the parent event of a submission event. It is also the parent event of an administrative event.\nAnswer yes or no:",
	"conference#Conference_participant;confOf#Registration_of_participants_event": "Classify if the following two concepts are the same.\n###First concept Conference_participant:\nThe parent of the conference participant is the track workshop chair. The active conference participant is the parent of the conference contributor and the regular author. The conference participant is also the parent of the conference contributor.\n###Second concept Registration_of_participants_event:\nThe registration of participants event is a child of the administrative event which is also a child of the social event which is also a parent of a trip.\nAnswer yes or no:",
	"conference#Conference_participant;confOf#Submission_event": "Classify if the following two concepts are the same.\n###First concept Conference_participant:\nThe parent of the conference participant is the track workshop chair. The active conference participant is the parent of the conference contributor and the regular author. The conference participant is also the parent of the conference contributor.\n###Second concept Submission_event:\nThe submission event is a child of the administrative event which is the parent of the reviewing event.\nAnswer yes or no:",
	"conference#Conference_participant;confOf#Workshop": "Classify if the following two concepts are the same.\n###First concept Conference_participant:\nThe parent of the conference participant is the track workshop chair. The active conference participant is the parent of the conference contributor and the regular author. The conference participant is also the parent of the conference contributor.\n###Second concept Workshop:\nThe workshop is a child of a working event which is parented by an administrative event.\nAnswer yes or no:",
	"conference#Conference_participant;confOf#Conference": "Classify if the following two concepts are the same.\n###First concept Conference_participant:\nThe parent of the conference participant is the track workshop chair. The active conference participant is the parent of the conference contributor and the regular author. The conference participant is also the parent of the conference contributor.\n###Second concept Conference:\nThe conference is the child of the working event and the parent of the tutorial.\nAnswer yes or no:",
	"conference#Conference_participant;confOf#Participant": "Classify if the following two concepts are the same.\n###First concept Conference_participant:\nThe parent of the conference participant is the track workshop chair. The active conference participant is the parent of the conference contributor and the regular author. The conference participant is also the parent of the conference contributor.\n###Second concept Participant:\nThe child of a participant is the child of a person who is a member of Thing. The student and the regular participant are both parents of the same participant.\nAnswer yes or no:",
	"conference#Person;confOf#Contribution": "Classify if the following two concepts are the same.\n###First concept Person:\nThe parent of the conference contributor is the committee member, co chair and the conference applicant. The conference applicant is the registered applicant and the reviewer is the parent of the track workshop chair.\n###Second concept Contribution:\nThe contribution of a short paper is the parent of a poster and the child of Thing.\nAnswer yes or no:",
	"conference#Person;confOf#Person": "Classify if the following two concepts are the same.\n###First concept Person:\nThe parent of the conference contributor is the committee member, co chair and the conference applicant. The conference applicant is the registered applicant and the reviewer is the parent of the track workshop chair.\n###Second concept Person:\nThe child of a Thing is the parent of a student and a science worker. The administrator is the parent of the author and the child is the child of a student.\nAnswer yes or no:",
	"conference#Person;confOf#Scholar": "Classify if the following two concepts are the same.\n###First concept Person:\nThe parent of the conference contributor is the committee member, co chair and the conference applicant. The conference applicant is the registered applicant and the reviewer is the parent of the track workshop chair.\n###Second concept Scholar:\nThe child of the scholar is the parent of the member program committee.\nAnswer yes or no:",
	"conference#Person;confOf#Member": "Classify if the following two concepts are the same.\n###First concept Person:\nThe parent of the conference contributor is the committee member, co chair and the conference applicant. The conference applicant is the registered applicant and the reviewer is the parent of the track workshop chair.\n###Second concept Member:\nThe child of the participant is the child of the person who is the parent of the chair program committee.\nAnswer yes or no:",
	"conference#Person;confOf#Participant": "Classify if the following two concepts are the same.\n###First concept Person:\nThe parent of the conference contributor is the committee member, co chair and the conference applicant. The conference applicant is the registered applicant and the reviewer is the parent of the track workshop chair.\n###Second concept Participant:\nThe child of a participant is the child of a person who is a member of Thing. The student and the regular participant are both parents of the same participant.\nAnswer yes or no:",
	"conference#Person;confOf#Student": "Classify if the following two concepts are the same.\n###First concept Person:\nThe parent of the conference contributor is the committee member, co chair and the conference applicant. The conference applicant is the registered applicant and the reviewer is the parent of the track workshop chair.\n###Second concept Student:\nThe student is the child of a person who is the parent of the chair program committee.\nAnswer yes or no:",
	"conference#Person;confOf#Author": "Classify if the following two concepts are the same.\n###First concept Person:\nThe parent of the conference contributor is the committee member, co chair and the conference applicant. The conference applicant is the registered applicant and the reviewer is the parent of the track workshop chair.\n###Second concept Author:\nThe author is the child of the person who is the parent of the scholar.\nAnswer yes or no:",
	"conference#Review_expertise;confOf#Reviewing_results_event": "Classify if the following two concepts are the same.\n###First concept Review_expertise:\nReview expertise is a child of Thing.\n###Second concept Reviewing_results_event:\nThe review of results event is a child of the administrative event which is parented by the camera ready event.\nAnswer yes or no:",
	"conference#Review_expertise;confOf#Reviewing_event": "Classify if the following two concepts are the same.\n###First concept Review_expertise:\nReview expertise is a child of Thing.\n###Second concept Reviewing_event:\nThe review event is a child of the administrative event.\nAnswer yes or no:",
	"conference#Submitted_contribution;confOf#Contribution": "Classify if the following two concepts are the same.\n###First concept Submitted_contribution:\nThe submitted contribution is the child of the regular contribution and the reviewed contribution. The reviewed contribution is the parent of the poster and the camera ready contribution. The written contribution is equivalent to the conference contribution.\n###Second concept Contribution:\nThe contribution of a short paper is the parent of a poster and the child of Thing.\nAnswer yes or no:",
	"conference#Submitted_contribution;confOf#Submission_event": "Classify if the following two concepts are the same.\n###First concept Submitted_contribution:\nThe submitted contribution is the child of the regular contribution and the reviewed contribution. The reviewed contribution is the parent of the poster and the camera ready contribution. The written contribution is equivalent to the conference contribution.\n###Second concept Submission_event:\nThe submission event is a child of the administrative event which is the parent of the reviewing event.\nAnswer yes or no:",
	"conference#Reviewer;confOf#Reviewing_results_event": "Classify if the following two concepts are the same.\n###First concept Reviewer:\nThe reviewer is a child of the person who is the parent of the committee member. The committee member is the parent of the organizer who is the child of the organization.\n###Second concept Reviewing_results_event:\nThe review of results event is a child of the administrative event which is parented by the camera ready event.\nAnswer yes or no:",
	"conference#Reviewer;confOf#Reviewing_event": "Classify if the following two concepts are the same.\n###First concept Reviewer:\nThe reviewer is a child of the person who is the parent of the committee member. The committee member is the parent of the organizer who is the child of the organization.\n###Second concept Reviewing_event:\nThe review event is a child of the administrative event.\nAnswer yes or no:",
	"conference#Regular_author;confOf#Administrator": "Classify if the following two concepts are the same.\n###First concept Regular_author:\nThe regular author is the parent of both the active conference participant and the contribution co author. He is the child of the conference contributor and the contribution 1st author.\n###Second concept Administrator:\nThe administrator is the child of the person who is the parent of the member program committee.\nAnswer yes or no:",
	"conference#Regular_author;confOf#Member": "Classify if the following two concepts are the same.\n###First concept Regular_author:\nThe regular author is the parent of both the active conference participant and the contribution co author. He is the child of the conference contributor and the contribution 1st author.\n###Second concept Member:\nThe child of the participant is the child of the person who is the parent of the chair program committee.\nAnswer yes or no:",
	"conference#Regular_author;confOf#Regular": "Classify if the following two concepts are the same.\n###First concept Regular_author:\nThe regular author is the parent of both the active conference participant and the contribution co author. He is the child of the conference contributor and the contribution 1st author.\n###Second concept Regular:\nThe child of a participant is a regular.\nAnswer yes or no:",
	"conference#Regular_author;confOf#Author": "Classify if the following two concepts are the same.\n###First concept Regular_author:\nThe regular author is the parent of both the active conference participant and the contribution co author. He is the child of the conference contributor and the contribution 1st author.\n###Second concept Author:\nThe author is the child of the person who is the parent of the scholar.\nAnswer yes or no:",
	"conference#Conference_contributor;confOf#Conference": "Classify if the following two concepts are the same.\n###First concept Conference_contributor:\nThe parent of the conference contributor is the registered applicant. The registered applicant is the parent of the paid applicant and the late paid applicant. The conference contributor is the child of the invited speaker and the regular author. The contributor is also the parent of the conference contributor.\n###Second concept Conference:\nThe conference is the child of the working event and the parent of the tutorial.\nAnswer yes or no:",
	"conference#Conference_contributor;confOf#Member_PC": "Classify if the following two concepts are the same.\n###First concept Conference_contributor:\nThe parent of the conference contributor is the registered applicant. The registered applicant is the parent of the paid applicant and the late paid applicant. The conference contributor is the child of the invited speaker and the regular author. The contributor is also the parent of the conference contributor.\n###Second concept Member_PC:\nThe member program committee is child of the person who is the child of a Thing.\nAnswer yes or no:",
	"conference#Contribution_1th-author;confOf#Contribution": "Classify if the following two concepts are the same.\n###First concept Contribution_1th-author:\nThe contribution 1st author is the child of the regular author and the conference contributor. The invited speaker is the parent of the active conference participant and the invited speaker is the invited speaker.\n###Second concept Contribution:\nThe contribution of a short paper is the parent of a poster and the child of Thing.\nAnswer yes or no:",
	"conference#Contribution_1th-author;confOf#Member": "Classify if the following two concepts are the same.\n###First concept Contribution_1th-author:\nThe contribution 1st author is the child of the regular author and the conference contributor. The invited speaker is the parent of the active conference participant and the invited speaker is the invited speaker.\n###Second concept Member:\nThe child of the participant is the child of the person who is the parent of the chair program committee.\nAnswer yes or no:",
	"conference#Contribution_co-author;confOf#Contribution": "Classify if the following two concepts are the same.\n###First concept Contribution_co-author:\nThe contribution co author is the child of the regular author and the conference contributor who is the parent of an active conference participant.\n###Second concept Contribution:\nThe contribution of a short paper is the parent of a poster and the child of Thing.\nAnswer yes or no:",
	"conference#Contribution_co-author;confOf#Administrator": "Classify if the following two concepts are the same.\n###First concept Contribution_co-author:\nThe contribution co author is the child of the regular author and the conference contributor who is the parent of an active conference participant.\n###Second concept Administrator:\nThe administrator is the child of the person who is the parent of the member program committee.\nAnswer yes or no:",
	"conference#Contribution_co-author;confOf#Member": "Classify if the following two concepts are the same.\n###First concept Contribution_co-author:\nThe contribution co author is the child of the regular author and the conference contributor who is the parent of an active conference participant.\n###Second concept Member:\nThe child of the participant is the child of the person who is the parent of the chair program committee.\nAnswer yes or no:",
	"conference#Contribution_co-author;confOf#Author": "Classify if the following two concepts are the same.\n###First concept Contribution_co-author:\nThe contribution co author is the child of the regular author and the conference contributor who is the parent of an active conference participant.\n###Second concept Author:\nThe author is the child of the person who is the parent of the scholar.\nAnswer yes or no:",
	"conference#Conference_contribution;confOf#Contribution": "Classify if the following two concepts are the same.\n###First concept Conference_contribution:\nThe conference contribution is the parent of the poster, the conference announcement and the conference document. The conference contribution is the parent of the invited talk and the conference contribution is the parent of the conference contribution. The written contribution is the parent of the regular contribution and the reviewed contribution is the equivalent of the accepted contribution.\n###Second concept Contribution:\nThe contribution of a short paper is the parent of a poster and the child of Thing.\nAnswer yes or no:",
	"conference#Conference_contribution;confOf#Conference": "Classify if the following two concepts are the same.\n###First concept Conference_contribution:\nThe conference contribution is the parent of the poster, the conference announcement and the conference document. The conference contribution is the parent of the invited talk and the conference contribution is the parent of the conference contribution. The written contribution is the parent of the regular contribution and the reviewed contribution is the equivalent of the accepted contribution.\n###Second concept Conference:\nThe conference is the child of the working event and the parent of the tutorial.\nAnswer yes or no:",
	"conference#Committee;confOf#Contribution": "Classify if the following two concepts are the same.\n###First concept Committee:\nThe committee is the parent of the organizing committee, the program committee and the steering committee.\n###Second concept Contribution:\nThe contribution of a short paper is the parent of a poster and the child of Thing.\nAnswer yes or no:",
	"conference#Committee;confOf#Organization": "Classify if the following two concepts are the same.\n###First concept Committee:\nThe committee is the parent of the organizing committee, the program committee and the steering committee.\n###Second concept Organization:\nThe parent company of the organization is the university.\nAnswer yes or no:",
	"conference#Committee;confOf#Conference": "Classify if the following two concepts are the same.\n###First concept Committee:\nThe committee is the parent of the organizing committee, the program committee and the steering committee.\n###Second concept Conference:\nThe conference is the child of the working event and the parent of the tutorial.\nAnswer yes or no:",
	"conference#Committee;confOf#Member": "Classify if the following two concepts are the same.\n###First concept Committee:\nThe committee is the parent of the organizing committee, the program committee and the steering committee.\n###Second concept Member:\nThe child of the participant is the child of the person who is the parent of the chair program committee.\nAnswer yes or no:",
	"conference#Committee;confOf#Participant": "Classify if the following two concepts are the same.\n###First concept Committee:\nThe committee is the parent of the organizing committee, the program committee and the steering committee.\n###Second concept Participant:\nThe child of a participant is the child of a person who is a member of Thing. The student and the regular participant are both parents of the same participant.\nAnswer yes or no:",
	"conference#Committee;confOf#Member_PC": "Classify if the following two concepts are the same.\n###First concept Committee:\nThe committee is the parent of the organizing committee, the program committee and the steering committee.\n###Second concept Member_PC:\nThe member program committee is child of the person who is the child of a Thing.\nAnswer yes or no:",
	"conference#Committee;confOf#Chair_PC": "Classify if the following two concepts are the same.\n###First concept Committee:\nThe committee is the parent of the organizing committee, the program committee and the steering committee.\n###Second concept Chair_PC:\nThe chair of the program committee is a child of a Thing.\nAnswer yes or no:",
	"conference#Committee_member;confOf#Member": "Classify if the following two concepts are the same.\n###First concept Committee_member:\nThe committee member is the parent of the organizer and the co chair. The committee member is also the parent of the chair and the track workshop chair. The committee member is the child of the organizer and the chair.\n###Second concept Member:\nThe child of the participant is the child of the person who is the parent of the chair program committee.\nAnswer yes or no:",
	"conference#Committee_member;confOf#Participant": "Classify if the following two concepts are the same.\n###First concept Committee_member:\nThe committee member is the parent of the organizer and the co chair. The committee member is also the parent of the chair and the track workshop chair. The committee member is the child of the organizer and the chair.\n###Second concept Participant:\nThe child of a participant is the child of a person who is a member of Thing. The student and the regular participant are both parents of the same participant.\nAnswer yes or no:",
	"conference#Committee_member;confOf#Member_PC": "Classify if the following two concepts are the same.\n###First concept Committee_member:\nThe committee member is the parent of the organizer and the co chair. The committee member is also the parent of the chair and the track workshop chair. The committee member is the child of the organizer and the chair.\n###Second concept Member_PC:\nThe member program committee is child of the person who is the child of a Thing.\nAnswer yes or no:",
	"conference#Committee_member;confOf#Chair_PC": "Classify if the following two concepts are the same.\n###First concept Committee_member:\nThe committee member is the parent of the organizer and the co chair. The committee member is also the parent of the chair and the track workshop chair. The committee member is the child of the organizer and the chair.\n###Second concept Chair_PC:\nThe chair of the program committee is a child of a Thing.\nAnswer yes or no:",
	"conference#Abstract;confOf#Organization": "Classify if the following two concepts are the same.\n###First concept Abstract:\nExtended abstract is a child of extended abstract which is equivalent to regular contribution.\n###Second concept Organization:\nThe parent company of the organization is the university.\nAnswer yes or no:",
	"conference#Invited_speaker;confOf#Banquet": "Classify if the following two concepts are the same.\n###First concept Invited_speaker:\nThe invited speaker is the parent of an active conference participant, a committee member and a regular author. The 1st author is also a child of the conference contributor.\n###Second concept Banquet:\nA banquet is a social event.\nAnswer yes or no:",
	"conference#Invited_speaker;confOf#Participant": "Classify if the following two concepts are the same.\n###First concept Invited_speaker:\nThe invited speaker is the parent of an active conference participant, a committee member and a regular author. The 1st author is also a child of the conference contributor.\n###Second concept Participant:\nThe child of a participant is the child of a person who is a member of Thing. The student and the regular participant are both parents of the same participant.\nAnswer yes or no:",
	"conference#Information_for_participants;confOf#Registration_of_participants_event": "Classify if the following two concepts are the same.\n###First concept Information_for_participants:\nThe conference document is the parent of the conference contribution, the presentation and the invited talk. The information for participants is provided by the conference document.\n###Second concept Registration_of_participants_event:\nThe registration of participants event is a child of the administrative event which is also a child of the social event which is also a parent of a trip.\nAnswer yes or no:",
	"conference#Conference_document;confOf#Conference": "Classify if the following two concepts are the same.\n###First concept Conference_document:\nThe conference document is the parent of the call for paper, the conference announcement and the poster. It is also the parent of the information for participants and the conference contribution.\n###Second concept Conference:\nThe conference is the child of the working event and the parent of the tutorial.\nAnswer yes or no:",
	"conference#Organization;confOf#Organization": "Classify if the following two concepts are the same.\n###First concept Organization:\nThe parent of the organizer is the parent of the chair and the committee member.\n###Second concept Organization:\nThe parent company of the organization is the university.\nAnswer yes or no:",
	"conference#Organization;confOf#Company": "Classify if the following two concepts are the same.\n###First concept Organization:\nThe parent of the organizer is the parent of the chair and the committee member.\n###Second concept Company:\nThe company is child of the organization which is parented by the university.\nAnswer yes or no:",
	"conference#Organization;confOf#Administrator": "Classify if the following two concepts are the same.\n###First concept Organization:\nThe parent of the organizer is the parent of the chair and the committee member.\n###Second concept Administrator:\nThe administrator is the child of the person who is the parent of the member program committee.\nAnswer yes or no:",
	"conference#Organization;confOf#Conference": "Classify if the following two concepts are the same.\n###First concept Organization:\nThe parent of the organizer is the parent of the chair and the committee member.\n###Second concept Conference:\nThe conference is the child of the working event and the parent of the tutorial.\nAnswer yes or no:",
	"conference#Organization;confOf#Member": "Classify if the following two concepts are the same.\n###First concept Organization:\nThe parent of the organizer is the parent of the chair and the committee member.\n###Second concept Member:\nThe child of the participant is the child of the person who is the parent of the chair program committee.\nAnswer yes or no:",
	"conference#Organization;confOf#Assistant": "Classify if the following two concepts are the same.\n###First concept Organization:\nThe parent of the organizer is the parent of the chair and the committee member.\n###Second concept Assistant:\nThe assistant is a child of a person who is also a child of a Thing.\nAnswer yes or no:",
	"conference#Regular_contribution;confOf#Regular": "Classify if the following two concepts are the same.\n###First concept Regular_contribution:\nThe conference contribution is the parent of the written contribution which is the parent of the submitted contribution. The reviewed contribution is the parent of the reviewed contribution which is the equivalent of the rejected contribution. The extended abstract is the parent of the regular contribution which is equivalent to the paper.\n###Second concept Regular:\nThe child of a participant is a regular.\nAnswer yes or no:",
	"conference#Poster;confOf#Contribution": "Classify if the following two concepts are the same.\n###First concept Poster:\nThe poster is the parent of both the submitted contribution and the accepted contribution. The conference contribution is the parent of the invited talk and the written contribution is the parent of the paper.\n###Second concept Contribution:\nThe contribution of a short paper is the parent of a poster and the child of Thing.\nAnswer yes or no:",
	"conference#Poster;confOf#Poster": "Classify if the following two concepts are the same.\n###First concept Poster:\nThe poster is the parent of both the submitted contribution and the accepted contribution. The conference contribution is the parent of the invited talk and the written contribution is the parent of the paper.\n###Second concept Poster:\nThe poster is a child of a Thing.\nAnswer yes or no:",
	"conference#Poster;confOf#Paper": "Classify if the following two concepts are the same.\n###First concept Poster:\nThe poster is the parent of both the submitted contribution and the accepted contribution. The conference contribution is the parent of the invited talk and the written contribution is the parent of the paper.\n###Second concept Paper:\nThe paper is a child of the Thing and the contribution.\nAnswer yes or no:",
	"conference#Written_contribution;confOf#Contribution": "Classify if the following two concepts are the same.\n###First concept Written_contribution:\nThe written contribution is the parent of the submitted contribution and the accepted contribution. It is also the parent of the extended abstract which is the same as the extended abstract. The conference contribution is the child of the conference document and the written contribution is the child of the poster.\n###Second concept Contribution:\nThe contribution of a short paper is the parent of a poster and the child of Thing.\nAnswer yes or no:",
	"conference#Written_contribution;confOf#Author": "Classify if the following two concepts are the same.\n###First concept Written_contribution:\nThe written contribution is the parent of the submitted contribution and the accepted contribution. It is also the parent of the extended abstract which is the same as the extended abstract. The conference contribution is the child of the conference document and the written contribution is the child of the poster.\n###Second concept Author:\nThe author is the child of the person who is the parent of the scholar.\nAnswer yes or no:",
	"conference#Conference_applicant;confOf#Event": "Classify if the following two concepts are the same.\n###First concept Conference_applicant:\nThe conference applicant is a child of a person who is the parent of a conference contributor and an active conference participant. The registered applicant is the parent of a paid applicant which is equivalent to an early paid applicant.\n###Second concept Event:\nThe parent event of a working event is a social event. It is also the parent event of a banquet. It is also the parent event of a submission event. It is also the parent event of an administrative event.\nAnswer yes or no:",
	"conference#Conference_applicant;confOf#Submission_event": "Classify if the following two concepts are the same.\n###First concept Conference_applicant:\nThe conference applicant is a child of a person who is the parent of a conference contributor and an active conference participant. The registered applicant is the parent of a paid applicant which is equivalent to an early paid applicant.\n###Second concept Submission_event:\nThe submission event is a child of the administrative event which is the parent of the reviewing event.\nAnswer yes or no:",
	"conference#Conference_applicant;confOf#Workshop": "Classify if the following two concepts are the same.\n###First concept Conference_applicant:\nThe conference applicant is a child of a person who is the parent of a conference contributor and an active conference participant. The registered applicant is the parent of a paid applicant which is equivalent to an early paid applicant.\n###Second concept Workshop:\nThe workshop is a child of a working event which is parented by an administrative event.\nAnswer yes or no:",
	"conference#Conference_applicant;confOf#Conference": "Classify if the following two concepts are the same.\n###First concept Conference_applicant:\nThe conference applicant is a child of a person who is the parent of a conference contributor and an active conference participant. The registered applicant is the parent of a paid applicant which is equivalent to an early paid applicant.\n###Second concept Conference:\nThe conference is the child of the working event and the parent of the tutorial.\nAnswer yes or no:",
	"conference#Camera_ready_contribution;confOf#Camera_Ready_event": "Classify if the following two concepts are the same.\n###First concept Camera_ready_contribution:\nThe camera ready contribution is a child of the accepted contribution which is equivalent to the reviewed contribution. The written contribution is also a child of the regular contribution which is parented by the extended abstract.\n###Second concept Camera_Ready_event:\nThe camera ready event is a child of the administrative event and the working event. The workshop is also a child of the working event.\nAnswer yes or no:",
	"conference#Accepted_contribution;confOf#Contribution": "Classify if the following two concepts are the same.\n###First concept Accepted_contribution:\nThe accepted contribution is the parent of the camera ready contribution and is equivalent to the reviewed contribution. The written contribution is the child of the conference contribution and the conference document.\n###Second concept Contribution:\nThe contribution of a short paper is the parent of a poster and the child of Thing.\nAnswer yes or no:",
	"conference#Organizing_committee;confOf#Organization": "Classify if the following two concepts are the same.\n###First concept Organizing_committee:\nThe organizing committee is a child of the committee which is equivalent to the steering committee.\n###Second concept Organization:\nThe parent company of the organization is the university.\nAnswer yes or no:",
	"conference#Organizing_committee;confOf#Workshop": "Classify if the following two concepts are the same.\n###First concept Organizing_committee:\nThe organizing committee is a child of the committee which is equivalent to the steering committee.\n###Second concept Workshop:\nThe workshop is a child of a working event which is parented by an administrative event.\nAnswer yes or no:",
	"conference#Conference_volume;confOf#Banquet": "Classify if the following two concepts are the same.\n###First concept Conference_volume:\nThe conference volume is a child of conference.\n###Second concept Banquet:\nA banquet is a social event.\nAnswer yes or no:",
	"conference#Conference_volume;confOf#Event": "Classify if the following two concepts are the same.\n###First concept Conference_volume:\nThe conference volume is a child of conference.\n###Second concept Event:\nThe parent event of a working event is a social event. It is also the parent event of a banquet. It is also the parent event of a submission event. It is also the parent event of an administrative event.\nAnswer yes or no:",
	"conference#Conference_volume;confOf#Workshop": "Classify if the following two concepts are the same.\n###First concept Conference_volume:\nThe conference volume is a child of conference.\n###Second concept Workshop:\nThe workshop is a child of a working event which is parented by an administrative event.\nAnswer yes or no:",
	"conference#Conference_volume;confOf#Conference": "Classify if the following two concepts are the same.\n###First concept Conference_volume:\nThe conference volume is a child of conference.\n###Second concept Conference:\nThe conference is the child of the working event and the parent of the tutorial.\nAnswer yes or no:",
	"conference#Conference;confOf#Banquet": "Classify if the following two concepts are the same.\n###First concept Conference:\nThe conference is the parent of the conference volume.\n###Second concept Banquet:\nA banquet is a social event.\nAnswer yes or no:",
	"conference#Conference;confOf#Event": "Classify if the following two concepts are the same.\n###First concept Conference:\nThe conference is the parent of the conference volume.\n###Second concept Event:\nThe parent event of a working event is a social event. It is also the parent event of a banquet. It is also the parent event of a submission event. It is also the parent event of an administrative event.\nAnswer yes or no:",
	"conference#Conference;confOf#Organization": "Classify if the following two concepts are the same.\n###First concept Conference:\nThe conference is the parent of the conference volume.\n###Second concept Organization:\nThe parent company of the organization is the university.\nAnswer yes or no:",
	"conference#Conference;confOf#University": "Classify if the following two concepts are the same.\n###First concept Conference:\nThe conference is the parent of the conference volume.\n###Second concept University:\nThe university is the child of the organization which is parented by the company.\nAnswer yes or no:",
	"conference#Conference;confOf#Workshop": "Classify if the following two concepts are the same.\n###First concept Conference:\nThe conference is the parent of the conference volume.\n###Second concept Workshop:\nThe workshop is a child of a working event which is parented by an administrative event.\nAnswer yes or no:",
	"conference#Conference;confOf#Conference": "Classify if the following two concepts are the same.\n###First concept Conference:\nThe conference is the parent of the conference volume.\n###Second concept Conference:\nThe conference is the child of the working event and the parent of the tutorial.\nAnswer yes or no:",
	"conference#Call_for_paper;confOf#Paper": "Classify if the following two concepts are the same.\n###First concept Call_for_paper:\nThe call for paper is a child of conference document which is the parent of review.\n###Second concept Paper:\nThe paper is a child of the Thing and the contribution.\nAnswer yes or no:",
	"conference#Call_for_paper;confOf#Short_paper": "Classify if the following two concepts are the same.\n###First concept Call_for_paper:\nThe call for paper is a child of conference document which is the parent of review.\n###Second concept Short_paper:\nThe short paper is a child of contribution which is a child of Thing.\nAnswer yes or no:",
	"conference#Conference_announcement;confOf#Event": "Classify if the following two concepts are the same.\n###First concept Conference_announcement:\nThe conference announcement is the child of the conference document which is the parent of the call for participation.\n###Second concept Event:\nThe parent event of a working event is a social event. It is also the parent event of a banquet. It is also the parent event of a submission event. It is also the parent event of an administrative event.\nAnswer yes or no:",
	"conference#Conference_announcement;confOf#Conference": "Classify if the following two concepts are the same.\n###First concept Conference_announcement:\nThe conference announcement is the child of the conference document which is the parent of the call for participation.\n###Second concept Conference:\nThe conference is the child of the working event and the parent of the tutorial.\nAnswer yes or no:",
	"conference#Paper;confOf#Poster": "Classify if the following two concepts are the same.\n###First concept Paper:\nThe paper is the child of the regular contribution and the written contribution. The poster is the parent of the submitted contribution.\n###Second concept Poster:\nThe poster is a child of a Thing.\nAnswer yes or no:",
	"conference#Paper;confOf#Paper": "Classify if the following two concepts are the same.\n###First concept Paper:\nThe paper is the child of the regular contribution and the written contribution. The poster is the parent of the submitted contribution.\n###Second concept Paper:\nThe paper is a child of the Thing and the contribution.\nAnswer yes or no:",
	"conference#Paper;confOf#Short_paper": "Classify if the following two concepts are the same.\n###First concept Paper:\nThe paper is the child of the regular contribution and the written contribution. The poster is the parent of the submitted contribution.\n###Second concept Short_paper:\nThe short paper is a child of contribution which is a child of Thing.\nAnswer yes or no:",
	"conference#Invited_talk;confOf#Banquet": "Classify if the following two concepts are the same.\n###First concept Invited_talk:\nThe conference contribution, which is the parent of the presentation, is equivalent to an invited talk.\n###Second concept Banquet:\nA banquet is a social event.\nAnswer yes or no:",
	"conference#Invited_talk;confOf#Conference": "Classify if the following two concepts are the same.\n###First concept Invited_talk:\nThe conference contribution, which is the parent of the presentation, is equivalent to an invited talk.\n###Second concept Conference:\nThe conference is the child of the working event and the parent of the tutorial.\nAnswer yes or no:",
	"conference#Invited_talk;confOf#Member": "Classify if the following two concepts are the same.\n###First concept Invited_talk:\nThe conference contribution, which is the parent of the presentation, is equivalent to an invited talk.\n###Second concept Member:\nThe child of the participant is the child of the person who is the parent of the chair program committee.\nAnswer yes or no:",
	"conference#Conference_part;confOf#Banquet": "Classify if the following two concepts are the same.\n###First concept Conference_part:\nThe conference part is the parent of the workshop and the tutorial.\n###Second concept Banquet:\nA banquet is a social event.\nAnswer yes or no:",
	"conference#Conference_part;confOf#Social_event": "Classify if the following two concepts are the same.\n###First concept Conference_part:\nThe conference part is the parent of the workshop and the tutorial.\n###Second concept Social_event:\nThe social event is the parent of the banquet, the reception and the trip. It is also the parent of the administrative event which is also the parent of the camera ready event.\nAnswer yes or no:",
	"conference#Conference_part;confOf#Event": "Classify if the following two concepts are the same.\n###First concept Conference_part:\nThe conference part is the parent of the workshop and the tutorial.\n###Second concept Event:\nThe parent event of a working event is a social event. It is also the parent event of a banquet. It is also the parent event of a submission event. It is also the parent event of an administrative event.\nAnswer yes or no:",
	"conference#Conference_part;confOf#Reviewing_event": "Classify if the following two concepts are the same.\n###First concept Conference_part:\nThe conference part is the parent of the workshop and the tutorial.\n###Second concept Reviewing_event:\nThe review event is a child of the administrative event.\nAnswer yes or no:",
	"conference#Conference_part;confOf#Submission_event": "Classify if the following two concepts are the same.\n###First concept Conference_part:\nThe conference part is the parent of the workshop and the tutorial.\n###Second concept Submission_event:\nThe submission event is a child of the administrative event which is the parent of the reviewing event.\nAnswer yes or no:",
	"conference#Conference_part;confOf#Workshop": "Classify if the following two concepts are the same.\n###First concept Conference_part:\nThe conference part is the parent of the workshop and the tutorial.\n###Second concept Workshop:\nThe workshop is a child of a working event which is parented by an administrative event.\nAnswer yes or no:",
	"conference#Conference_part;confOf#Conference": "Classify if the following two concepts are the same.\n###First concept Conference_part:\nThe conference part is the parent of the workshop and the tutorial.\n###Second concept Conference:\nThe conference is the child of the working event and the parent of the tutorial.\nAnswer yes or no:",
	"conference#Conference_part;confOf#Member_PC": "Classify if the following two concepts are the same.\n###First concept Conference_part:\nThe conference part is the parent of the workshop and the tutorial.\n###Second concept Member_PC:\nThe member program committee is child of the person who is the child of a Thing.\nAnswer yes or no:",
	"conference#Presentation;confOf#Banquet": "Classify if the following two concepts are the same.\n###First concept Presentation:\nThe conference contribution is the child of the conference document and is the parent of the invited talk.\n###Second concept Banquet:\nA banquet is a social event.\nAnswer yes or no:",
	"conference#Presentation;confOf#Poster": "Classify if the following two concepts are the same.\n###First concept Presentation:\nThe conference contribution is the child of the conference document and is the parent of the invited talk.\n###Second concept Poster:\nThe poster is a child of a Thing.\nAnswer yes or no:",
	"conference#Presentation;confOf#Paper": "Classify if the following two concepts are the same.\n###First concept Presentation:\nThe conference contribution is the child of the conference document and is the parent of the invited talk.\n###Second concept Paper:\nThe paper is a child of the Thing and the contribution.\nAnswer yes or no:",
	"conference#Presentation;confOf#Workshop": "Classify if the following two concepts are the same.\n###First concept Presentation:\nThe conference contribution is the child of the conference document and is the parent of the invited talk.\n###Second concept Workshop:\nThe workshop is a child of a working event which is parented by an administrative event.\nAnswer yes or no:",
	"conference#Presentation;confOf#Conference": "Classify if the following two concepts are the same.\n###First concept Presentation:\nThe conference contribution is the child of the conference document and is the parent of the invited talk.\n###Second concept Conference:\nThe conference is the child of the working event and the parent of the tutorial.\nAnswer yes or no:",
	"conference#Presentation;confOf#Participant": "Classify if the following two concepts are the same.\n###First concept Presentation:\nThe conference contribution is the child of the conference document and is the parent of the invited talk.\n###Second concept Participant:\nThe child of a participant is the child of a person who is a member of Thing. The student and the regular participant are both parents of the same participant.\nAnswer yes or no:",
	"conference#Chair;confOf#Person": "Classify if the following two concepts are the same.\n###First concept Chair:\nThe chair of the committee is the child of the committee member who is the parent of the organizer who is the child of Thing.\n###Second concept Person:\nThe child of a Thing is the parent of a student and a science worker. The administrator is the parent of the author and the child is the child of a student.\nAnswer yes or no:",
	"conference#Chair;confOf#Member": "Classify if the following two concepts are the same.\n###First concept Chair:\nThe chair of the committee is the child of the committee member who is the parent of the organizer who is the child of Thing.\n###Second concept Member:\nThe child of the participant is the child of the person who is the parent of the chair program committee.\nAnswer yes or no:",
	"conference#Chair;confOf#Participant": "Classify if the following two concepts are the same.\n###First concept Chair:\nThe chair of the committee is the child of the committee member who is the parent of the organizer who is the child of Thing.\n###Second concept Participant:\nThe child of a participant is the child of a person who is a member of Thing. The student and the regular participant are both parents of the same participant.\nAnswer yes or no:",
	"conference#Chair;confOf#Chair_PC": "Classify if the following two concepts are the same.\n###First concept Chair:\nThe chair of the committee is the child of the committee member who is the parent of the organizer who is the child of Thing.\n###Second concept Chair_PC:\nThe chair of the program committee is a child of a Thing.\nAnswer yes or no:",
	"conference#Chair;confOf#Assistant": "Classify if the following two concepts are the same.\n###First concept Chair:\nThe chair of the committee is the child of the committee member who is the parent of the organizer who is the child of Thing.\n###Second concept Assistant:\nThe assistant is a child of a person who is also a child of a Thing.\nAnswer yes or no:",
	"conference#Workshop;confOf#Banquet": "Classify if the following two concepts are the same.\n###First concept Workshop:\nThe workshop is the child of the conference part and the parent of the tutorial.\n###Second concept Banquet:\nA banquet is a social event.\nAnswer yes or no:",
	"conference#Workshop;confOf#Workshop": "Classify if the following two concepts are the same.\n###First concept Workshop:\nThe workshop is the child of the conference part and the parent of the tutorial.\n###Second concept Workshop:\nThe workshop is a child of a working event which is parented by an administrative event.\nAnswer yes or no:",
	"conference#Workshop;confOf#Conference": "Classify if the following two concepts are the same.\n###First concept Workshop:\nThe workshop is the child of the conference part and the parent of the tutorial.\n###Second concept Conference:\nThe conference is the child of the working event and the parent of the tutorial.\nAnswer yes or no:",
	"conference#Workshop;confOf#Participant": "Classify if the following two concepts are the same.\n###First concept Workshop:\nThe workshop is the child of the conference part and the parent of the tutorial.\n###Second concept Participant:\nThe child of a participant is the child of a person who is a member of Thing. The student and the regular participant are both parents of the same participant.\nAnswer yes or no:",
	"conference#Workshop;confOf#Science_Worker": "Classify if the following two concepts are the same.\n###First concept Workshop:\nThe workshop is the child of the conference part and the parent of the tutorial.\n###Second concept Science_Worker:\nThe child of a science worker is the parent of a chair program committee.\nAnswer yes or no:",
	"conference#Tutorial;confOf#Tutorial": "Classify if the following two concepts are the same.\n###First concept Tutorial:\nThe tutorial is child of the conference part and the parent of the workshop.\n###Second concept Tutorial:\nThe tutorial is child of the working event which is parented by the conference.\nAnswer yes or no:",
	"conference#Rejected_contribution;confOf#Contribution": "Classify if the following two concepts are the same.\n###First concept Rejected_contribution:\nThe rejected contribution is the child of the reviewed contribution which is equivalent to the accepted contribution and the parent of the camera ready contribution.\n###Second concept Contribution:\nThe contribution of a short paper is the parent of a poster and the child of Thing.\nAnswer yes or no:",
	"conference#Reviewed_contribution;confOf#Contribution": "Classify if the following two concepts are the same.\n###First concept Reviewed_contribution:\nThe submitted contribution is the child of the written contribution and the reviewed contribution is the parent of the rejected contribution. The reviewed contribution is equivalent to the accepted contribution which is the parent of the camera ready contribution.\n###Second concept Contribution:\nThe contribution of a short paper is the parent of a poster and the child of Thing.\nAnswer yes or no:",
	"conference#Reviewed_contribution;confOf#Reviewing_results_event": "Classify if the following two concepts are the same.\n###First concept Reviewed_contribution:\nThe submitted contribution is the child of the written contribution and the reviewed contribution is the parent of the rejected contribution. The reviewed contribution is equivalent to the accepted contribution which is the parent of the camera ready contribution.\n###Second concept Reviewing_results_event:\nThe review of results event is a child of the administrative event which is parented by the camera ready event.\nAnswer yes or no:",
	"conference#Reviewed_contribution;confOf#Reviewing_event": "Classify if the following two concepts are the same.\n###First concept Reviewed_contribution:\nThe submitted contribution is the child of the written contribution and the reviewed contribution is the parent of the rejected contribution. The reviewed contribution is equivalent to the accepted contribution which is the parent of the camera ready contribution.\n###Second concept Reviewing_event:\nThe review event is a child of the administrative event.\nAnswer yes or no:",
	"conference#Review;confOf#Reviewing_results_event": "Classify if the following two concepts are the same.\n###First concept Review:\nThe conference document is the parent of the conference contribution which is equivalent to a written contribution. The review contribution is the parent of the submitted contribution which is equivalent to a rejected contribution.\n###Second concept Reviewing_results_event:\nThe review of results event is a child of the administrative event which is parented by the camera ready event.\nAnswer yes or no:",
	"conference#Review;confOf#Reviewing_event": "Classify if the following two concepts are the same.\n###First concept Review:\nThe conference document is the parent of the conference contribution which is equivalent to a written contribution. The review contribution is the parent of the submitted contribution which is equivalent to a rejected contribution.\n###Second concept Reviewing_event:\nThe review event is a child of the administrative event.\nAnswer yes or no:",
	"conference#Organizer;confOf#Event": "Classify if the following two concepts are the same.\n###First concept Organizer:\nThe parent of a conference applicant is the registered applicant. The registered applicant is the parent of a paid applicant. The late paid applicant is also the parent of the conference applicant. The committee member is also a child of the organizer of the Thing.\n###Second concept Event:\nThe parent event of a working event is a social event. It is also the parent event of a banquet. It is also the parent event of a submission event. It is also the parent event of an administrative event.\nAnswer yes or no:",
	"conference#Organizer;confOf#Organization": "Classify if the following two concepts are the same.\n###First concept Organizer:\nThe parent of a conference applicant is the registered applicant. The registered applicant is the parent of a paid applicant. The late paid applicant is also the parent of the conference applicant. The committee member is also a child of the organizer of the Thing.\n###Second concept Organization:\nThe parent company of the organization is the university.\nAnswer yes or no:",
	"conference#Organizer;confOf#Paper": "Classify if the following two concepts are the same.\n###First concept Organizer:\nThe parent of a conference applicant is the registered applicant. The registered applicant is the parent of a paid applicant. The late paid applicant is also the parent of the conference applicant. The committee member is also a child of the organizer of the Thing.\n###Second concept Paper:\nThe paper is a child of the Thing and the contribution.\nAnswer yes or no:",
	"conference#Organizer;confOf#Workshop": "Classify if the following two concepts are the same.\n###First concept Organizer:\nThe parent of a conference applicant is the registered applicant. The registered applicant is the parent of a paid applicant. The late paid applicant is also the parent of the conference applicant. The committee member is also a child of the organizer of the Thing.\n###Second concept Workshop:\nThe workshop is a child of a working event which is parented by an administrative event.\nAnswer yes or no:",
	"conference#Call_for_participation;confOf#Registration_of_participants_event": "Classify if the following two concepts are the same.\n###First concept Call_for_participation:\nThe conference document is the parent of the conference announcement and the call for participation.\n###Second concept Registration_of_participants_event:\nThe registration of participants event is a child of the administrative event which is also a child of the social event which is also a parent of a trip.\nAnswer yes or no:",
	"conference#Conference_www;confOf#Event": "Classify if the following two concepts are the same.\n###First concept Conference_www:\nconference www is the parent of conference announcement and conference document.\n###Second concept Event:\nThe parent event of a working event is a social event. It is also the parent event of a banquet. It is also the parent event of a submission event. It is also the parent event of an administrative event.\nAnswer yes or no:",
	"conference#Conference_www;confOf#Conference": "Classify if the following two concepts are the same.\n###First concept Conference_www:\nconference www is the parent of conference announcement and conference document.\n###Second concept Conference:\nThe conference is the child of the working event and the parent of the tutorial.\nAnswer yes or no:",
	"conference#Review_preference;confOf#Reviewing_results_event": "Classify if the following two concepts are the same.\n###First concept Review_preference:\nThe review preference is a child of Thing.\n###Second concept Reviewing_results_event:\nThe review of results event is a child of the administrative event which is parented by the camera ready event.\nAnswer yes or no:",
	"conference#Review_preference;confOf#Reviewing_event": "Classify if the following two concepts are the same.\n###First concept Review_preference:\nThe review preference is a child of Thing.\n###Second concept Reviewing_event:\nThe review event is a child of the administrative event.\nAnswer yes or no:"
}