{
	"conference#Conference_participant;sigkdd#Committee": "Classify if the following two concepts are the same.\n###First concept Conference_participant:\nThe parent of the conference participant is the track workshop chair. The active conference participant is the parent of the conference contributor and the regular author. The conference participant is also the parent of the conference contributor.\n###Second concept Committee:\nThe committee is the parent of the program committee, the organizing committee and the best paper awards committee.\nAnswer yes or no:",
	"conference#Conference_participant;sigkdd#Conference_hall": "Classify if the following two concepts are the same.\n###First concept Conference_participant:\nThe parent of the conference participant is the track workshop chair. The active conference participant is the parent of the conference contributor and the regular author. The conference participant is also the parent of the conference contributor.\n###Second concept Conference_hall:\nThe conference hall is the child of the hotel.\nAnswer yes or no:",
	"conference#Conference_participant;sigkdd#Organizing_Committee": "Classify if the following two concepts are the same.\n###First concept Conference_participant:\nThe parent of the conference participant is the track workshop chair. The active conference participant is the parent of the conference contributor and the regular author. The conference participant is also the parent of the conference contributor.\n###Second concept Organizing_Committee:\nThe best paper awards committee is the parent of the committee which is the organizing committee.\nAnswer yes or no:",
	"conference#Conference_participant;sigkdd#Invited_Speaker": "Classify if the following two concepts are the same.\n###First concept Conference_participant:\nThe parent of the conference participant is the track workshop chair. The active conference participant is the parent of the conference contributor and the regular author. The conference participant is also the parent of the conference contributor.\n###Second concept Invited_Speaker:\nThe invited speaker is the child of the speaker and the parent of the author of paper student.\nAnswer yes or no:",
	"conference#Passive_conference_participant;sigkdd#Listener": "Classify if the following two concepts are the same.\n###First concept Passive_conference_participant:\nThe child of a conference participant is the child of a registered applicant and a conference applicant. The conference applicant is the parent of the conference participant.\n###Second concept Listener:\nThe child of a listener is a child of a Thing.\nAnswer yes or no:",
	"conference#Person;sigkdd#Author": "Classify if the following two concepts are the same.\n###First concept Person:\nThe parent of the conference contributor is the committee member, co chair and the conference applicant. The conference applicant is the registered applicant and the reviewer is the parent of the track workshop chair.\n###Second concept Author:\nThe author of paper is the parent of the author of paper student. The author is also the child of a speaker and a child of a Thing.\nAnswer yes or no:",
	"conference#Person;sigkdd#Exhibitor": "Classify if the following two concepts are the same.\n###First concept Person:\nThe parent of the conference contributor is the committee member, co chair and the conference applicant. The conference applicant is the registered applicant and the reviewer is the parent of the track workshop chair.\n###Second concept Exhibitor:\nThe best student paper supporter is the parent of the exhibitors who are the child of the sponsor.\nAnswer yes or no:",
	"conference#Person;sigkdd#Person": "Classify if the following two concepts are the same.\n###First concept Person:\nThe parent of the conference contributor is the committee member, co chair and the conference applicant. The conference applicant is the registered applicant and the reviewer is the parent of the track workshop chair.\n###Second concept Person:\nThe speaker is the parent of the invited speaker and the listener. The organization is the parent of the program committee member and the child of Thing.\nAnswer yes or no:",
	"conference#Person;sigkdd#Speaker": "Classify if the following two concepts are the same.\n###First concept Person:\nThe parent of the conference contributor is the committee member, co chair and the conference applicant. The conference applicant is the registered applicant and the reviewer is the parent of the track workshop chair.\n###Second concept Speaker:\nThe speaker is the parent of the invited speaker and the author of paper. He is also the parent of the program chair and the speaker is a child of the organization.\nAnswer yes or no:",
	"conference#Review_expertise;sigkdd#Review": "Classify if the following two concepts are the same.\n###First concept Review_expertise:\nReview expertise is a child of Thing.\n###Second concept Review:\nReview is a child of document which is parented by paper.\nAnswer yes or no:",
	"conference#Reviewer;sigkdd#Review": "Classify if the following two concepts are the same.\n###First concept Reviewer:\nThe reviewer is a child of the person who is the parent of the committee member. The committee member is the parent of the organizer who is the child of the organization.\n###Second concept Review:\nReview is a child of document which is parented by paper.\nAnswer yes or no:",
	"conference#Regular_author;sigkdd#Author_of_paper_student": "Classify if the following two concepts are the same.\n###First concept Regular_author:\nThe regular author is the parent of both the active conference participant and the contribution co author. He is the child of the conference contributor and the contribution 1st author.\n###Second concept Author_of_paper_student:\nThe author of paper student is the child of a speaker who is a child of a person who is a child of a Thing.\nAnswer yes or no:",
	"conference#Regular_author;sigkdd#Author": "Classify if the following two concepts are the same.\n###First concept Regular_author:\nThe regular author is the parent of both the active conference participant and the contribution co author. He is the child of the conference contributor and the contribution 1st author.\n###Second concept Author:\nThe author of paper is the parent of the author of paper student. The author is also the child of a speaker and a child of a Thing.\nAnswer yes or no:",
	"conference#Regular_author;sigkdd#Registration_Non-Member": "Classify if the following two concepts are the same.\n###First concept Regular_author:\nThe regular author is the parent of both the active conference participant and the contribution co author. He is the child of the conference contributor and the contribution 1st author.\n###Second concept Registration_Non-Member:\nThe registered non member is the child of the registration fee and the parent of the registered sigkdd member.\nAnswer yes or no:",
	"conference#Regular_author;sigkdd#Author_of_paper": "Classify if the following two concepts are the same.\n###First concept Regular_author:\nThe regular author is the parent of both the active conference participant and the contribution co author. He is the child of the conference contributor and the contribution 1st author.\n###Second concept Author_of_paper:\nThe author of the paper is the child of the author and the speaker. The speaker is the parent of the invited speaker.\nAnswer yes or no:",
	"conference#Conference_contributor;sigkdd#Conference_hall": "Classify if the following two concepts are the same.\n###First concept Conference_contributor:\nThe parent of the conference contributor is the registered applicant. The registered applicant is the parent of the paid applicant and the late paid applicant. The conference contributor is the child of the invited speaker and the regular author. The contributor is also the parent of the conference contributor.\n###Second concept Conference_hall:\nThe conference hall is the child of the hotel.\nAnswer yes or no:",
	"conference#Contribution_1th-author;sigkdd#Author_of_paper_student": "Classify if the following two concepts are the same.\n###First concept Contribution_1th-author:\nThe contribution 1st author is the child of the regular author and the conference contributor. The invited speaker is the parent of the active conference participant and the invited speaker is the invited speaker.\n###Second concept Author_of_paper_student:\nThe author of paper student is the child of a speaker who is a child of a person who is a child of a Thing.\nAnswer yes or no:",
	"conference#Contribution_1th-author;sigkdd#Registration_Non-Member": "Classify if the following two concepts are the same.\n###First concept Contribution_1th-author:\nThe contribution 1st author is the child of the regular author and the conference contributor. The invited speaker is the parent of the active conference participant and the invited speaker is the invited speaker.\n###Second concept Registration_Non-Member:\nThe registered non member is the child of the registration fee and the parent of the registered sigkdd member.\nAnswer yes or no:",
	"conference#Contribution_1th-author;sigkdd#Registration_SIGKDD_Member": "Classify if the following two concepts are the same.\n###First concept Contribution_1th-author:\nThe contribution 1st author is the child of the regular author and the conference contributor. The invited speaker is the parent of the active conference participant and the invited speaker is the invited speaker.\n###Second concept Registration_SIGKDD_Member:\nThe registration fee for sigkdd members is child of the registration fee and the parent of the sponsor fee.\nAnswer yes or no:",
	"conference#Contribution_co-author;sigkdd#Deadline_Author_notification": "Classify if the following two concepts are the same.\n###First concept Contribution_co-author:\nThe contribution co author is the child of the regular author and the conference contributor who is the parent of an active conference participant.\n###Second concept Deadline_Author_notification:\nThe deadline author notification is child of the deadline and the parent of the deadline abstract submission.\nAnswer yes or no:",
	"conference#Contribution_co-author;sigkdd#Author_of_paper_student": "Classify if the following two concepts are the same.\n###First concept Contribution_co-author:\nThe contribution co author is the child of the regular author and the conference contributor who is the parent of an active conference participant.\n###Second concept Author_of_paper_student:\nThe author of paper student is the child of a speaker who is a child of a person who is a child of a Thing.\nAnswer yes or no:",
	"conference#Contribution_co-author;sigkdd#Author": "Classify if the following two concepts are the same.\n###First concept Contribution_co-author:\nThe contribution co author is the child of the regular author and the conference contributor who is the parent of an active conference participant.\n###Second concept Author:\nThe author of paper is the parent of the author of paper student. The author is also the child of a speaker and a child of a Thing.\nAnswer yes or no:",
	"conference#Contribution_co-author;sigkdd#Registration_SIGMOD_Member": "Classify if the following two concepts are the same.\n###First concept Contribution_co-author:\nThe contribution co author is the child of the regular author and the conference contributor who is the parent of an active conference participant.\n###Second concept Registration_SIGMOD_Member:\nThe registration fee for sigkdd members is the child of the registration fee.\nAnswer yes or no:",
	"conference#Contribution_co-author;sigkdd#Registration_Non-Member": "Classify if the following two concepts are the same.\n###First concept Contribution_co-author:\nThe contribution co author is the child of the regular author and the conference contributor who is the parent of an active conference participant.\n###Second concept Registration_Non-Member:\nThe registered non member is the child of the registration fee and the parent of the registered sigkdd member.\nAnswer yes or no:",
	"conference#Contribution_co-author;sigkdd#Registration_SIGKDD_Member": "Classify if the following two concepts are the same.\n###First concept Contribution_co-author:\nThe contribution co author is the child of the regular author and the conference contributor who is the parent of an active conference participant.\n###Second concept Registration_SIGKDD_Member:\nThe registration fee for sigkdd members is child of the registration fee and the parent of the sponsor fee.\nAnswer yes or no:",
	"conference#Contribution_co-author;sigkdd#Program_Committee_member": "Classify if the following two concepts are the same.\n###First concept Contribution_co-author:\nThe contribution co author is the child of the regular author and the conference contributor who is the parent of an active conference participant.\n###Second concept Program_Committee_member:\nThe program committee member is a child of the organization which is parented by the general chair.\nAnswer yes or no:",
	"conference#Contribution_co-author;sigkdd#Organizing_Committee_member": "Classify if the following two concepts are the same.\n###First concept Contribution_co-author:\nThe contribution co author is the child of the regular author and the conference contributor who is the parent of an active conference participant.\n###Second concept Organizing_Committee_member:\nThe organizing committee member is a child of an organization which is a child of a person who is a child of a Thing.\nAnswer yes or no:",
	"conference#Contribution_co-author;sigkdd#Author_of_paper": "Classify if the following two concepts are the same.\n###First concept Contribution_co-author:\nThe contribution co author is the child of the regular author and the conference contributor who is the parent of an active conference participant.\n###Second concept Author_of_paper:\nThe author of the paper is the child of the author and the speaker. The speaker is the parent of the invited speaker.\nAnswer yes or no:",
	"conference#Conference_contribution;sigkdd#Conference_hall": "Classify if the following two concepts are the same.\n###First concept Conference_contribution:\nThe conference contribution is the parent of the poster, the conference announcement and the conference document. The conference contribution is the parent of the invited talk and the conference contribution is the parent of the conference contribution. The written contribution is the parent of the regular contribution and the reviewed contribution is the equivalent of the accepted contribution.\n###Second concept Conference_hall:\nThe conference hall is the child of the hotel.\nAnswer yes or no:",
	"conference#Co-chair;sigkdd#Program_Chair": "Classify if the following two concepts are the same.\n###First concept Co-chair:\nThe co chair is the child of the committee member and the parent of the track workshop chair.\n###Second concept Program_Chair:\nThe program chair is a child of an organization which is parented by a speaker.\nAnswer yes or no:",
	"conference#Co-chair;sigkdd#General_Chair": "Classify if the following two concepts are the same.\n###First concept Co-chair:\nThe co chair is the child of the committee member and the parent of the track workshop chair.\n###Second concept General_Chair:\nThe general chair is a child of an organization which is a child of a person who is a child of a Thing.\nAnswer yes or no:",
	"conference#Committee;sigkdd#Committee": "Classify if the following two concepts are the same.\n###First concept Committee:\nThe committee is the parent of the organizing committee, the program committee and the steering committee.\n###Second concept Committee:\nThe committee is the parent of the program committee, the organizing committee and the best paper awards committee.\nAnswer yes or no:",
	"conference#Committee;sigkdd#Registration_Non-Member": "Classify if the following two concepts are the same.\n###First concept Committee:\nThe committee is the parent of the organizing committee, the program committee and the steering committee.\n###Second concept Registration_Non-Member:\nThe registered non member is the child of the registration fee and the parent of the registered sigkdd member.\nAnswer yes or no:",
	"conference#Committee;sigkdd#Organizing_Committee": "Classify if the following two concepts are the same.\n###First concept Committee:\nThe committee is the parent of the organizing committee, the program committee and the steering committee.\n###Second concept Organizing_Committee:\nThe best paper awards committee is the parent of the committee which is the organizing committee.\nAnswer yes or no:",
	"conference#Committee_member;sigkdd#Registration_SIGMOD_Member": "Classify if the following two concepts are the same.\n###First concept Committee_member:\nThe committee member is the parent of the organizer and the co chair. The committee member is also the parent of the chair and the track workshop chair. The committee member is the child of the organizer and the chair.\n###Second concept Registration_SIGMOD_Member:\nThe registration fee for sigkdd members is the child of the registration fee.\nAnswer yes or no:",
	"conference#Committee_member;sigkdd#Committee": "Classify if the following two concepts are the same.\n###First concept Committee_member:\nThe committee member is the parent of the organizer and the co chair. The committee member is also the parent of the chair and the track workshop chair. The committee member is the child of the organizer and the chair.\n###Second concept Committee:\nThe committee is the parent of the program committee, the organizing committee and the best paper awards committee.\nAnswer yes or no:",
	"conference#Committee_member;sigkdd#Registration_Non-Member": "Classify if the following two concepts are the same.\n###First concept Committee_member:\nThe committee member is the parent of the organizer and the co chair. The committee member is also the parent of the chair and the track workshop chair. The committee member is the child of the organizer and the chair.\n###Second concept Registration_Non-Member:\nThe registered non member is the child of the registration fee and the parent of the registered sigkdd member.\nAnswer yes or no:",
	"conference#Committee_member;sigkdd#Registration_SIGKDD_Member": "Classify if the following two concepts are the same.\n###First concept Committee_member:\nThe committee member is the parent of the organizer and the co chair. The committee member is also the parent of the chair and the track workshop chair. The committee member is the child of the organizer and the chair.\n###Second concept Registration_SIGKDD_Member:\nThe registration fee for sigkdd members is child of the registration fee and the parent of the sponsor fee.\nAnswer yes or no:",
	"conference#Committee_member;sigkdd#Program_Committee_member": "Classify if the following two concepts are the same.\n###First concept Committee_member:\nThe committee member is the parent of the organizer and the co chair. The committee member is also the parent of the chair and the track workshop chair. The committee member is the child of the organizer and the chair.\n###Second concept Program_Committee_member:\nThe program committee member is a child of the organization which is parented by the general chair.\nAnswer yes or no:",
	"conference#Committee_member;sigkdd#Organizing_Committee_member": "Classify if the following two concepts are the same.\n###First concept Committee_member:\nThe committee member is the parent of the organizer and the co chair. The committee member is also the parent of the chair and the track workshop chair. The committee member is the child of the organizer and the chair.\n###Second concept Organizing_Committee_member:\nThe organizing committee member is a child of an organization which is a child of a person who is a child of a Thing.\nAnswer yes or no:",
	"conference#Abstract;sigkdd#Abstract": "Classify if the following two concepts are the same.\n###First concept Abstract:\nExtended abstract is a child of extended abstract which is equivalent to regular contribution.\n###Second concept Abstract:\nAbstract is a child of document which is parented by paper.\nAnswer yes or no:",
	"conference#Invited_speaker;sigkdd#Speaker": "Classify if the following two concepts are the same.\n###First concept Invited_speaker:\nThe invited speaker is the parent of an active conference participant, a committee member and a regular author. The 1st author is also a child of the conference contributor.\n###Second concept Speaker:\nThe speaker is the parent of the invited speaker and the author of paper. He is also the parent of the program chair and the speaker is a child of the organization.\nAnswer yes or no:",
	"conference#Invited_speaker;sigkdd#Invited_Speaker": "Classify if the following two concepts are the same.\n###First concept Invited_speaker:\nThe invited speaker is the parent of an active conference participant, a committee member and a regular author. The 1st author is also a child of the conference contributor.\n###Second concept Invited_Speaker:\nThe invited speaker is the child of the speaker and the parent of the author of paper student.\nAnswer yes or no:",
	"conference#Information_for_participants;sigkdd#Organizing_Committee": "Classify if the following two concepts are the same.\n###First concept Information_for_participants:\nThe conference document is the parent of the conference contribution, the presentation and the invited talk. The information for participants is provided by the conference document.\n###Second concept Organizing_Committee:\nThe best paper awards committee is the parent of the committee which is the organizing committee.\nAnswer yes or no:",
	"conference#Conference_document;sigkdd#Document": "Classify if the following two concepts are the same.\n###First concept Conference_document:\nThe conference document is the parent of the call for paper, the conference announcement and the poster. It is also the parent of the information for participants and the conference contribution.\n###Second concept Document:\nThe abstract of the document is the parent of the paper and the review document.\nAnswer yes or no:",
	"conference#Conference_document;sigkdd#Conference_hall": "Classify if the following two concepts are the same.\n###First concept Conference_document:\nThe conference document is the parent of the call for paper, the conference announcement and the poster. It is also the parent of the information for participants and the conference contribution.\n###Second concept Conference_hall:\nThe conference hall is the child of the hotel.\nAnswer yes or no:",
	"conference#Conference_document;sigkdd#Organizing_Committee": "Classify if the following two concepts are the same.\n###First concept Conference_document:\nThe conference document is the parent of the call for paper, the conference announcement and the poster. It is also the parent of the information for participants and the conference contribution.\n###Second concept Organizing_Committee:\nThe best paper awards committee is the parent of the committee which is the organizing committee.\nAnswer yes or no:",
	"conference#Organization;sigkdd#Abstract": "Classify if the following two concepts are the same.\n###First concept Organization:\nThe parent of the organizer is the parent of the chair and the committee member.\n###Second concept Abstract:\nAbstract is a child of document which is parented by paper.\nAnswer yes or no:",
	"conference#Organization;sigkdd#Committee": "Classify if the following two concepts are the same.\n###First concept Organization:\nThe parent of the organizer is the parent of the chair and the committee member.\n###Second concept Committee:\nThe committee is the parent of the program committee, the organizing committee and the best paper awards committee.\nAnswer yes or no:",
	"conference#Organization;sigkdd#Organizing_Committee": "Classify if the following two concepts are the same.\n###First concept Organization:\nThe parent of the organizer is the parent of the chair and the committee member.\n###Second concept Organizing_Committee:\nThe best paper awards committee is the parent of the committee which is the organizing committee.\nAnswer yes or no:",
	"conference#Organization;sigkdd#Organizing_Committee_member": "Classify if the following two concepts are the same.\n###First concept Organization:\nThe parent of the organizer is the parent of the chair and the committee member.\n###Second concept Organizing_Committee_member:\nThe organizing committee member is a child of an organization which is a child of a person who is a child of a Thing.\nAnswer yes or no:",
	"conference#Poster;sigkdd#Paper": "Classify if the following two concepts are the same.\n###First concept Poster:\nThe poster is the parent of both the submitted contribution and the accepted contribution. The conference contribution is the parent of the invited talk and the written contribution is the parent of the paper.\n###Second concept Paper:\nThe paper is the child of the document which is the parent of the review.\nAnswer yes or no:",
	"conference#Written_contribution;sigkdd#Author_of_paper_student": "Classify if the following two concepts are the same.\n###First concept Written_contribution:\nThe written contribution is the parent of the submitted contribution and the accepted contribution. It is also the parent of the extended abstract which is the same as the extended abstract. The conference contribution is the child of the conference document and the written contribution is the child of the poster.\n###Second concept Author_of_paper_student:\nThe author of paper student is the child of a speaker who is a child of a person who is a child of a Thing.\nAnswer yes or no:",
	"conference#Written_contribution;sigkdd#Author": "Classify if the following two concepts are the same.\n###First concept Written_contribution:\nThe written contribution is the parent of the submitted contribution and the accepted contribution. It is also the parent of the extended abstract which is the same as the extended abstract. The conference contribution is the child of the conference document and the written contribution is the child of the poster.\n###Second concept Author:\nThe author of paper is the parent of the author of paper student. The author is also the child of a speaker and a child of a Thing.\nAnswer yes or no:",
	"conference#Written_contribution;sigkdd#Author_of_paper": "Classify if the following two concepts are the same.\n###First concept Written_contribution:\nThe written contribution is the parent of the submitted contribution and the accepted contribution. It is also the parent of the extended abstract which is the same as the extended abstract. The conference contribution is the child of the conference document and the written contribution is the child of the poster.\n###Second concept Author_of_paper:\nThe author of the paper is the child of the author and the speaker. The speaker is the parent of the invited speaker.\nAnswer yes or no:",
	"conference#Conference_applicant;sigkdd#Conference_hall": "Classify if the following two concepts are the same.\n###First concept Conference_applicant:\nThe conference applicant is a child of a person who is the parent of a conference contributor and an active conference participant. The registered applicant is the parent of a paid applicant which is equivalent to an early paid applicant.\n###Second concept Conference_hall:\nThe conference hall is the child of the hotel.\nAnswer yes or no:",
	"conference#Conference_applicant;sigkdd#Invited_Speaker": "Classify if the following two concepts are the same.\n###First concept Conference_applicant:\nThe conference applicant is a child of a person who is the parent of a conference contributor and an active conference participant. The registered applicant is the parent of a paid applicant which is equivalent to an early paid applicant.\n###Second concept Invited_Speaker:\nThe invited speaker is the child of the speaker and the parent of the author of paper student.\nAnswer yes or no:",
	"conference#Program_committee;sigkdd#Best_Paper_Awards_Committee": "Classify if the following two concepts are the same.\n###First concept Program_committee:\nThe program committee is equivalent to the steering committee.\n###Second concept Best_Paper_Awards_Committee:\nThe best paper awards committee is the child of the committee and the parent of the program committee.\nAnswer yes or no:",
	"conference#Program_committee;sigkdd#Program_Chair": "Classify if the following two concepts are the same.\n###First concept Program_committee:\nThe program committee is equivalent to the steering committee.\n###Second concept Program_Chair:\nThe program chair is a child of an organization which is parented by a speaker.\nAnswer yes or no:",
	"conference#Program_committee;sigkdd#Program_Committee": "Classify if the following two concepts are the same.\n###First concept Program_committee:\nThe program committee is equivalent to the steering committee.\n###Second concept Program_Committee:\nThe program committee is the child of the committee which is the parent of the organizing committee.\nAnswer yes or no:",
	"conference#Program_committee;sigkdd#Organizing_Committee": "Classify if the following two concepts are the same.\n###First concept Program_committee:\nThe program committee is equivalent to the steering committee.\n###Second concept Organizing_Committee:\nThe best paper awards committee is the parent of the committee which is the organizing committee.\nAnswer yes or no:",
	"conference#Program_committee;sigkdd#Program_Committee_member": "Classify if the following two concepts are the same.\n###First concept Program_committee:\nThe program committee is equivalent to the steering committee.\n###Second concept Program_Committee_member:\nThe program committee member is a child of the organization which is parented by the general chair.\nAnswer yes or no:",
	"conference#Program_committee;sigkdd#Organizing_Committee_member": "Classify if the following two concepts are the same.\n###First concept Program_committee:\nThe program committee is equivalent to the steering committee.\n###Second concept Organizing_Committee_member:\nThe organizing committee member is a child of an organization which is a child of a person who is a child of a Thing.\nAnswer yes or no:",
	"conference#Organizing_committee;sigkdd#Committee": "Classify if the following two concepts are the same.\n###First concept Organizing_committee:\nThe organizing committee is a child of the committee which is equivalent to the steering committee.\n###Second concept Committee:\nThe committee is the parent of the program committee, the organizing committee and the best paper awards committee.\nAnswer yes or no:",
	"conference#Organizing_committee;sigkdd#Best_Paper_Awards_Committee": "Classify if the following two concepts are the same.\n###First concept Organizing_committee:\nThe organizing committee is a child of the committee which is equivalent to the steering committee.\n###Second concept Best_Paper_Awards_Committee:\nThe best paper awards committee is the child of the committee and the parent of the program committee.\nAnswer yes or no:",
	"conference#Organizing_committee;sigkdd#Program_Committee": "Classify if the following two concepts are the same.\n###First concept Organizing_committee:\nThe organizing committee is a child of the committee which is equivalent to the steering committee.\n###Second concept Program_Committee:\nThe program committee is the child of the committee which is the parent of the organizing committee.\nAnswer yes or no:",
	"conference#Organizing_committee;sigkdd#Organizing_Committee": "Classify if the following two concepts are the same.\n###First concept Organizing_committee:\nThe organizing committee is a child of the committee which is equivalent to the steering committee.\n###Second concept Organizing_Committee:\nThe best paper awards committee is the parent of the committee which is the organizing committee.\nAnswer yes or no:",
	"conference#Organizing_committee;sigkdd#Program_Committee_member": "Classify if the following two concepts are the same.\n###First concept Organizing_committee:\nThe organizing committee is a child of the committee which is equivalent to the steering committee.\n###Second concept Program_Committee_member:\nThe program committee member is a child of the organization which is parented by the general chair.\nAnswer yes or no:",
	"conference#Organizing_committee;sigkdd#Organizing_Committee_member": "Classify if the following two concepts are the same.\n###First concept Organizing_committee:\nThe organizing committee is a child of the committee which is equivalent to the steering committee.\n###Second concept Organizing_Committee_member:\nThe organizing committee member is a child of an organization which is a child of a person who is a child of a Thing.\nAnswer yes or no:",
	"conference#Steering_committee;sigkdd#Organizing_Committee": "Classify if the following two concepts are the same.\n###First concept Steering_committee:\nThe steering committee is equivalent to the committee which is the parent of the organizing committee.\n###Second concept Organizing_Committee:\nThe best paper awards committee is the parent of the committee which is the organizing committee.\nAnswer yes or no:",
	"conference#Conference_volume;sigkdd#Conference_hall": "Classify if the following two concepts are the same.\n###First concept Conference_volume:\nThe conference volume is a child of conference.\n###Second concept Conference_hall:\nThe conference hall is the child of the hotel.\nAnswer yes or no:",
	"conference#Conference_volume;sigkdd#Speaker": "Classify if the following two concepts are the same.\n###First concept Conference_volume:\nThe conference volume is a child of conference.\n###Second concept Speaker:\nThe speaker is the parent of the invited speaker and the author of paper. He is also the parent of the program chair and the speaker is a child of the organization.\nAnswer yes or no:",
	"conference#Conference_volume;sigkdd#Invited_Speaker": "Classify if the following two concepts are the same.\n###First concept Conference_volume:\nThe conference volume is a child of conference.\n###Second concept Invited_Speaker:\nThe invited speaker is the child of the speaker and the parent of the author of paper student.\nAnswer yes or no:",
	"conference#Conference;sigkdd#Committee": "Classify if the following two concepts are the same.\n###First concept Conference:\nThe conference is the parent of the conference volume.\n###Second concept Committee:\nThe committee is the parent of the program committee, the organizing committee and the best paper awards committee.\nAnswer yes or no:",
	"conference#Conference;sigkdd#Conference_hall": "Classify if the following two concepts are the same.\n###First concept Conference:\nThe conference is the parent of the conference volume.\n###Second concept Conference_hall:\nThe conference hall is the child of the hotel.\nAnswer yes or no:",
	"conference#Call_for_paper;sigkdd#Best_Applications_Paper_Award": "Classify if the following two concepts are the same.\n###First concept Call_for_paper:\nThe call for paper is a child of conference document which is the parent of review.\n###Second concept Best_Applications_Paper_Award:\nThe best applications paper award is the child of the best research paper award.\nAnswer yes or no:",
	"conference#Call_for_paper;sigkdd#Author_of_paper_student": "Classify if the following two concepts are the same.\n###First concept Call_for_paper:\nThe call for paper is a child of conference document which is the parent of review.\n###Second concept Author_of_paper_student:\nThe author of paper student is the child of a speaker who is a child of a person who is a child of a Thing.\nAnswer yes or no:",
	"conference#Call_for_paper;sigkdd#Best_Student_Paper_Award": "Classify if the following two concepts are the same.\n###First concept Call_for_paper:\nThe call for paper is a child of conference document which is the parent of review.\n###Second concept Best_Student_Paper_Award:\nThe best student paper award is the child of the award and the parent of the best research paper award.\nAnswer yes or no:",
	"conference#Call_for_paper;sigkdd#Best_Paper_Awards_Committee": "Classify if the following two concepts are the same.\n###First concept Call_for_paper:\nThe call for paper is a child of conference document which is the parent of review.\n###Second concept Best_Paper_Awards_Committee:\nThe best paper awards committee is the child of the committee and the parent of the program committee.\nAnswer yes or no:",
	"conference#Call_for_paper;sigkdd#Main_office": "Classify if the following two concepts are the same.\n###First concept Call_for_paper:\nThe call for paper is a child of conference document which is the parent of review.\n###Second concept Main_office:\nThe main office is the child of the conference hall.\nAnswer yes or no:",
	"conference#Call_for_paper;sigkdd#Best_Research_Paper_Award": "Classify if the following two concepts are the same.\n###First concept Call_for_paper:\nThe call for paper is a child of conference document which is the parent of review.\n###Second concept Best_Research_Paper_Award:\nThe best research paper award is the child of the award and the parent of the best student paper award.\nAnswer yes or no:",
	"conference#Call_for_paper;sigkdd#Best_Student_Paper_Supporter": "Classify if the following two concepts are the same.\n###First concept Call_for_paper:\nThe call for paper is a child of conference document which is the parent of review.\n###Second concept Best_Student_Paper_Supporter:\nThe best student paper supporter is the child of the sponsor who is the parent of the platinum supporter.\nAnswer yes or no:",
	"conference#Call_for_paper;sigkdd#Paper": "Classify if the following two concepts are the same.\n###First concept Call_for_paper:\nThe call for paper is a child of conference document which is the parent of review.\n###Second concept Paper:\nThe paper is the child of the document which is the parent of the review.\nAnswer yes or no:",
	"conference#Call_for_paper;sigkdd#Author_of_paper": "Classify if the following two concepts are the same.\n###First concept Call_for_paper:\nThe call for paper is a child of conference document which is the parent of review.\n###Second concept Author_of_paper:\nThe author of the paper is the child of the author and the speaker. The speaker is the parent of the invited speaker.\nAnswer yes or no:",
	"conference#Conference_announcement;sigkdd#Committee": "Classify if the following two concepts are the same.\n###First concept Conference_announcement:\nThe conference announcement is the child of the conference document which is the parent of the call for participation.\n###Second concept Committee:\nThe committee is the parent of the program committee, the organizing committee and the best paper awards committee.\nAnswer yes or no:",
	"conference#Conference_announcement;sigkdd#Conference_hall": "Classify if the following two concepts are the same.\n###First concept Conference_announcement:\nThe conference announcement is the child of the conference document which is the parent of the call for participation.\n###Second concept Conference_hall:\nThe conference hall is the child of the hotel.\nAnswer yes or no:",
	"conference#Paper;sigkdd#Document": "Classify if the following two concepts are the same.\n###First concept Paper:\nThe paper is the child of the regular contribution and the written contribution. The poster is the parent of the submitted contribution.\n###Second concept Document:\nThe abstract of the document is the parent of the paper and the review document.\nAnswer yes or no:",
	"conference#Paper;sigkdd#Best_Student_Paper_Award": "Classify if the following two concepts are the same.\n###First concept Paper:\nThe paper is the child of the regular contribution and the written contribution. The poster is the parent of the submitted contribution.\n###Second concept Best_Student_Paper_Award:\nThe best student paper award is the child of the award and the parent of the best research paper award.\nAnswer yes or no:",
	"conference#Paper;sigkdd#Paper": "Classify if the following two concepts are the same.\n###First concept Paper:\nThe paper is the child of the regular contribution and the written contribution. The poster is the parent of the submitted contribution.\n###Second concept Paper:\nThe paper is the child of the document which is the parent of the review.\nAnswer yes or no:",
	"conference#Paper;sigkdd#Author_of_paper": "Classify if the following two concepts are the same.\n###First concept Paper:\nThe paper is the child of the regular contribution and the written contribution. The poster is the parent of the submitted contribution.\n###Second concept Author_of_paper:\nThe author of the paper is the child of the author and the speaker. The speaker is the parent of the invited speaker.\nAnswer yes or no:",
	"conference#Invited_talk;sigkdd#Invited_Speaker": "Classify if the following two concepts are the same.\n###First concept Invited_talk:\nThe conference contribution, which is the parent of the presentation, is equivalent to an invited talk.\n###Second concept Invited_Speaker:\nThe invited speaker is the child of the speaker and the parent of the author of paper student.\nAnswer yes or no:",
	"conference#Conference_part;sigkdd#Committee": "Classify if the following two concepts are the same.\n###First concept Conference_part:\nThe conference part is the parent of the workshop and the tutorial.\n###Second concept Committee:\nThe committee is the parent of the program committee, the organizing committee and the best paper awards committee.\nAnswer yes or no:",
	"conference#Conference_part;sigkdd#Platinum_Supporter": "Classify if the following two concepts are the same.\n###First concept Conference_part:\nThe conference part is the parent of the workshop and the tutorial.\n###Second concept Platinum_Supporter:\nThe platinum supporter is the child of the sponsor who is the parent of the bronze supporter.\nAnswer yes or no:",
	"conference#Conference_part;sigkdd#Conference_hall": "Classify if the following two concepts are the same.\n###First concept Conference_part:\nThe conference part is the parent of the workshop and the tutorial.\n###Second concept Conference_hall:\nThe conference hall is the child of the hotel.\nAnswer yes or no:",
	"conference#Conference_part;sigkdd#Program_Committee": "Classify if the following two concepts are the same.\n###First concept Conference_part:\nThe conference part is the parent of the workshop and the tutorial.\n###Second concept Program_Committee:\nThe program committee is the child of the committee which is the parent of the organizing committee.\nAnswer yes or no:",
	"conference#Conference_part;sigkdd#Organizing_Committee": "Classify if the following two concepts are the same.\n###First concept Conference_part:\nThe conference part is the parent of the workshop and the tutorial.\n###Second concept Organizing_Committee:\nThe best paper awards committee is the parent of the committee which is the organizing committee.\nAnswer yes or no:",
	"conference#Conference_part;sigkdd#Invited_Speaker": "Classify if the following two concepts are the same.\n###First concept Conference_part:\nThe conference part is the parent of the workshop and the tutorial.\n###Second concept Invited_Speaker:\nThe invited speaker is the child of the speaker and the parent of the author of paper student.\nAnswer yes or no:",
	"conference#Presentation;sigkdd#Exhibitor": "Classify if the following two concepts are the same.\n###First concept Presentation:\nThe conference contribution is the child of the conference document and is the parent of the invited talk.\n###Second concept Exhibitor:\nThe best student paper supporter is the parent of the exhibitors who are the child of the sponsor.\nAnswer yes or no:",
	"conference#Presentation;sigkdd#Speaker": "Classify if the following two concepts are the same.\n###First concept Presentation:\nThe conference contribution is the child of the conference document and is the parent of the invited talk.\n###Second concept Speaker:\nThe speaker is the parent of the invited speaker and the author of paper. He is also the parent of the program chair and the speaker is a child of the organization.\nAnswer yes or no:",
	"conference#Presentation;sigkdd#Paper": "Classify if the following two concepts are the same.\n###First concept Presentation:\nThe conference contribution is the child of the conference document and is the parent of the invited talk.\n###Second concept Paper:\nThe paper is the child of the document which is the parent of the review.\nAnswer yes or no:",
	"conference#Chair;sigkdd#Person": "Classify if the following two concepts are the same.\n###First concept Chair:\nThe chair of the committee is the child of the committee member who is the parent of the organizer who is the child of Thing.\n###Second concept Person:\nThe speaker is the parent of the invited speaker and the listener. The organization is the parent of the program committee member and the child of Thing.\nAnswer yes or no:",
	"conference#Chair;sigkdd#Committee": "Classify if the following two concepts are the same.\n###First concept Chair:\nThe chair of the committee is the child of the committee member who is the parent of the organizer who is the child of Thing.\n###Second concept Committee:\nThe committee is the parent of the program committee, the organizing committee and the best paper awards committee.\nAnswer yes or no:",
	"conference#Workshop;sigkdd#Exhibitor": "Classify if the following two concepts are the same.\n###First concept Workshop:\nThe workshop is the child of the conference part and the parent of the tutorial.\n###Second concept Exhibitor:\nThe best student paper supporter is the parent of the exhibitors who are the child of the sponsor.\nAnswer yes or no:",
	"conference#Workshop;sigkdd#Conference_hall": "Classify if the following two concepts are the same.\n###First concept Workshop:\nThe workshop is the child of the conference part and the parent of the tutorial.\n###Second concept Conference_hall:\nThe conference hall is the child of the hotel.\nAnswer yes or no:",
	"conference#Workshop;sigkdd#Organizing_Committee": "Classify if the following two concepts are the same.\n###First concept Workshop:\nThe workshop is the child of the conference part and the parent of the tutorial.\n###Second concept Organizing_Committee:\nThe best paper awards committee is the parent of the committee which is the organizing committee.\nAnswer yes or no:",
	"conference#Reviewed_contribution;sigkdd#Review": "Classify if the following two concepts are the same.\n###First concept Reviewed_contribution:\nThe submitted contribution is the child of the written contribution and the reviewed contribution is the parent of the rejected contribution. The reviewed contribution is equivalent to the accepted contribution which is the parent of the camera ready contribution.\n###Second concept Review:\nReview is a child of document which is parented by paper.\nAnswer yes or no:",
	"conference#Review;sigkdd#Review": "Classify if the following two concepts are the same.\n###First concept Review:\nThe conference document is the parent of the conference contribution which is equivalent to a written contribution. The review contribution is the parent of the submitted contribution which is equivalent to a rejected contribution.\n###Second concept Review:\nReview is a child of document which is parented by paper.\nAnswer yes or no:",
	"conference#Paid_applicant;sigkdd#Fee": "Classify if the following two concepts are the same.\n###First concept Paid_applicant:\nThe late paid applicant is the parent of the late paid applicant. The registered applicant is the child of the conference applicant and the parent of the conference participant.\n###Second concept Fee:\nThe registration fee is the parent of the registration non member and the sponsor fee.\nAnswer yes or no:",
	"conference#Organizer;sigkdd#Exhibitor": "Classify if the following two concepts are the same.\n###First concept Organizer:\nThe parent of a conference applicant is the registered applicant. The registered applicant is the parent of a paid applicant. The late paid applicant is also the parent of the conference applicant. The committee member is also a child of the organizer of the Thing.\n###Second concept Exhibitor:\nThe best student paper supporter is the parent of the exhibitors who are the child of the sponsor.\nAnswer yes or no:",
	"conference#Organizer;sigkdd#Organizing_Committee": "Classify if the following two concepts are the same.\n###First concept Organizer:\nThe parent of a conference applicant is the registered applicant. The registered applicant is the parent of a paid applicant. The late paid applicant is also the parent of the conference applicant. The committee member is also a child of the organizer of the Thing.\n###Second concept Organizing_Committee:\nThe best paper awards committee is the parent of the committee which is the organizing committee.\nAnswer yes or no:",
	"conference#Organizer;sigkdd#Paper": "Classify if the following two concepts are the same.\n###First concept Organizer:\nThe parent of a conference applicant is the registered applicant. The registered applicant is the parent of a paid applicant. The late paid applicant is also the parent of the conference applicant. The committee member is also a child of the organizer of the Thing.\n###Second concept Paper:\nThe paper is the child of the document which is the parent of the review.\nAnswer yes or no:",
	"conference#Organizer;sigkdd#Organizing_Committee_member": "Classify if the following two concepts are the same.\n###First concept Organizer:\nThe parent of a conference applicant is the registered applicant. The registered applicant is the parent of a paid applicant. The late paid applicant is also the parent of the conference applicant. The committee member is also a child of the organizer of the Thing.\n###Second concept Organizing_Committee_member:\nThe organizing committee member is a child of an organization which is a child of a person who is a child of a Thing.\nAnswer yes or no:",
	"conference#Registeered_applicant;sigkdd#Registration_SIGMOD_Member": "Classify if the following two concepts are the same.\n###First concept Registeered_applicant:\nThe registered applicant is the parent of the paid applicant, which is equivalent to late paid applicant. The registered applicant is also the child of the conference applicant and the conference participant.\n###Second concept Registration_SIGMOD_Member:\nThe registration fee for sigkdd members is the child of the registration fee.\nAnswer yes or no:",
	"conference#Registeered_applicant;sigkdd#Registration_fee": "Classify if the following two concepts are the same.\n###First concept Registeered_applicant:\nThe registered applicant is the parent of the paid applicant, which is equivalent to late paid applicant. The registered applicant is also the child of the conference applicant and the conference participant.\n###Second concept Registration_fee:\nThe registration fee is for the sigkdd member, the registered student and the registered non member. The parent of the student is the registration student and the child is the sponsor.\nAnswer yes or no:",
	"conference#Registeered_applicant;sigkdd#Registration_Non-Member": "Classify if the following two concepts are the same.\n###First concept Registeered_applicant:\nThe registered applicant is the parent of the paid applicant, which is equivalent to late paid applicant. The registered applicant is also the child of the conference applicant and the conference participant.\n###Second concept Registration_Non-Member:\nThe registered non member is the child of the registration fee and the parent of the registered sigkdd member.\nAnswer yes or no:",
	"conference#Registeered_applicant;sigkdd#Registration_SIGKDD_Member": "Classify if the following two concepts are the same.\n###First concept Registeered_applicant:\nThe registered applicant is the parent of the paid applicant, which is equivalent to late paid applicant. The registered applicant is also the child of the conference applicant and the conference participant.\n###Second concept Registration_SIGKDD_Member:\nThe registration fee for sigkdd members is child of the registration fee and the parent of the sponsor fee.\nAnswer yes or no:",
	"conference#Registeered_applicant;sigkdd#Registration_Student": "Classify if the following two concepts are the same.\n###First concept Registeered_applicant:\nThe registered applicant is the parent of the paid applicant, which is equivalent to late paid applicant. The registered applicant is also the child of the conference applicant and the conference participant.\n###Second concept Registration_Student:\nThe registration student is the child of the registration fee and the parent of the sponsor fee.\nAnswer yes or no:",
	"conference#Track-workshop_chair;sigkdd#Platinum_Supporter": "Classify if the following two concepts are the same.\n###First concept Track-workshop_chair:\nThe track workshop chair is child of the person who is the parent of the conference contributor. The regular author is also the parent of the contribution co author.\n###Second concept Platinum_Supporter:\nThe platinum supporter is the child of the sponsor who is the parent of the bronze supporter.\nAnswer yes or no:",
	"conference#Track-workshop_chair;sigkdd#Program_Chair": "Classify if the following two concepts are the same.\n###First concept Track-workshop_chair:\nThe track workshop chair is child of the person who is the parent of the conference contributor. The regular author is also the parent of the contribution co author.\n###Second concept Program_Chair:\nThe program chair is a child of an organization which is parented by a speaker.\nAnswer yes or no:",
	"conference#Track-workshop_chair;sigkdd#General_Chair": "Classify if the following two concepts are the same.\n###First concept Track-workshop_chair:\nThe track workshop chair is child of the person who is the parent of the conference contributor. The regular author is also the parent of the contribution co author.\n###Second concept General_Chair:\nThe general chair is a child of an organization which is a child of a person who is a child of a Thing.\nAnswer yes or no:",
	"conference#Conference_www;sigkdd#Conference_hall": "Classify if the following two concepts are the same.\n###First concept Conference_www:\nconference www is the parent of conference announcement and conference document.\n###Second concept Conference_hall:\nThe conference hall is the child of the hotel.\nAnswer yes or no:",
	"conference#Review_preference;sigkdd#Review": "Classify if the following two concepts are the same.\n###First concept Review_preference:\nThe review preference is a child of Thing.\n###Second concept Review:\nReview is a child of document which is parented by paper.\nAnswer yes or no:"
}