{
	"confOf#Trip;sigkdd#Hotel": "Classify if the following two concepts are the same.\n###First concept Trip:\nThe child of a social event is the child of the reception.\n###Second concept Hotel:\nThe hotel is the child of the conference hall.\nAnswer yes or no:",
	"confOf#Banquet;sigkdd#Conference_hall": "Classify if the following two concepts are the same.\n###First concept Banquet:\nA banquet is a social event.\n###Second concept Conference_hall:\nThe conference hall is the child of the hotel.\nAnswer yes or no:",
	"confOf#Banquet;sigkdd#Speaker": "Classify if the following two concepts are the same.\n###First concept Banquet:\nA banquet is a social event.\n###Second concept Speaker:\nThe speaker is the parent of the invited speaker and the author of paper. He is also the parent of the program chair and the speaker is a child of the organization.\nAnswer yes or no:",
	"confOf#Banquet;sigkdd#Invited_Speaker": "Classify if the following two concepts are the same.\n###First concept Banquet:\nA banquet is a social event.\n###Second concept Invited_Speaker:\nThe invited speaker is the child of the speaker and the parent of the author of paper student.\nAnswer yes or no:",
	"confOf#Reception;sigkdd#Speaker": "Classify if the following two concepts are the same.\n###First concept Reception:\nThe reception is the child of a social event which is the parent of a banquet.\n###Second concept Speaker:\nThe speaker is the parent of the invited speaker and the author of paper. He is also the parent of the program chair and the speaker is a child of the organization.\nAnswer yes or no:",
	"confOf#Reception;sigkdd#Listener": "Classify if the following two concepts are the same.\n###First concept Reception:\nThe reception is the child of a social event which is the parent of a banquet.\n###Second concept Listener:\nThe child of a listener is a child of a Thing.\nAnswer yes or no:",
	"confOf#Social_event;sigkdd#Listener": "Classify if the following two concepts are the same.\n###First concept Social_event:\nThe social event is the parent of the banquet, the reception and the trip. It is also the parent of the administrative event which is also the parent of the camera ready event.\n###Second concept Listener:\nThe child of a listener is a child of a Thing.\nAnswer yes or no:",
	"confOf#Event;sigkdd#Award": "Classify if the following two concepts are the same.\n###First concept Event:\nThe parent event of a working event is a social event. It is also the parent event of a banquet. It is also the parent event of a submission event. It is also the parent event of an administrative event.\n###Second concept Award:\nThe award is the parent of the best applications paper award, the best student paper award and the best research paper award.\nAnswer yes or no:",
	"confOf#Event;sigkdd#Listener": "Classify if the following two concepts are the same.\n###First concept Event:\nThe parent event of a working event is a social event. It is also the parent event of a banquet. It is also the parent event of a submission event. It is also the parent event of an administrative event.\n###Second concept Listener:\nThe child of a listener is a child of a Thing.\nAnswer yes or no:",
	"confOf#Contribution;sigkdd#Award": "Classify if the following two concepts are the same.\n###First concept Contribution:\nThe contribution of a short paper is the parent of a poster and the child of Thing.\n###Second concept Award:\nThe award is the parent of the best applications paper award, the best student paper award and the best research paper award.\nAnswer yes or no:",
	"confOf#Contribution;sigkdd#Author": "Classify if the following two concepts are the same.\n###First concept Contribution:\nThe contribution of a short paper is the parent of a poster and the child of Thing.\n###Second concept Author:\nThe author of paper is the parent of the author of paper student. The author is also the child of a speaker and a child of a Thing.\nAnswer yes or no:",
	"confOf#Contribution;sigkdd#Person": "Classify if the following two concepts are the same.\n###First concept Contribution:\nThe contribution of a short paper is the parent of a poster and the child of Thing.\n###Second concept Person:\nThe speaker is the parent of the invited speaker and the listener. The organization is the parent of the program committee member and the child of Thing.\nAnswer yes or no:",
	"confOf#Contribution;sigkdd#Committee": "Classify if the following two concepts are the same.\n###First concept Contribution:\nThe contribution of a short paper is the parent of a poster and the child of Thing.\n###Second concept Committee:\nThe committee is the parent of the program committee, the organizing committee and the best paper awards committee.\nAnswer yes or no:",
	"confOf#Organization;sigkdd#Abstract": "Classify if the following two concepts are the same.\n###First concept Organization:\nThe parent company of the organization is the university.\n###Second concept Abstract:\nAbstract is a child of document which is parented by paper.\nAnswer yes or no:",
	"confOf#Organization;sigkdd#Committee": "Classify if the following two concepts are the same.\n###First concept Organization:\nThe parent company of the organization is the university.\n###Second concept Committee:\nThe committee is the parent of the program committee, the organizing committee and the best paper awards committee.\nAnswer yes or no:",
	"confOf#Organization;sigkdd#Organizing_Committee": "Classify if the following two concepts are the same.\n###First concept Organization:\nThe parent company of the organization is the university.\n###Second concept Organizing_Committee:\nThe best paper awards committee is the parent of the committee which is the organizing committee.\nAnswer yes or no:",
	"confOf#Organization;sigkdd#Organizing_Committee_member": "Classify if the following two concepts are the same.\n###First concept Organization:\nThe parent company of the organization is the university.\n###Second concept Organizing_Committee_member:\nThe organizing committee member is a child of an organization which is a child of a person who is a child of a Thing.\nAnswer yes or no:",
	"confOf#Person;sigkdd#Author": "Classify if the following two concepts are the same.\n###First concept Person:\nThe child of a Thing is the parent of a student and a science worker. The administrator is the parent of the author and the child is the child of a student.\n###Second concept Author:\nThe author of paper is the parent of the author of paper student. The author is also the child of a speaker and a child of a Thing.\nAnswer yes or no:",
	"confOf#Person;sigkdd#Exhibitor": "Classify if the following two concepts are the same.\n###First concept Person:\nThe child of a Thing is the parent of a student and a science worker. The administrator is the parent of the author and the child is the child of a student.\n###Second concept Exhibitor:\nThe best student paper supporter is the parent of the exhibitors who are the child of the sponsor.\nAnswer yes or no:",
	"confOf#Person;sigkdd#Person": "Classify if the following two concepts are the same.\n###First concept Person:\nThe child of a Thing is the parent of a student and a science worker. The administrator is the parent of the author and the child is the child of a student.\n###Second concept Person:\nThe speaker is the parent of the invited speaker and the listener. The organization is the parent of the program committee member and the child of Thing.\nAnswer yes or no:",
	"confOf#Person;sigkdd#Speaker": "Classify if the following two concepts are the same.\n###First concept Person:\nThe child of a Thing is the parent of a student and a science worker. The administrator is the parent of the author and the child is the child of a student.\n###Second concept Speaker:\nThe speaker is the parent of the invited speaker and the author of paper. He is also the parent of the program chair and the speaker is a child of the organization.\nAnswer yes or no:",
	"confOf#Company;sigkdd#Place": "Classify if the following two concepts are the same.\n###First concept Company:\nThe company is child of the organization which is parented by the university.\n###Second concept Place:\nThe main office is the parent of the conference hall and the hotel.\nAnswer yes or no:",
	"confOf#Scholar;sigkdd#Document": "Classify if the following two concepts are the same.\n###First concept Scholar:\nThe child of the scholar is the parent of the member program committee.\n###Second concept Document:\nThe abstract of the document is the parent of the paper and the review document.\nAnswer yes or no:",
	"confOf#Scholar;sigkdd#Author": "Classify if the following two concepts are the same.\n###First concept Scholar:\nThe child of the scholar is the parent of the member program committee.\n###Second concept Author:\nThe author of paper is the parent of the author of paper student. The author is also the child of a speaker and a child of a Thing.\nAnswer yes or no:",
	"confOf#Scholar;sigkdd#Exhibitor": "Classify if the following two concepts are the same.\n###First concept Scholar:\nThe child of the scholar is the parent of the member program committee.\n###Second concept Exhibitor:\nThe best student paper supporter is the parent of the exhibitors who are the child of the sponsor.\nAnswer yes or no:",
	"confOf#Scholar;sigkdd#Person": "Classify if the following two concepts are the same.\n###First concept Scholar:\nThe child of the scholar is the parent of the member program committee.\n###Second concept Person:\nThe speaker is the parent of the invited speaker and the listener. The organization is the parent of the program committee member and the child of Thing.\nAnswer yes or no:",
	"confOf#Poster;sigkdd#Paper": "Classify if the following two concepts are the same.\n###First concept Poster:\nThe poster is a child of a Thing.\n###Second concept Paper:\nThe paper is the child of the document which is the parent of the review.\nAnswer yes or no:",
	"confOf#Paper;sigkdd#Document": "Classify if the following two concepts are the same.\n###First concept Paper:\nThe paper is a child of the Thing and the contribution.\n###Second concept Document:\nThe abstract of the document is the parent of the paper and the review document.\nAnswer yes or no:",
	"confOf#Paper;sigkdd#Best_Student_Paper_Award": "Classify if the following two concepts are the same.\n###First concept Paper:\nThe paper is a child of the Thing and the contribution.\n###Second concept Best_Student_Paper_Award:\nThe best student paper award is the child of the award and the parent of the best research paper award.\nAnswer yes or no:",
	"confOf#Paper;sigkdd#Paper": "Classify if the following two concepts are the same.\n###First concept Paper:\nThe paper is a child of the Thing and the contribution.\n###Second concept Paper:\nThe paper is the child of the document which is the parent of the review.\nAnswer yes or no:",
	"confOf#Paper;sigkdd#Author_of_paper": "Classify if the following two concepts are the same.\n###First concept Paper:\nThe paper is a child of the Thing and the contribution.\n###Second concept Author_of_paper:\nThe author of the paper is the child of the author and the speaker. The speaker is the parent of the invited speaker.\nAnswer yes or no:",
	"confOf#Short_paper;sigkdd#Document": "Classify if the following two concepts are the same.\n###First concept Short_paper:\nThe short paper is a child of contribution which is a child of Thing.\n###Second concept Document:\nThe abstract of the document is the parent of the paper and the review document.\nAnswer yes or no:",
	"confOf#Short_paper;sigkdd#Best_Student_Paper_Award": "Classify if the following two concepts are the same.\n###First concept Short_paper:\nThe short paper is a child of contribution which is a child of Thing.\n###Second concept Best_Student_Paper_Award:\nThe best student paper award is the child of the award and the parent of the best research paper award.\nAnswer yes or no:",
	"confOf#Short_paper;sigkdd#Best_Paper_Awards_Committee": "Classify if the following two concepts are the same.\n###First concept Short_paper:\nThe short paper is a child of contribution which is a child of Thing.\n###Second concept Best_Paper_Awards_Committee:\nThe best paper awards committee is the child of the committee and the parent of the program committee.\nAnswer yes or no:",
	"confOf#Short_paper;sigkdd#Best_Research_Paper_Award": "Classify if the following two concepts are the same.\n###First concept Short_paper:\nThe short paper is a child of contribution which is a child of Thing.\n###Second concept Best_Research_Paper_Award:\nThe best research paper award is the child of the award and the parent of the best student paper award.\nAnswer yes or no:",
	"confOf#Short_paper;sigkdd#Best_Student_Paper_Supporter": "Classify if the following two concepts are the same.\n###First concept Short_paper:\nThe short paper is a child of contribution which is a child of Thing.\n###Second concept Best_Student_Paper_Supporter:\nThe best student paper supporter is the child of the sponsor who is the parent of the platinum supporter.\nAnswer yes or no:",
	"confOf#Short_paper;sigkdd#Paper": "Classify if the following two concepts are the same.\n###First concept Short_paper:\nThe short paper is a child of contribution which is a child of Thing.\n###Second concept Paper:\nThe paper is the child of the document which is the parent of the review.\nAnswer yes or no:",
	"confOf#Short_paper;sigkdd#Author_of_paper": "Classify if the following two concepts are the same.\n###First concept Short_paper:\nThe short paper is a child of contribution which is a child of Thing.\n###Second concept Author_of_paper:\nThe author of the paper is the child of the author and the speaker. The speaker is the parent of the invited speaker.\nAnswer yes or no:",
	"confOf#Reviewing_results_event;sigkdd#Review": "Classify if the following two concepts are the same.\n###First concept Reviewing_results_event:\nThe review of results event is a child of the administrative event which is parented by the camera ready event.\n###Second concept Review:\nReview is a child of document which is parented by paper.\nAnswer yes or no:",
	"confOf#Administrative_event;sigkdd#Listener": "Classify if the following two concepts are the same.\n###First concept Administrative_event:\nThe administrative event is the parent of the social event, the reception and the submission event. It is also the parent of the registration of participants event.\n###Second concept Listener:\nThe child of a listener is a child of a Thing.\nAnswer yes or no:",
	"confOf#Reviewing_event;sigkdd#Review": "Classify if the following two concepts are the same.\n###First concept Reviewing_event:\nThe review event is a child of the administrative event.\n###Second concept Review:\nReview is a child of document which is parented by paper.\nAnswer yes or no:",
	"confOf#Registration_of_participants_event;sigkdd#Registration_SIGMOD_Member": "Classify if the following two concepts are the same.\n###First concept Registration_of_participants_event:\nThe registration of participants event is a child of the administrative event which is also a child of the social event which is also a parent of a trip.\n###Second concept Registration_SIGMOD_Member:\nThe registration fee for sigkdd members is the child of the registration fee.\nAnswer yes or no:",
	"confOf#Registration_of_participants_event;sigkdd#Registration_fee": "Classify if the following two concepts are the same.\n###First concept Registration_of_participants_event:\nThe registration of participants event is a child of the administrative event which is also a child of the social event which is also a parent of a trip.\n###Second concept Registration_fee:\nThe registration fee is for the sigkdd member, the registered student and the registered non member. The parent of the student is the registration student and the child is the sponsor.\nAnswer yes or no:",
	"confOf#Registration_of_participants_event;sigkdd#Registration_Non-Member": "Classify if the following two concepts are the same.\n###First concept Registration_of_participants_event:\nThe registration of participants event is a child of the administrative event which is also a child of the social event which is also a parent of a trip.\n###Second concept Registration_Non-Member:\nThe registered non member is the child of the registration fee and the parent of the registered sigkdd member.\nAnswer yes or no:",
	"confOf#Registration_of_participants_event;sigkdd#Registration_SIGKDD_Member": "Classify if the following two concepts are the same.\n###First concept Registration_of_participants_event:\nThe registration of participants event is a child of the administrative event which is also a child of the social event which is also a parent of a trip.\n###Second concept Registration_SIGKDD_Member:\nThe registration fee for sigkdd members is child of the registration fee and the parent of the sponsor fee.\nAnswer yes or no:",
	"confOf#Registration_of_participants_event;sigkdd#Registration_Student": "Classify if the following two concepts are the same.\n###First concept Registration_of_participants_event:\nThe registration of participants event is a child of the administrative event which is also a child of the social event which is also a parent of a trip.\n###Second concept Registration_Student:\nThe registration student is the child of the registration fee and the parent of the sponsor fee.\nAnswer yes or no:",
	"confOf#Workshop;sigkdd#Exhibitor": "Classify if the following two concepts are the same.\n###First concept Workshop:\nThe workshop is a child of a working event which is parented by an administrative event.\n###Second concept Exhibitor:\nThe best student paper supporter is the parent of the exhibitors who are the child of the sponsor.\nAnswer yes or no:",
	"confOf#Workshop;sigkdd#Conference_hall": "Classify if the following two concepts are the same.\n###First concept Workshop:\nThe workshop is a child of a working event which is parented by an administrative event.\n###Second concept Conference_hall:\nThe conference hall is the child of the hotel.\nAnswer yes or no:",
	"confOf#Workshop;sigkdd#Organizing_Committee": "Classify if the following two concepts are the same.\n###First concept Workshop:\nThe workshop is a child of a working event which is parented by an administrative event.\n###Second concept Organizing_Committee:\nThe best paper awards committee is the parent of the committee which is the organizing committee.\nAnswer yes or no:",
	"confOf#Conference;sigkdd#Committee": "Classify if the following two concepts are the same.\n###First concept Conference:\nThe conference is the child of the working event and the parent of the tutorial.\n###Second concept Committee:\nThe committee is the parent of the program committee, the organizing committee and the best paper awards committee.\nAnswer yes or no:",
	"confOf#Conference;sigkdd#Conference_hall": "Classify if the following two concepts are the same.\n###First concept Conference:\nThe conference is the child of the working event and the parent of the tutorial.\n###Second concept Conference_hall:\nThe conference hall is the child of the hotel.\nAnswer yes or no:",
	"confOf#Member;sigkdd#Registration_SIGMOD_Member": "Classify if the following two concepts are the same.\n###First concept Member:\nThe child of the participant is the child of the person who is the parent of the chair program committee.\n###Second concept Registration_SIGMOD_Member:\nThe registration fee for sigkdd members is the child of the registration fee.\nAnswer yes or no:",
	"confOf#Member;sigkdd#Person": "Classify if the following two concepts are the same.\n###First concept Member:\nThe child of the participant is the child of the person who is the parent of the chair program committee.\n###Second concept Person:\nThe speaker is the parent of the invited speaker and the listener. The organization is the parent of the program committee member and the child of Thing.\nAnswer yes or no:",
	"confOf#Member;sigkdd#Committee": "Classify if the following two concepts are the same.\n###First concept Member:\nThe child of the participant is the child of the person who is the parent of the chair program committee.\n###Second concept Committee:\nThe committee is the parent of the program committee, the organizing committee and the best paper awards committee.\nAnswer yes or no:",
	"confOf#Member;sigkdd#Registration_Non-Member": "Classify if the following two concepts are the same.\n###First concept Member:\nThe child of the participant is the child of the person who is the parent of the chair program committee.\n###Second concept Registration_Non-Member:\nThe registered non member is the child of the registration fee and the parent of the registered sigkdd member.\nAnswer yes or no:",
	"confOf#Member;sigkdd#Registration_SIGKDD_Member": "Classify if the following two concepts are the same.\n###First concept Member:\nThe child of the participant is the child of the person who is the parent of the chair program committee.\n###Second concept Registration_SIGKDD_Member:\nThe registration fee for sigkdd members is child of the registration fee and the parent of the sponsor fee.\nAnswer yes or no:",
	"confOf#Member;sigkdd#Program_Committee_member": "Classify if the following two concepts are the same.\n###First concept Member:\nThe child of the participant is the child of the person who is the parent of the chair program committee.\n###Second concept Program_Committee_member:\nThe program committee member is a child of the organization which is parented by the general chair.\nAnswer yes or no:",
	"confOf#Member;sigkdd#Organizing_Committee_member": "Classify if the following two concepts are the same.\n###First concept Member:\nThe child of the participant is the child of the person who is the parent of the chair program committee.\n###Second concept Organizing_Committee_member:\nThe organizing committee member is a child of an organization which is a child of a person who is a child of a Thing.\nAnswer yes or no:",
	"confOf#Participant;sigkdd#Exhibitor": "Classify if the following two concepts are the same.\n###First concept Participant:\nThe child of a participant is the child of a person who is a member of Thing. The student and the regular participant are both parents of the same participant.\n###Second concept Exhibitor:\nThe best student paper supporter is the parent of the exhibitors who are the child of the sponsor.\nAnswer yes or no:",
	"confOf#Participant;sigkdd#Person": "Classify if the following two concepts are the same.\n###First concept Participant:\nThe child of a participant is the child of a person who is a member of Thing. The student and the regular participant are both parents of the same participant.\n###Second concept Person:\nThe speaker is the parent of the invited speaker and the listener. The organization is the parent of the program committee member and the child of Thing.\nAnswer yes or no:",
	"confOf#Participant;sigkdd#Committee": "Classify if the following two concepts are the same.\n###First concept Participant:\nThe child of a participant is the child of a person who is a member of Thing. The student and the regular participant are both parents of the same participant.\n###Second concept Committee:\nThe committee is the parent of the program committee, the organizing committee and the best paper awards committee.\nAnswer yes or no:",
	"confOf#Participant;sigkdd#Invited_Speaker": "Classify if the following two concepts are the same.\n###First concept Participant:\nThe child of a participant is the child of a person who is a member of Thing. The student and the regular participant are both parents of the same participant.\n###Second concept Invited_Speaker:\nThe invited speaker is the child of the speaker and the parent of the author of paper student.\nAnswer yes or no:",
	"confOf#Member_PC;sigkdd#Registration_SIGMOD_Member": "Classify if the following two concepts are the same.\n###First concept Member_PC:\nThe member program committee is child of the person who is the child of a Thing.\n###Second concept Registration_SIGMOD_Member:\nThe registration fee for sigkdd members is the child of the registration fee.\nAnswer yes or no:",
	"confOf#Member_PC;sigkdd#Registration_fee": "Classify if the following two concepts are the same.\n###First concept Member_PC:\nThe member program committee is child of the person who is the child of a Thing.\n###Second concept Registration_fee:\nThe registration fee is for the sigkdd member, the registered student and the registered non member. The parent of the student is the registration student and the child is the sponsor.\nAnswer yes or no:",
	"confOf#Member_PC;sigkdd#Committee": "Classify if the following two concepts are the same.\n###First concept Member_PC:\nThe member program committee is child of the person who is the child of a Thing.\n###Second concept Committee:\nThe committee is the parent of the program committee, the organizing committee and the best paper awards committee.\nAnswer yes or no:",
	"confOf#Member_PC;sigkdd#Registration_Non-Member": "Classify if the following two concepts are the same.\n###First concept Member_PC:\nThe member program committee is child of the person who is the child of a Thing.\n###Second concept Registration_Non-Member:\nThe registered non member is the child of the registration fee and the parent of the registered sigkdd member.\nAnswer yes or no:",
	"confOf#Member_PC;sigkdd#Registration_SIGKDD_Member": "Classify if the following two concepts are the same.\n###First concept Member_PC:\nThe member program committee is child of the person who is the child of a Thing.\n###Second concept Registration_SIGKDD_Member:\nThe registration fee for sigkdd members is child of the registration fee and the parent of the sponsor fee.\nAnswer yes or no:",
	"confOf#Member_PC;sigkdd#Program_Committee_member": "Classify if the following two concepts are the same.\n###First concept Member_PC:\nThe member program committee is child of the person who is the child of a Thing.\n###Second concept Program_Committee_member:\nThe program committee member is a child of the organization which is parented by the general chair.\nAnswer yes or no:",
	"confOf#Member_PC;sigkdd#Organizing_Committee_member": "Classify if the following two concepts are the same.\n###First concept Member_PC:\nThe member program committee is child of the person who is the child of a Thing.\n###Second concept Organizing_Committee_member:\nThe organizing committee member is a child of an organization which is a child of a person who is a child of a Thing.\nAnswer yes or no:",
	"confOf#Chair_PC;sigkdd#Committee": "Classify if the following two concepts are the same.\n###First concept Chair_PC:\nThe chair of the program committee is a child of a Thing.\n###Second concept Committee:\nThe committee is the parent of the program committee, the organizing committee and the best paper awards committee.\nAnswer yes or no:",
	"confOf#Student;sigkdd#Person": "Classify if the following two concepts are the same.\n###First concept Student:\nThe student is the child of a person who is the parent of the chair program committee.\n###Second concept Person:\nThe speaker is the parent of the invited speaker and the listener. The organization is the parent of the program committee member and the child of Thing.\nAnswer yes or no:",
	"confOf#Assistant;sigkdd#Exhibitor": "Classify if the following two concepts are the same.\n###First concept Assistant:\nThe assistant is a child of a person who is also a child of a Thing.\n###Second concept Exhibitor:\nThe best student paper supporter is the parent of the exhibitors who are the child of the sponsor.\nAnswer yes or no:",
	"confOf#Author;sigkdd#Author_of_paper_student": "Classify if the following two concepts are the same.\n###First concept Author:\nThe author is the child of the person who is the parent of the scholar.\n###Second concept Author_of_paper_student:\nThe author of paper student is the child of a speaker who is a child of a person who is a child of a Thing.\nAnswer yes or no:",
	"confOf#Author;sigkdd#Author": "Classify if the following two concepts are the same.\n###First concept Author:\nThe author is the child of the person who is the parent of the scholar.\n###Second concept Author:\nThe author of paper is the parent of the author of paper student. The author is also the child of a speaker and a child of a Thing.\nAnswer yes or no:",
	"confOf#Author;sigkdd#Person": "Classify if the following two concepts are the same.\n###First concept Author:\nThe author is the child of the person who is the parent of the scholar.\n###Second concept Person:\nThe speaker is the parent of the invited speaker and the listener. The organization is the parent of the program committee member and the child of Thing.\nAnswer yes or no:",
	"confOf#Author;sigkdd#Author_of_paper": "Classify if the following two concepts are the same.\n###First concept Author:\nThe author is the child of the person who is the parent of the scholar.\n###Second concept Author_of_paper:\nThe author of the paper is the child of the author and the speaker. The speaker is the parent of the invited speaker.\nAnswer yes or no:"
}