{
	"confOf#Trip;iasted#Car": "Classify if the following two concepts are the same.\n###First concept Trip:\nThe child of a social event is the child of the reception.\n###Second concept Car:\nThe transport vehicle is the child of the car and the parent of the shuttle bus.\nAnswer yes or no:",
	"confOf#Trip;iasted#Trip_day": "Classify if the following two concepts are the same.\n###First concept Trip:\nThe child of a social event is the child of the reception.\n###Second concept Trip_day:\nOne conference day is a trip day and the other is a conference day.\nAnswer yes or no:",
	"confOf#Trip;iasted#Departure": "Classify if the following two concepts are the same.\n###First concept Trip:\nThe child of a social event is the child of the reception.\n###Second concept Departure:\nThe parent of the activity after conference is the parent of the activity before conference and the parent of the rental activity. The departure is the child of the activity after conference.\nAnswer yes or no:",
	"confOf#Trip;iasted#Taxi": "Classify if the following two concepts are the same.\n###First concept Trip:\nThe child of a social event is the child of the reception.\n###Second concept Taxi:\nThe taxi is a child of the transport vehicle and the hotel registration form.\nAnswer yes or no:",
	"confOf#Trip;iasted#Trip_city": "Classify if the following two concepts are the same.\n###First concept Trip:\nThe child of a social event is the child of the reception.\n###Second concept Trip_city:\nThe child of a trip city is a Thing.\nAnswer yes or no:",
	"confOf#Banquet;iasted#Dinner_banquet": "Classify if the following two concepts are the same.\n###First concept Banquet:\nA banquet is a social event.\n###Second concept Dinner_banquet:\nThe dinner banquet is part of the social program which is part of the conference activity.\nAnswer yes or no:",
	"confOf#Banquet;iasted#Presentation": "Classify if the following two concepts are the same.\n###First concept Banquet:\nA banquet is a social event.\n###Second concept Presentation:\nPresentation is a child of conference activity, after conference and power point presentation.\nAnswer yes or no:",
	"confOf#Banquet;iasted#Conference_restaurant": "Classify if the following two concepts are the same.\n###First concept Banquet:\nA banquet is a social event.\n###Second concept Conference_restaurant:\nThe conference restaurant is a child of the presenter university building.\nAnswer yes or no:",
	"confOf#Banquet;iasted#Conference_city": "Classify if the following two concepts are the same.\n###First concept Banquet:\nA banquet is a social event.\n###Second concept Conference_city:\nThe conference city is the child of the city which is the parent of the trip city.\nAnswer yes or no:",
	"confOf#Banquet;iasted#Conference_activity": "Classify if the following two concepts are the same.\n###First concept Banquet:\nA banquet is a social event.\n###Second concept Conference_activity:\nThe parent of the conference activity is the parent of the lecture, the plenary lecture, the registration and the departure. The conference activity is also the parent of the coffee break.\nAnswer yes or no:",
	"confOf#Banquet;iasted#Conference_days": "Classify if the following two concepts are the same.\n###First concept Banquet:\nA banquet is a social event.\n###Second concept Conference_days:\nOne conference day is a child of the trip day and the conference day is the parent of the conference day.\nAnswer yes or no:",
	"confOf#Banquet;iasted#Conference_building": "Classify if the following two concepts are the same.\n###First concept Banquet:\nA banquet is a social event.\n###Second concept Conference_building:\nThe conference building is a child of the building itself.\nAnswer yes or no:",
	"confOf#Banquet;iasted#Speaker": "Classify if the following two concepts are the same.\n###First concept Banquet:\nA banquet is a social event.\n###Second concept Speaker:\nThe speaker is the parent of the author, the lecturer and the worker lecturer. The delegate is the parent of the iasted non member and the reviewer is the parent of the speaker.\nAnswer yes or no:",
	"confOf#Banquet;iasted#Conference_hotel": "Classify if the following two concepts are the same.\n###First concept Banquet:\nA banquet is a social event.\n###Second concept Conference_hotel:\nThe conference hotel is the child of the building which is the parent of the conference airport.\nAnswer yes or no:",
	"confOf#Banquet;iasted#Conference_hall": "Classify if the following two concepts are the same.\n###First concept Banquet:\nA banquet is a social event.\n###Second concept Conference_hall:\nThe conference hall is a child of Thing.\nAnswer yes or no:",
	"confOf#Banquet;iasted#Conference_Hiker": "Classify if the following two concepts are the same.\n###First concept Banquet:\nA banquet is a social event.\n###Second concept Conference_Hiker:\nThe delegate who is the parent of the hotel presenter is the child of the delegate who is a part of the conference hike.\nAnswer yes or no:",
	"confOf#Reception;iasted#Listener": "Classify if the following two concepts are the same.\n###First concept Reception:\nThe reception is the child of a social event which is the parent of a banquet.\n###Second concept Listener:\nThe listener is a child of the delegate who is the parent of an iasted non member.\nAnswer yes or no:",
	"confOf#Reception;iasted#Speaker": "Classify if the following two concepts are the same.\n###First concept Reception:\nThe reception is the child of a social event which is the parent of a banquet.\n###Second concept Speaker:\nThe speaker is the parent of the author, the lecturer and the worker lecturer. The delegate is the parent of the iasted non member and the reviewer is the parent of the speaker.\nAnswer yes or no:",
	"confOf#Social_event;iasted#Social_program": "Classify if the following two concepts are the same.\n###First concept Social_event:\nThe social event is the parent of the banquet, the reception and the trip. It is also the parent of the administrative event which is also the parent of the camera ready event.\n###Second concept Social_program:\nThe social program is the child of the conference activity which is the parent of the lecture and the dinner banquet.\nAnswer yes or no:",
	"confOf#Social_event;iasted#Activity": "Classify if the following two concepts are the same.\n###First concept Social_event:\nThe social event is the parent of the banquet, the reception and the trip. It is also the parent of the administrative event which is also the parent of the camera ready event.\n###Second concept Activity:\nThe parent of the conference activity is the rental of a coffee break. The activity after the conference is also the parent of the full day tour.\nAnswer yes or no:",
	"confOf#Social_event;iasted#Technic_activity": "Classify if the following two concepts are the same.\n###First concept Social_event:\nThe social event is the parent of the banquet, the reception and the trip. It is also the parent of the administrative event which is also the parent of the camera ready event.\n###Second concept Technic_activity:\nThe technical activity is the child of the conference activity which is the parent of the welcome address.\nAnswer yes or no:",
	"confOf#Social_event;iasted#Listener": "Classify if the following two concepts are the same.\n###First concept Social_event:\nThe social event is the parent of the banquet, the reception and the trip. It is also the parent of the administrative event which is also the parent of the camera ready event.\n###Second concept Listener:\nThe listener is a child of the delegate who is the parent of an iasted non member.\nAnswer yes or no:",
	"confOf#Event;iasted#Activity": "Classify if the following two concepts are the same.\n###First concept Event:\nThe parent event of a working event is a social event. It is also the parent event of a banquet. It is also the parent event of a submission event. It is also the parent event of an administrative event.\n###Second concept Activity:\nThe parent of the conference activity is the rental of a coffee break. The activity after the conference is also the parent of the full day tour.\nAnswer yes or no:",
	"confOf#Event;iasted#Time": "Classify if the following two concepts are the same.\n###First concept Event:\nThe parent event of a working event is a social event. It is also the parent event of a banquet. It is also the parent event of a submission event. It is also the parent event of an administrative event.\n###Second concept Time:\nThe trip day is the parent of conference days, one conference day is the parent of submissions and the deadline for submissions is the submissions deadline.\nAnswer yes or no:",
	"confOf#Event;iasted#Listener": "Classify if the following two concepts are the same.\n###First concept Event:\nThe parent event of a working event is a social event. It is also the parent event of a banquet. It is also the parent event of a submission event. It is also the parent event of an administrative event.\n###Second concept Listener:\nThe listener is a child of the delegate who is the parent of an iasted non member.\nAnswer yes or no:",
	"confOf#Event;iasted#Conference_days": "Classify if the following two concepts are the same.\n###First concept Event:\nThe parent event of a working event is a social event. It is also the parent event of a banquet. It is also the parent event of a submission event. It is also the parent event of an administrative event.\n###Second concept Conference_days:\nOne conference day is a child of the trip day and the conference day is the parent of the conference day.\nAnswer yes or no:",
	"confOf#Event;iasted#Item": "Classify if the following two concepts are the same.\n###First concept Event:\nThe parent event of a working event is a social event. It is also the parent event of a banquet. It is also the parent event of a submission event. It is also the parent event of an administrative event.\n###Second concept Item:\nThe parent of the audiovisual equipment is the overhead projector. It is also the parent of the transport vehicle and the van. It is also the parent of the publication of book proceeding.\nAnswer yes or no:",
	"confOf#Event;iasted#Submission": "Classify if the following two concepts are the same.\n###First concept Event:\nThe parent event of a working event is a social event. It is also the parent event of a banquet. It is also the parent event of a submission event. It is also the parent event of an administrative event.\n###Second concept Submission:\nThe initial manuscript is submitted, the final manuscript is submitted and the child of the document.\nAnswer yes or no:",
	"confOf#Event;iasted#Sponsor": "Classify if the following two concepts are the same.\n###First concept Event:\nThe parent event of a working event is a social event. It is also the parent event of a banquet. It is also the parent event of a submission event. It is also the parent event of an administrative event.\n###Second concept Sponsor:\nThe sponsor is the child of the delegate and the parent of the iasted non member.\nAnswer yes or no:",
	"confOf#Contribution;iasted#Person": "Classify if the following two concepts are the same.\n###First concept Contribution:\nThe contribution of a short paper is the parent of a poster and the child of Thing.\n###Second concept Person:\nThe parent of the sponsor is the delegate, the speaker and the reviewer.\nAnswer yes or no:",
	"confOf#Contribution;iasted#Author": "Classify if the following two concepts are the same.\n###First concept Contribution:\nThe contribution of a short paper is the parent of a poster and the child of Thing.\n###Second concept Author:\nThe author is the parent of the author cd proceedings and the author book proceedings. The delegate is the parent of the delegate and the sponsor is the author of the plenary lecture speaker.\nAnswer yes or no:",
	"confOf#Contribution;iasted#Card": "Classify if the following two concepts are the same.\n###First concept Contribution:\nThe contribution of a short paper is the parent of a poster and the child of Thing.\n###Second concept Card:\nThe card is a child of the card and the credit card. It is also the parent of the invitation letter.\nAnswer yes or no:",
	"confOf#Contribution;iasted#Item": "Classify if the following two concepts are the same.\n###First concept Contribution:\nThe contribution of a short paper is the parent of a poster and the child of Thing.\n###Second concept Item:\nThe parent of the audiovisual equipment is the overhead projector. It is also the parent of the transport vehicle and the van. It is also the parent of the publication of book proceeding.\nAnswer yes or no:",
	"confOf#Contribution;iasted#Money": "Classify if the following two concepts are the same.\n###First concept Contribution:\nThe contribution of a short paper is the parent of a poster and the child of Thing.\n###Second concept Money:\nThe parent of the money is the tax, the parent of the departure tax, the parent of the tip, the parent of the sponsorship, the parent of the fee and the parent of the fee for an extra trip.\nAnswer yes or no:",
	"confOf#Contribution;iasted#Introduction": "Classify if the following two concepts are the same.\n###First concept Contribution:\nThe contribution of a short paper is the parent of a poster and the child of Thing.\n###Second concept Introduction:\nThe introduction of a speaker is the parent of the conference activity which is the child of the introduction of a speaker.\nAnswer yes or no:",
	"confOf#Contribution;iasted#Submission": "Classify if the following two concepts are the same.\n###First concept Contribution:\nThe contribution of a short paper is the parent of a poster and the child of Thing.\n###Second concept Submission:\nThe initial manuscript is submitted, the final manuscript is submitted and the child of the document.\nAnswer yes or no:",
	"confOf#Contribution;iasted#Sponsor": "Classify if the following two concepts are the same.\n###First concept Contribution:\nThe contribution of a short paper is the parent of a poster and the child of Thing.\n###Second concept Sponsor:\nThe sponsor is the child of the delegate and the parent of the iasted non member.\nAnswer yes or no:",
	"confOf#Organization;iasted#Building": "Classify if the following two concepts are the same.\n###First concept Organization:\nThe parent company of the organization is the university.\n###Second concept Building:\nThe building is the parent of the sponsor company house, the conference building, the conference hotel and the session room. It is also the parent of the presenter university.\nAnswer yes or no:",
	"confOf#Organization;iasted#Activity": "Classify if the following two concepts are the same.\n###First concept Organization:\nThe parent company of the organization is the university.\n###Second concept Activity:\nThe parent of the conference activity is the rental of a coffee break. The activity after the conference is also the parent of the full day tour.\nAnswer yes or no:",
	"confOf#Organization;iasted#Conference_building": "Classify if the following two concepts are the same.\n###First concept Organization:\nThe parent company of the organization is the university.\n###Second concept Conference_building:\nThe conference building is a child of the building itself.\nAnswer yes or no:",
	"confOf#Person;iasted#Person": "Classify if the following two concepts are the same.\n###First concept Person:\nThe child of a Thing is the parent of a student and a science worker. The administrator is the parent of the author and the child is the child of a student.\n###Second concept Person:\nThe parent of the sponsor is the delegate, the speaker and the reviewer.\nAnswer yes or no:",
	"confOf#Person;iasted#Author": "Classify if the following two concepts are the same.\n###First concept Person:\nThe child of a Thing is the parent of a student and a science worker. The administrator is the parent of the author and the child is the child of a student.\n###Second concept Author:\nThe author is the parent of the author cd proceedings and the author book proceedings. The delegate is the parent of the delegate and the sponsor is the author of the plenary lecture speaker.\nAnswer yes or no:",
	"confOf#Person;iasted#Speaker": "Classify if the following two concepts are the same.\n###First concept Person:\nThe child of a Thing is the parent of a student and a science worker. The administrator is the parent of the author and the child is the child of a student.\n###Second concept Speaker:\nThe speaker is the parent of the author, the lecturer and the worker lecturer. The delegate is the parent of the iasted non member and the reviewer is the parent of the speaker.\nAnswer yes or no:",
	"confOf#Company;iasted#Building": "Classify if the following two concepts are the same.\n###First concept Company:\nThe company is child of the organization which is parented by the university.\n###Second concept Building:\nThe building is the parent of the sponsor company house, the conference building, the conference hotel and the session room. It is also the parent of the presenter university.\nAnswer yes or no:",
	"confOf#Company;iasted#Place": "Classify if the following two concepts are the same.\n###First concept Company:\nThe company is child of the organization which is parented by the university.\n###Second concept Place:\nThe parent of the building is the sponsor company house. The building is also the parent of the main office and the hotel room. The single hotel room is the parent of the main office and the session room is the parent of the main office.\nAnswer yes or no:",
	"confOf#Company;iasted#City": "Classify if the following two concepts are the same.\n###First concept Company:\nThe company is child of the organization which is parented by the university.\n###Second concept City:\nThe city of Thing is the parent city of the presenter city and the trip city. The sponsor city is also the parent city of the city of Thing.\nAnswer yes or no:",
	"confOf#Company;iasted#Sponsor_city": "Classify if the following two concepts are the same.\n###First concept Company:\nThe company is child of the organization which is parented by the university.\n###Second concept Sponsor_city:\nThe sponsor city is the child of the presenter city and the parent city of the presenter city.\nAnswer yes or no:",
	"confOf#Company;iasted#Sponsor": "Classify if the following two concepts are the same.\n###First concept Company:\nThe company is child of the organization which is parented by the university.\n###Second concept Sponsor:\nThe sponsor is the child of the delegate and the parent of the iasted non member.\nAnswer yes or no:",
	"confOf#Company;iasted#Computer": "Classify if the following two concepts are the same.\n###First concept Company:\nThe company is child of the organization which is parented by the university.\n###Second concept Computer:\nThe computer is the child of the audiovisual equipment which is the parent of the overhead projector.\nAnswer yes or no:",
	"confOf#Company;iasted#Trip_city": "Classify if the following two concepts are the same.\n###First concept Company:\nThe company is child of the organization which is parented by the university.\n###Second concept Trip_city:\nThe child of a trip city is a Thing.\nAnswer yes or no:",
	"confOf#University;iasted#Lecturer": "Classify if the following two concepts are the same.\n###First concept University:\nThe university is the child of the organization which is parented by the company.\n###Second concept Lecturer:\nThe student lecturer is the parent of the student lecturer and the worker lecturer. The lecturer is the child of the author and the tutor speaker is the parent of the lecturer.\nAnswer yes or no:",
	"confOf#University;iasted#City": "Classify if the following two concepts are the same.\n###First concept University:\nThe university is the child of the organization which is parented by the company.\n###Second concept City:\nThe city of Thing is the parent city of the presenter city and the trip city. The sponsor city is also the parent city of the city of Thing.\nAnswer yes or no:",
	"confOf#University;iasted#State": "Classify if the following two concepts are the same.\n###First concept University:\nThe university is the child of the organization which is parented by the company.\n###Second concept State:\nThe presenter state is the parent state of the conference state and the sponsor state.\nAnswer yes or no:",
	"confOf#University;iasted#Lecture": "Classify if the following two concepts are the same.\n###First concept University:\nThe university is the child of the organization which is parented by the company.\n###Second concept Lecture:\nThe lecture is the child of the conference activity. It is the parent of the introduction of the speaker, the lecture of the plenary lecture and the introduction of the speaker.\nAnswer yes or no:",
	"confOf#University;iasted#Computer": "Classify if the following two concepts are the same.\n###First concept University:\nThe university is the child of the organization which is parented by the company.\n###Second concept Computer:\nThe computer is the child of the audiovisual equipment which is the parent of the overhead projector.\nAnswer yes or no:",
	"confOf#University;iasted#Student_lecturer": "Classify if the following two concepts are the same.\n###First concept University:\nThe university is the child of the organization which is parented by the company.\n###Second concept Student_lecturer:\nThe student lecturer is the child of the lecturer and the parent of the worker lecturer.\nAnswer yes or no:",
	"confOf#University;iasted#Student_non_speaker": "Classify if the following two concepts are the same.\n###First concept University:\nThe university is the child of the organization which is parented by the company.\n###Second concept Student_non_speaker:\nThe student non speaker is the child of the non speaker and the parent of the worker non speaker.\nAnswer yes or no:",
	"confOf#University;iasted#Student_registration_fee": "Classify if the following two concepts are the same.\n###First concept University:\nThe university is the child of the organization which is parented by the company.\n###Second concept Student_registration_fee:\nThe student registration fee is the child of the registration fee and the parent of the hotel fee.\nAnswer yes or no:",
	"confOf#Scholar;iasted#Document": "Classify if the following two concepts are the same.\n###First concept Scholar:\nThe child of the scholar is the parent of the member program committee.\n###Second concept Document:\nThe parent of the document is the publication of the book, the mailing list, the initial manuscript, the invitation letter and the record of attendance.\nAnswer yes or no:",
	"confOf#Scholar;iasted#Person": "Classify if the following two concepts are the same.\n###First concept Scholar:\nThe child of the scholar is the parent of the member program committee.\n###Second concept Person:\nThe parent of the sponsor is the delegate, the speaker and the reviewer.\nAnswer yes or no:",
	"confOf#Scholar;iasted#Research": "Classify if the following two concepts are the same.\n###First concept Scholar:\nThe child of the scholar is the parent of the member program committee.\n###Second concept Research:\nResearch is a part of the social program, the dinner banquet and the activity before conference. It is also part of the simulating of research.\nAnswer yes or no:",
	"confOf#Scholar;iasted#Technic_activity": "Classify if the following two concepts are the same.\n###First concept Scholar:\nThe child of the scholar is the parent of the member program committee.\n###Second concept Technic_activity:\nThe technical activity is the child of the conference activity which is the parent of the welcome address.\nAnswer yes or no:",
	"confOf#Scholar;iasted#Author": "Classify if the following two concepts are the same.\n###First concept Scholar:\nThe child of the scholar is the parent of the member program committee.\n###Second concept Author:\nThe author is the parent of the author cd proceedings and the author book proceedings. The delegate is the parent of the delegate and the sponsor is the author of the plenary lecture speaker.\nAnswer yes or no:",
	"confOf#Scholar;iasted#Publication": "Classify if the following two concepts are the same.\n###First concept Scholar:\nThe child of the scholar is the parent of the member program committee.\n###Second concept Publication:\nThe cd proceeding and the book proceeding are both published. The transport vehicle is the parent of the car and the transport vehicle is the child of the publication.\nAnswer yes or no:",
	"confOf#Scholar;iasted#Student_lecturer": "Classify if the following two concepts are the same.\n###First concept Scholar:\nThe child of the scholar is the parent of the member program committee.\n###Second concept Student_lecturer:\nThe student lecturer is the child of the lecturer and the parent of the worker lecturer.\nAnswer yes or no:",
	"confOf#Scholar;iasted#Student_non_speaker": "Classify if the following two concepts are the same.\n###First concept Scholar:\nThe child of the scholar is the parent of the member program committee.\n###Second concept Student_non_speaker:\nThe student non speaker is the child of the non speaker and the parent of the worker non speaker.\nAnswer yes or no:",
	"confOf#Administrator;iasted#Delegate": "Classify if the following two concepts are the same.\n###First concept Administrator:\nThe administrator is the child of the person who is the parent of the member program committee.\n###Second concept Delegate:\nThe delegate is a child of a sponsor and a non speaker. He is also a parent of a student and a non member of the technical committee. He is also the parent of a hotel presenter and a non member of the technical committee.\nAnswer yes or no:",
	"confOf#Administrator;iasted#Computer": "Classify if the following two concepts are the same.\n###First concept Administrator:\nThe administrator is the child of the person who is the parent of the member program committee.\n###Second concept Computer:\nThe computer is the child of the audiovisual equipment which is the parent of the overhead projector.\nAnswer yes or no:",
	"confOf#Poster;iasted#Presentation": "Classify if the following two concepts are the same.\n###First concept Poster:\nThe poster is a child of a Thing.\n###Second concept Presentation:\nPresentation is a child of conference activity, after conference and power point presentation.\nAnswer yes or no:",
	"confOf#Poster;iasted#Submission": "Classify if the following two concepts are the same.\n###First concept Poster:\nThe poster is a child of a Thing.\n###Second concept Submission:\nThe initial manuscript is submitted, the final manuscript is submitted and the child of the document.\nAnswer yes or no:",
	"confOf#Poster;iasted#Publication": "Classify if the following two concepts are the same.\n###First concept Poster:\nThe poster is a child of a Thing.\n###Second concept Publication:\nThe cd proceeding and the book proceeding are both published. The transport vehicle is the parent of the car and the transport vehicle is the child of the publication.\nAnswer yes or no:",
	"confOf#Paper;iasted#Form": "Classify if the following two concepts are the same.\n###First concept Paper:\nThe paper is a child of the Thing and the contribution.\n###Second concept Form:\nThe parent of the form is the author information form. The form is also the parent of the hotel registration form and the card.\nAnswer yes or no:",
	"confOf#Paper;iasted#Document": "Classify if the following two concepts are the same.\n###First concept Paper:\nThe paper is a child of the Thing and the contribution.\n###Second concept Document:\nThe parent of the document is the publication of the book, the mailing list, the initial manuscript, the invitation letter and the record of attendance.\nAnswer yes or no:",
	"confOf#Paper;iasted#Activity": "Classify if the following two concepts are the same.\n###First concept Paper:\nThe paper is a child of the Thing and the contribution.\n###Second concept Activity:\nThe parent of the conference activity is the rental of a coffee break. The activity after the conference is also the parent of the full day tour.\nAnswer yes or no:",
	"confOf#Paper;iasted#Presentation": "Classify if the following two concepts are the same.\n###First concept Paper:\nThe paper is a child of the Thing and the contribution.\n###Second concept Presentation:\nPresentation is a child of conference activity, after conference and power point presentation.\nAnswer yes or no:",
	"confOf#Paper;iasted#Transparency": "Classify if the following two concepts are the same.\n###First concept Paper:\nThe paper is a child of the Thing and the contribution.\n###Second concept Transparency:\nTransparency is a child of document which is parented by via.\nAnswer yes or no:",
	"confOf#Paper;iasted#Card": "Classify if the following two concepts are the same.\n###First concept Paper:\nThe paper is a child of the Thing and the contribution.\n###Second concept Card:\nThe card is a child of the card and the credit card. It is also the parent of the invitation letter.\nAnswer yes or no:",
	"confOf#Paper;iasted#Money": "Classify if the following two concepts are the same.\n###First concept Paper:\nThe paper is a child of the Thing and the contribution.\n###Second concept Money:\nThe parent of the money is the tax, the parent of the departure tax, the parent of the tip, the parent of the sponsorship, the parent of the fee and the parent of the fee for an extra trip.\nAnswer yes or no:",
	"confOf#Paper;iasted#Submission": "Classify if the following two concepts are the same.\n###First concept Paper:\nThe paper is a child of the Thing and the contribution.\n###Second concept Submission:\nThe initial manuscript is submitted, the final manuscript is submitted and the child of the document.\nAnswer yes or no:",
	"confOf#Paper;iasted#Publication": "Classify if the following two concepts are the same.\n###First concept Paper:\nThe paper is a child of the Thing and the contribution.\n###Second concept Publication:\nThe cd proceeding and the book proceeding are both published. The transport vehicle is the parent of the car and the transport vehicle is the child of the publication.\nAnswer yes or no:",
	"confOf#Paper;iasted#Computer": "Classify if the following two concepts are the same.\n###First concept Paper:\nThe paper is a child of the Thing and the contribution.\n###Second concept Computer:\nThe computer is the child of the audiovisual equipment which is the parent of the overhead projector.\nAnswer yes or no:",
	"confOf#Short_paper;iasted#Document": "Classify if the following two concepts are the same.\n###First concept Short_paper:\nThe short paper is a child of contribution which is a child of Thing.\n###Second concept Document:\nThe parent of the document is the publication of the book, the mailing list, the initial manuscript, the invitation letter and the record of attendance.\nAnswer yes or no:",
	"confOf#Short_paper;iasted#Introduction": "Classify if the following two concepts are the same.\n###First concept Short_paper:\nThe short paper is a child of contribution which is a child of Thing.\n###Second concept Introduction:\nThe introduction of a speaker is the parent of the conference activity which is the child of the introduction of a speaker.\nAnswer yes or no:",
	"confOf#Reviewing_results_event;iasted#Reviewer": "Classify if the following two concepts are the same.\n###First concept Reviewing_results_event:\nThe review of results event is a child of the administrative event which is parented by the camera ready event.\n###Second concept Reviewer:\nThe reviewer is the child of the speaker who is the parent of the plenary lecturer and the author.\nAnswer yes or no:",
	"confOf#Reviewing_results_event;iasted#Review": "Classify if the following two concepts are the same.\n###First concept Reviewing_results_event:\nThe review of results event is a child of the administrative event which is parented by the camera ready event.\n###Second concept Review:\nThe document review is child of the document which is parented by the card and the credit card.\nAnswer yes or no:",
	"confOf#Administrative_event;iasted#Delegate": "Classify if the following two concepts are the same.\n###First concept Administrative_event:\nThe administrative event is the parent of the social event, the reception and the submission event. It is also the parent of the registration of participants event.\n###Second concept Delegate:\nThe delegate is a child of a sponsor and a non speaker. He is also a parent of a student and a non member of the technical committee. He is also the parent of a hotel presenter and a non member of the technical committee.\nAnswer yes or no:",
	"confOf#Administrative_event;iasted#Listener": "Classify if the following two concepts are the same.\n###First concept Administrative_event:\nThe administrative event is the parent of the social event, the reception and the submission event. It is also the parent of the registration of participants event.\n###Second concept Listener:\nThe listener is a child of the delegate who is the parent of an iasted non member.\nAnswer yes or no:",
	"confOf#Reviewing_event;iasted#Reviewer": "Classify if the following two concepts are the same.\n###First concept Reviewing_event:\nThe review event is a child of the administrative event.\n###Second concept Reviewer:\nThe reviewer is the child of the speaker who is the parent of the plenary lecturer and the author.\nAnswer yes or no:",
	"confOf#Reviewing_event;iasted#Review": "Classify if the following two concepts are the same.\n###First concept Reviewing_event:\nThe review event is a child of the administrative event.\n###Second concept Review:\nThe document review is child of the document which is parented by the card and the credit card.\nAnswer yes or no:",
	"confOf#Registration_of_participants_event;iasted#Registration_form": "Classify if the following two concepts are the same.\n###First concept Registration_of_participants_event:\nThe registration of participants event is a child of the administrative event which is also a child of the social event which is also a parent of a trip.\n###Second concept Registration_form:\nThe registration form is the child of the registration form and the parent of the hotel registration form.\nAnswer yes or no:",
	"confOf#Registration_of_participants_event;iasted#Registration": "Classify if the following two concepts are the same.\n###First concept Registration_of_participants_event:\nThe registration of participants event is a child of the administrative event which is also a child of the social event which is also a parent of a trip.\n###Second concept Registration:\nThe conference activity is the parent of the coffee break and the child of the conference activity is registered.\nAnswer yes or no:",
	"confOf#Registration_of_participants_event;iasted#Registration_fee": "Classify if the following two concepts are the same.\n###First concept Registration_of_participants_event:\nThe registration of participants event is a child of the administrative event which is also a child of the social event which is also a parent of a trip.\n###Second concept Registration_fee:\nThe non-author registration fee is the parent of the non-member registration fee. The student registration fee is also a parent of the non-member registration fee. The tax payer is the parent of the value added tax and the tax payer is the child of the registration fee.\nAnswer yes or no:",
	"confOf#Submission_event;iasted#Form": "Classify if the following two concepts are the same.\n###First concept Submission_event:\nThe submission event is a child of the administrative event which is the parent of the reviewing event.\n###Second concept Form:\nThe parent of the form is the author information form. The form is also the parent of the hotel registration form and the card.\nAnswer yes or no:",
	"confOf#Submission_event;iasted#Submissions_deadline": "Classify if the following two concepts are the same.\n###First concept Submission_event:\nThe submission event is a child of the administrative event which is the parent of the reviewing event.\n###Second concept Submissions_deadline:\nThe deadline for submissions is the child of the deadline and the parent of the deadline for a camera ready manuscript.\nAnswer yes or no:",
	"confOf#Submission_event;iasted#Submission": "Classify if the following two concepts are the same.\n###First concept Submission_event:\nThe submission event is a child of the administrative event which is the parent of the reviewing event.\n###Second concept Submission:\nThe initial manuscript is submitted, the final manuscript is submitted and the child of the document.\nAnswer yes or no:",
	"confOf#Camera_Ready_event;iasted#Video_cassette_player": "Classify if the following two concepts are the same.\n###First concept Camera_Ready_event:\nThe camera ready event is a child of the administrative event and the working event. The workshop is also a child of the working event.\n###Second concept Video_cassette_player:\nThe video cassette player is a child of the audiovisual equipment which is the parent of the lcd projector.\nAnswer yes or no:",
	"confOf#Camera_Ready_event;iasted#Video_presentation": "Classify if the following two concepts are the same.\n###First concept Camera_Ready_event:\nThe camera ready event is a child of the administrative event and the working event. The workshop is also a child of the working event.\n###Second concept Video_presentation:\nThe video presentation is a child of the conference activity which is parented by the activity after the conference.\nAnswer yes or no:",
	"confOf#Camera_Ready_event;iasted#Conference_hotel": "Classify if the following two concepts are the same.\n###First concept Camera_Ready_event:\nThe camera ready event is a child of the administrative event and the working event. The workshop is also a child of the working event.\n###Second concept Conference_hotel:\nThe conference hotel is the child of the building which is the parent of the conference airport.\nAnswer yes or no:",
	"confOf#Camera_Ready_event;iasted#Camera_ready_manuscript_deadline": "Classify if the following two concepts are the same.\n###First concept Camera_Ready_event:\nThe camera ready event is a child of the administrative event and the working event. The workshop is also a child of the working event.\n###Second concept Camera_ready_manuscript_deadline:\nThe deadline for a camera ready manuscript is the child of the deadline and the parent of the deadline for a hotel reservation.\nAnswer yes or no:",
	"confOf#Workshop;iasted#Building": "Classify if the following two concepts are the same.\n###First concept Workshop:\nThe workshop is a child of a working event which is parented by an administrative event.\n###Second concept Building:\nThe building is the parent of the sponsor company house, the conference building, the conference hotel and the session room. It is also the parent of the presenter university.\nAnswer yes or no:",
	"confOf#Workshop;iasted#Presenter_city": "Classify if the following two concepts are the same.\n###First concept Workshop:\nThe workshop is a child of a working event which is parented by an administrative event.\n###Second concept Presenter_city:\nThe presenter city is a child of the city Thing.\nAnswer yes or no:",
	"confOf#Workshop;iasted#Social_program": "Classify if the following two concepts are the same.\n###First concept Workshop:\nThe workshop is a child of a working event which is parented by an administrative event.\n###Second concept Social_program:\nThe social program is the child of the conference activity which is the parent of the lecture and the dinner banquet.\nAnswer yes or no:",
	"confOf#Workshop;iasted#Activity": "Classify if the following two concepts are the same.\n###First concept Workshop:\nThe workshop is a child of a working event which is parented by an administrative event.\n###Second concept Activity:\nThe parent of the conference activity is the rental of a coffee break. The activity after the conference is also the parent of the full day tour.\nAnswer yes or no:",
	"confOf#Workshop;iasted#Presentation": "Classify if the following two concepts are the same.\n###First concept Workshop:\nThe workshop is a child of a working event which is parented by an administrative event.\n###Second concept Presentation:\nPresentation is a child of conference activity, after conference and power point presentation.\nAnswer yes or no:",
	"confOf#Workshop;iasted#Conference_restaurant": "Classify if the following two concepts are the same.\n###First concept Workshop:\nThe workshop is a child of a working event which is parented by an administrative event.\n###Second concept Conference_restaurant:\nThe conference restaurant is a child of the presenter university building.\nAnswer yes or no:",
	"confOf#Workshop;iasted#Conference_city": "Classify if the following two concepts are the same.\n###First concept Workshop:\nThe workshop is a child of a working event which is parented by an administrative event.\n###Second concept Conference_city:\nThe conference city is the child of the city which is the parent of the trip city.\nAnswer yes or no:",
	"confOf#Workshop;iasted#Conference_activity": "Classify if the following two concepts are the same.\n###First concept Workshop:\nThe workshop is a child of a working event which is parented by an administrative event.\n###Second concept Conference_activity:\nThe parent of the conference activity is the parent of the lecture, the plenary lecture, the registration and the departure. The conference activity is also the parent of the coffee break.\nAnswer yes or no:",
	"confOf#Workshop;iasted#Session_room": "Classify if the following two concepts are the same.\n###First concept Workshop:\nThe workshop is a child of a working event which is parented by an administrative event.\n###Second concept Session_room:\nThe session room is a child of the hotel room.\nAnswer yes or no:",
	"confOf#Workshop;iasted#Conference_building": "Classify if the following two concepts are the same.\n###First concept Workshop:\nThe workshop is a child of a working event which is parented by an administrative event.\n###Second concept Conference_building:\nThe conference building is a child of the building itself.\nAnswer yes or no:",
	"confOf#Workshop;iasted#Conference_airport": "Classify if the following two concepts are the same.\n###First concept Workshop:\nThe workshop is a child of a working event which is parented by an administrative event.\n###Second concept Conference_airport:\nThe conference airport is a building which is a child of the place.\nAnswer yes or no:",
	"confOf#Workshop;iasted#Lecturer": "Classify if the following two concepts are the same.\n###First concept Workshop:\nThe workshop is a child of a working event which is parented by an administrative event.\n###Second concept Lecturer:\nThe student lecturer is the parent of the student lecturer and the worker lecturer. The lecturer is the child of the author and the tutor speaker is the parent of the lecturer.\nAnswer yes or no:",
	"confOf#Workshop;iasted#Conference_hall": "Classify if the following two concepts are the same.\n###First concept Workshop:\nThe workshop is a child of a working event which is parented by an administrative event.\n###Second concept Conference_hall:\nThe conference hall is a child of Thing.\nAnswer yes or no:",
	"confOf#Workshop;iasted#Lecture": "Classify if the following two concepts are the same.\n###First concept Workshop:\nThe workshop is a child of a working event which is parented by an administrative event.\n###Second concept Lecture:\nThe lecture is the child of the conference activity. It is the parent of the introduction of the speaker, the lecture of the plenary lecture and the introduction of the speaker.\nAnswer yes or no:",
	"confOf#Workshop;iasted#Tutorial_speaker": "Classify if the following two concepts are the same.\n###First concept Workshop:\nThe workshop is a child of a working event which is parented by an administrative event.\n###Second concept Tutorial_speaker:\nThe author of the tutorial speaker is the child of the speaker and the parent of the reviewer.\nAnswer yes or no:",
	"confOf#Workshop;iasted#Conference_Hiker": "Classify if the following two concepts are the same.\n###First concept Workshop:\nThe workshop is a child of a working event which is parented by an administrative event.\n###Second concept Conference_Hiker:\nThe delegate who is the parent of the hotel presenter is the child of the delegate who is a part of the conference hike.\nAnswer yes or no:",
	"confOf#Conference;iasted#Presenter_city": "Classify if the following two concepts are the same.\n###First concept Conference:\nThe conference is the child of the working event and the parent of the tutorial.\n###Second concept Presenter_city:\nThe presenter city is a child of the city Thing.\nAnswer yes or no:",
	"confOf#Conference;iasted#Presentation": "Classify if the following two concepts are the same.\n###First concept Conference:\nThe conference is the child of the working event and the parent of the tutorial.\n###Second concept Presentation:\nPresentation is a child of conference activity, after conference and power point presentation.\nAnswer yes or no:",
	"confOf#Conference;iasted#Conference_restaurant": "Classify if the following two concepts are the same.\n###First concept Conference:\nThe conference is the child of the working event and the parent of the tutorial.\n###Second concept Conference_restaurant:\nThe conference restaurant is a child of the presenter university building.\nAnswer yes or no:",
	"confOf#Conference;iasted#Conference_city": "Classify if the following two concepts are the same.\n###First concept Conference:\nThe conference is the child of the working event and the parent of the tutorial.\n###Second concept Conference_city:\nThe conference city is the child of the city which is the parent of the trip city.\nAnswer yes or no:",
	"confOf#Conference;iasted#Conference_state": "Classify if the following two concepts are the same.\n###First concept Conference:\nThe conference is the child of the working event and the parent of the tutorial.\n###Second concept Conference_state:\nThe conference state is the child of the presenter state and the parent state of the conference.\nAnswer yes or no:",
	"confOf#Conference;iasted#Conference_activity": "Classify if the following two concepts are the same.\n###First concept Conference:\nThe conference is the child of the working event and the parent of the tutorial.\n###Second concept Conference_activity:\nThe parent of the conference activity is the parent of the lecture, the plenary lecture, the registration and the departure. The conference activity is also the parent of the coffee break.\nAnswer yes or no:",
	"confOf#Conference;iasted#Conference_days": "Classify if the following two concepts are the same.\n###First concept Conference:\nThe conference is the child of the working event and the parent of the tutorial.\n###Second concept Conference_days:\nOne conference day is a child of the trip day and the conference day is the parent of the conference day.\nAnswer yes or no:",
	"confOf#Conference;iasted#Conference_building": "Classify if the following two concepts are the same.\n###First concept Conference:\nThe conference is the child of the working event and the parent of the tutorial.\n###Second concept Conference_building:\nThe conference building is a child of the building itself.\nAnswer yes or no:",
	"confOf#Conference;iasted#Conference_airport": "Classify if the following two concepts are the same.\n###First concept Conference:\nThe conference is the child of the working event and the parent of the tutorial.\n###Second concept Conference_airport:\nThe conference airport is a building which is a child of the place.\nAnswer yes or no:",
	"confOf#Conference;iasted#City": "Classify if the following two concepts are the same.\n###First concept Conference:\nThe conference is the child of the working event and the parent of the tutorial.\n###Second concept City:\nThe city of Thing is the parent city of the presenter city and the trip city. The sponsor city is also the parent city of the city of Thing.\nAnswer yes or no:",
	"confOf#Conference;iasted#Conference_hotel": "Classify if the following two concepts are the same.\n###First concept Conference:\nThe conference is the child of the working event and the parent of the tutorial.\n###Second concept Conference_hotel:\nThe conference hotel is the child of the building which is the parent of the conference airport.\nAnswer yes or no:",
	"confOf#Conference;iasted#Sponsor_city": "Classify if the following two concepts are the same.\n###First concept Conference:\nThe conference is the child of the working event and the parent of the tutorial.\n###Second concept Sponsor_city:\nThe sponsor city is the child of the presenter city and the parent city of the presenter city.\nAnswer yes or no:",
	"confOf#Conference;iasted#Conference_hall": "Classify if the following two concepts are the same.\n###First concept Conference:\nThe conference is the child of the working event and the parent of the tutorial.\n###Second concept Conference_hall:\nThe conference hall is a child of Thing.\nAnswer yes or no:",
	"confOf#Conference;iasted#Conference_Hiker": "Classify if the following two concepts are the same.\n###First concept Conference:\nThe conference is the child of the working event and the parent of the tutorial.\n###Second concept Conference_Hiker:\nThe delegate who is the parent of the hotel presenter is the child of the delegate who is a part of the conference hike.\nAnswer yes or no:",
	"confOf#Tutorial;iasted#Introduction": "Classify if the following two concepts are the same.\n###First concept Tutorial:\nThe tutorial is child of the working event which is parented by the conference.\n###Second concept Introduction:\nThe introduction of a speaker is the parent of the conference activity which is the child of the introduction of a speaker.\nAnswer yes or no:",
	"confOf#Tutorial;iasted#Tutorial": "Classify if the following two concepts are the same.\n###First concept Tutorial:\nThe tutorial is child of the working event which is parented by the conference.\n###Second concept Tutorial:\nThe tutor is the child of the lecturer who is the parent of the speaker lecture.\nAnswer yes or no:",
	"confOf#Tutorial;iasted#Tutorial_speaker": "Classify if the following two concepts are the same.\n###First concept Tutorial:\nThe tutorial is child of the working event which is parented by the conference.\n###Second concept Tutorial_speaker:\nThe author of the tutorial speaker is the child of the speaker and the parent of the reviewer.\nAnswer yes or no:",
	"confOf#Working_event;iasted#Worker_lecturer": "Classify if the following two concepts are the same.\n###First concept Working_event:\nThe working event is the child of the social event. It is the parent of the banquet, the conference and the workshop.\n###Second concept Worker_lecturer:\nThe worker lecturer is the child of the lecturer and the parent of the student lecturer.\nAnswer yes or no:",
	"confOf#Working_event;iasted#Worker_non_speaker": "Classify if the following two concepts are the same.\n###First concept Working_event:\nThe working event is the child of the social event. It is the parent of the banquet, the conference and the workshop.\n###Second concept Worker_non_speaker:\nThe child of a non speaker is the child of a delegate who is the parent of a sponsor. The delegate is the child of a worker who is not a speaker.\nAnswer yes or no:",
	"confOf#Member;iasted#Person": "Classify if the following two concepts are the same.\n###First concept Member:\nThe child of the participant is the child of the person who is the parent of the chair program committee.\n###Second concept Person:\nThe parent of the sponsor is the delegate, the speaker and the reviewer.\nAnswer yes or no:",
	"confOf#Member;iasted#Item": "Classify if the following two concepts are the same.\n###First concept Member:\nThe child of the participant is the child of the person who is the parent of the chair program committee.\n###Second concept Item:\nThe parent of the audiovisual equipment is the overhead projector. It is also the parent of the transport vehicle and the van. It is also the parent of the publication of book proceeding.\nAnswer yes or no:",
	"confOf#Member;iasted#Nonmember_registration_fee": "Classify if the following two concepts are the same.\n###First concept Member:\nThe child of the participant is the child of the person who is the parent of the chair program committee.\n###Second concept Nonmember_registration_fee:\nThe non-member registration fee is the child of the registration fee and the parent of the hotel fee.\nAnswer yes or no:",
	"confOf#Member;iasted#IASTED_non_member": "Classify if the following two concepts are the same.\n###First concept Member:\nThe child of the participant is the child of the person who is the parent of the chair program committee.\n###Second concept IASTED_non_member:\niasted non member is child of delegate who is parent of sponsor.\nAnswer yes or no:",
	"confOf#Member;iasted#IASTED_member": "Classify if the following two concepts are the same.\n###First concept Member:\nThe child of the participant is the child of the person who is the parent of the chair program committee.\n###Second concept IASTED_member:\nThe iasted member is the child of the delegate who is the parent of the sponsor.\nAnswer yes or no:",
	"confOf#Participant;iasted#Presenter_house": "Classify if the following two concepts are the same.\n###First concept Participant:\nThe child of a participant is the child of a person who is a member of Thing. The student and the regular participant are both parents of the same participant.\n###Second concept Presenter_house:\nThe presenter house is a child of the building which is the parent of the session room.\nAnswer yes or no:",
	"confOf#Participant;iasted#Presenter_city": "Classify if the following two concepts are the same.\n###First concept Participant:\nThe child of a participant is the child of a person who is a member of Thing. The student and the regular participant are both parents of the same participant.\n###Second concept Presenter_city:\nThe presenter city is a child of the city Thing.\nAnswer yes or no:",
	"confOf#Participant;iasted#Activity": "Classify if the following two concepts are the same.\n###First concept Participant:\nThe child of a participant is the child of a person who is a member of Thing. The student and the regular participant are both parents of the same participant.\n###Second concept Activity:\nThe parent of the conference activity is the rental of a coffee break. The activity after the conference is also the parent of the full day tour.\nAnswer yes or no:",
	"confOf#Participant;iasted#Person": "Classify if the following two concepts are the same.\n###First concept Participant:\nThe child of a participant is the child of a person who is a member of Thing. The student and the regular participant are both parents of the same participant.\n###Second concept Person:\nThe parent of the sponsor is the delegate, the speaker and the reviewer.\nAnswer yes or no:",
	"confOf#Participant;iasted#Presentation": "Classify if the following two concepts are the same.\n###First concept Participant:\nThe child of a participant is the child of a person who is a member of Thing. The student and the regular participant are both parents of the same participant.\n###Second concept Presentation:\nPresentation is a child of conference activity, after conference and power point presentation.\nAnswer yes or no:",
	"confOf#Participant;iasted#Conference_restaurant": "Classify if the following two concepts are the same.\n###First concept Participant:\nThe child of a participant is the child of a person who is a member of Thing. The student and the regular participant are both parents of the same participant.\n###Second concept Conference_restaurant:\nThe conference restaurant is a child of the presenter university building.\nAnswer yes or no:",
	"confOf#Participant;iasted#Conference_activity": "Classify if the following two concepts are the same.\n###First concept Participant:\nThe child of a participant is the child of a person who is a member of Thing. The student and the regular participant are both parents of the same participant.\n###Second concept Conference_activity:\nThe parent of the conference activity is the parent of the lecture, the plenary lecture, the registration and the departure. The conference activity is also the parent of the coffee break.\nAnswer yes or no:",
	"confOf#Participant;iasted#Item": "Classify if the following two concepts are the same.\n###First concept Participant:\nThe child of a participant is the child of a person who is a member of Thing. The student and the regular participant are both parents of the same participant.\n###Second concept Item:\nThe parent of the audiovisual equipment is the overhead projector. It is also the parent of the transport vehicle and the van. It is also the parent of the publication of book proceeding.\nAnswer yes or no:",
	"confOf#Participant;iasted#Submission": "Classify if the following two concepts are the same.\n###First concept Participant:\nThe child of a participant is the child of a person who is a member of Thing. The student and the regular participant are both parents of the same participant.\n###Second concept Submission:\nThe initial manuscript is submitted, the final manuscript is submitted and the child of the document.\nAnswer yes or no:",
	"confOf#Participant;iasted#Sponsor": "Classify if the following two concepts are the same.\n###First concept Participant:\nThe child of a participant is the child of a person who is a member of Thing. The student and the regular participant are both parents of the same participant.\n###Second concept Sponsor:\nThe sponsor is the child of the delegate and the parent of the iasted non member.\nAnswer yes or no:",
	"confOf#Participant;iasted#Student_lecturer": "Classify if the following two concepts are the same.\n###First concept Participant:\nThe child of a participant is the child of a person who is a member of Thing. The student and the regular participant are both parents of the same participant.\n###Second concept Student_lecturer:\nThe student lecturer is the child of the lecturer and the parent of the worker lecturer.\nAnswer yes or no:",
	"confOf#Participant;iasted#Presenter_university": "Classify if the following two concepts are the same.\n###First concept Participant:\nThe child of a participant is the child of a person who is a member of Thing. The student and the regular participant are both parents of the same participant.\n###Second concept Presenter_university:\nThe presenter university is the child of the building which is the parent of the session room.\nAnswer yes or no:",
	"confOf#Member_PC;iasted#Conference_restaurant": "Classify if the following two concepts are the same.\n###First concept Member_PC:\nThe member program committee is child of the person who is the child of a Thing.\n###Second concept Conference_restaurant:\nThe conference restaurant is a child of the presenter university building.\nAnswer yes or no:",
	"confOf#Member_PC;iasted#Registration_fee": "Classify if the following two concepts are the same.\n###First concept Member_PC:\nThe member program committee is child of the person who is the child of a Thing.\n###Second concept Registration_fee:\nThe non-author registration fee is the parent of the non-member registration fee. The student registration fee is also a parent of the non-member registration fee. The tax payer is the parent of the value added tax and the tax payer is the child of the registration fee.\nAnswer yes or no:",
	"confOf#Member_PC;iasted#Nonmember_registration_fee": "Classify if the following two concepts are the same.\n###First concept Member_PC:\nThe member program committee is child of the person who is the child of a Thing.\n###Second concept Nonmember_registration_fee:\nThe non-member registration fee is the child of the registration fee and the parent of the hotel fee.\nAnswer yes or no:",
	"confOf#Chair_PC;iasted#Conference_restaurant": "Classify if the following two concepts are the same.\n###First concept Chair_PC:\nThe chair of the program committee is a child of a Thing.\n###Second concept Conference_restaurant:\nThe conference restaurant is a child of the presenter university building.\nAnswer yes or no:",
	"confOf#Student;iasted#Person": "Classify if the following two concepts are the same.\n###First concept Student:\nThe student is the child of a person who is the parent of the chair program committee.\n###Second concept Person:\nThe parent of the sponsor is the delegate, the speaker and the reviewer.\nAnswer yes or no:",
	"confOf#Student;iasted#Lecturer": "Classify if the following two concepts are the same.\n###First concept Student:\nThe student is the child of a person who is the parent of the chair program committee.\n###Second concept Lecturer:\nThe student lecturer is the parent of the student lecturer and the worker lecturer. The lecturer is the child of the author and the tutor speaker is the parent of the lecturer.\nAnswer yes or no:",
	"confOf#Student;iasted#Lecture": "Classify if the following two concepts are the same.\n###First concept Student:\nThe student is the child of a person who is the parent of the chair program committee.\n###Second concept Lecture:\nThe lecture is the child of the conference activity. It is the parent of the introduction of the speaker, the lecture of the plenary lecture and the introduction of the speaker.\nAnswer yes or no:",
	"confOf#Student;iasted#Computer": "Classify if the following two concepts are the same.\n###First concept Student:\nThe student is the child of a person who is the parent of the chair program committee.\n###Second concept Computer:\nThe computer is the child of the audiovisual equipment which is the parent of the overhead projector.\nAnswer yes or no:",
	"confOf#Student;iasted#Student_lecturer": "Classify if the following two concepts are the same.\n###First concept Student:\nThe student is the child of a person who is the parent of the chair program committee.\n###Second concept Student_lecturer:\nThe student lecturer is the child of the lecturer and the parent of the worker lecturer.\nAnswer yes or no:",
	"confOf#Student;iasted#Student_non_speaker": "Classify if the following two concepts are the same.\n###First concept Student:\nThe student is the child of a person who is the parent of the chair program committee.\n###Second concept Student_non_speaker:\nThe student non speaker is the child of the non speaker and the parent of the worker non speaker.\nAnswer yes or no:",
	"confOf#Student;iasted#Student_registration_fee": "Classify if the following two concepts are the same.\n###First concept Student:\nThe student is the child of a person who is the parent of the chair program committee.\n###Second concept Student_registration_fee:\nThe student registration fee is the child of the registration fee and the parent of the hotel fee.\nAnswer yes or no:",
	"confOf#Science_Worker;iasted#Technic_activity": "Classify if the following two concepts are the same.\n###First concept Science_Worker:\nThe child of a science worker is the parent of a chair program committee.\n###Second concept Technic_activity:\nThe technical activity is the child of the conference activity which is the parent of the welcome address.\nAnswer yes or no:",
	"confOf#Science_Worker;iasted#Technical_commitee": "Classify if the following two concepts are the same.\n###First concept Science_Worker:\nThe child of a science worker is the parent of a chair program committee.\n###Second concept Technical_commitee:\nThe delegate is a child of a delegate who is a child of a technical committee.\nAnswer yes or no:",
	"confOf#Science_Worker;iasted#Worker_lecturer": "Classify if the following two concepts are the same.\n###First concept Science_Worker:\nThe child of a science worker is the parent of a chair program committee.\n###Second concept Worker_lecturer:\nThe worker lecturer is the child of the lecturer and the parent of the student lecturer.\nAnswer yes or no:",
	"confOf#Science_Worker;iasted#Lecturer": "Classify if the following two concepts are the same.\n###First concept Science_Worker:\nThe child of a science worker is the parent of a chair program committee.\n###Second concept Lecturer:\nThe student lecturer is the parent of the student lecturer and the worker lecturer. The lecturer is the child of the author and the tutor speaker is the parent of the lecturer.\nAnswer yes or no:",
	"confOf#Science_Worker;iasted#Worker_non_speaker": "Classify if the following two concepts are the same.\n###First concept Science_Worker:\nThe child of a science worker is the parent of a chair program committee.\n###Second concept Worker_non_speaker:\nThe child of a non speaker is the child of a delegate who is the parent of a sponsor. The delegate is the child of a worker who is not a speaker.\nAnswer yes or no:",
	"confOf#Science_Worker;iasted#Student_lecturer": "Classify if the following two concepts are the same.\n###First concept Science_Worker:\nThe child of a science worker is the parent of a chair program committee.\n###Second concept Student_lecturer:\nThe student lecturer is the child of the lecturer and the parent of the worker lecturer.\nAnswer yes or no:",
	"confOf#Science_Worker;iasted#Student_non_speaker": "Classify if the following two concepts are the same.\n###First concept Science_Worker:\nThe child of a science worker is the parent of a chair program committee.\n###Second concept Student_non_speaker:\nThe student non speaker is the child of the non speaker and the parent of the worker non speaker.\nAnswer yes or no:",
	"confOf#Assistant;iasted#Conference_restaurant": "Classify if the following two concepts are the same.\n###First concept Assistant:\nThe assistant is a child of a person who is also a child of a Thing.\n###Second concept Conference_restaurant:\nThe conference restaurant is a child of the presenter university building.\nAnswer yes or no:",
	"confOf#Assistant;iasted#IASTED_non_member": "Classify if the following two concepts are the same.\n###First concept Assistant:\nThe assistant is a child of a person who is also a child of a Thing.\n###Second concept IASTED_non_member:\niasted non member is child of delegate who is parent of sponsor.\nAnswer yes or no:",
	"confOf#Assistant;iasted#Worker_non_speaker": "Classify if the following two concepts are the same.\n###First concept Assistant:\nThe assistant is a child of a person who is also a child of a Thing.\n###Second concept Worker_non_speaker:\nThe child of a non speaker is the child of a delegate who is the parent of a sponsor. The delegate is the child of a worker who is not a speaker.\nAnswer yes or no:",
	"confOf#Volunteer;iasted#Activity": "Classify if the following two concepts are the same.\n###First concept Volunteer:\nThe child of a volunteer is a child of a Thing.\n###Second concept Activity:\nThe parent of the conference activity is the rental of a coffee break. The activity after the conference is also the parent of the full day tour.\nAnswer yes or no:",
	"confOf#Regular;iasted#Item": "Classify if the following two concepts are the same.\n###First concept Regular:\nThe child of a participant is a regular.\n###Second concept Item:\nThe parent of the audiovisual equipment is the overhead projector. It is also the parent of the transport vehicle and the van. It is also the parent of the publication of book proceeding.\nAnswer yes or no:",
	"confOf#Author;iasted#Person": "Classify if the following two concepts are the same.\n###First concept Author:\nThe author is the child of the person who is the parent of the scholar.\n###Second concept Person:\nThe parent of the sponsor is the delegate, the speaker and the reviewer.\nAnswer yes or no:",
	"confOf#Author;iasted#Author_cd_proceedings_included": "Classify if the following two concepts are the same.\n###First concept Author:\nThe author is the child of the person who is the parent of the scholar.\n###Second concept Author_cd_proceedings_included:\nThe author cd proceedings included is the child of the author who is the parent of the author book proceedings.\nAnswer yes or no:",
	"confOf#Author;iasted#Author": "Classify if the following two concepts are the same.\n###First concept Author:\nThe author is the child of the person who is the parent of the scholar.\n###Second concept Author:\nThe author is the parent of the author cd proceedings and the author book proceedings. The delegate is the parent of the delegate and the sponsor is the author of the plenary lecture speaker.\nAnswer yes or no:",
	"confOf#Author;iasted#Introduction": "Classify if the following two concepts are the same.\n###First concept Author:\nThe author is the child of the person who is the parent of the scholar.\n###Second concept Introduction:\nThe introduction of a speaker is the parent of the conference activity which is the child of the introduction of a speaker.\nAnswer yes or no:",
	"confOf#Author;iasted#Author_information_form": "Classify if the following two concepts are the same.\n###First concept Author:\nThe author is the child of the person who is the parent of the scholar.\n###Second concept Author_information_form:\nThe author information form is a child of the registration form.\nAnswer yes or no:",
	"confOf#Author;iasted#Publication": "Classify if the following two concepts are the same.\n###First concept Author:\nThe author is the child of the person who is the parent of the scholar.\n###Second concept Publication:\nThe cd proceeding and the book proceeding are both published. The transport vehicle is the parent of the car and the transport vehicle is the child of the publication.\nAnswer yes or no:",
	"confOf#Author;iasted#Author_book_proceedings_included": "Classify if the following two concepts are the same.\n###First concept Author:\nThe author is the child of the person who is the parent of the scholar.\n###Second concept Author_book_proceedings_included:\nThe author is the child of the author who is the parent of the lecturer and the student lecturer.\nAnswer yes or no:"
}