{
	"confOf#Trip;ekaw#Conference_Trip": "Classify if the following two concepts are the same.\n###First concept Trip:\nThe child of a social event is the child of the reception.\n###Second concept Conference_Trip:\nThe conference trip is a child of a social event which is parented by a scientific event which is also parented by a track.\nAnswer yes or no:",
	"confOf#Banquet;ekaw#Conference_Paper": "Classify if the following two concepts are the same.\n###First concept Banquet:\nA banquet is a social event.\n###Second concept Conference_Paper:\nThe conference paper is the child of the workshop paper.\nAnswer yes or no:",
	"confOf#Banquet;ekaw#Conference_Session": "Classify if the following two concepts are the same.\n###First concept Banquet:\nA banquet is a social event.\n###Second concept Conference_Session:\nThe conference session is the parent of the industrial session and the demo session.\nAnswer yes or no:",
	"confOf#Banquet;ekaw#Poster_Session": "Classify if the following two concepts are the same.\n###First concept Banquet:\nA banquet is a social event.\n###Second concept Poster_Session:\nThe poster session is a child of a scientific event.\nAnswer yes or no:",
	"confOf#Banquet;ekaw#Conference_Participant": "Classify if the following two concepts are the same.\n###First concept Banquet:\nA banquet is a social event.\n###Second concept Conference_Participant:\nThe conference participant is the parent of the workshop chair and the program committee chair. The presenter is the invited speaker and the late registered participant is the presenter. The agency staff member is also a parent of the conference participant.\nAnswer yes or no:",
	"confOf#Banquet;ekaw#Workshop_Session": "Classify if the following two concepts are the same.\n###First concept Banquet:\nA banquet is a social event.\n###Second concept Workshop_Session:\nThe workshop session is the child of the poster session.\nAnswer yes or no:",
	"confOf#Banquet;ekaw#Invited_Talk": "Classify if the following two concepts are the same.\n###First concept Banquet:\nA banquet is a social event.\n###Second concept Invited_Talk:\nThe invited talk is the child of the individual presentation and the contributed talk.\nAnswer yes or no:",
	"confOf#Banquet;ekaw#Workshop": "Classify if the following two concepts are the same.\n###First concept Banquet:\nA banquet is a social event.\n###Second concept Workshop:\nThe workshop is a child of a scientific event which is parented by a social event.\nAnswer yes or no:",
	"confOf#Banquet;ekaw#Conference": "Classify if the following two concepts are the same.\n###First concept Banquet:\nA banquet is a social event.\n###Second concept Conference:\nThe conference is the parent of the scientific event which is the parent of the poster session.\nAnswer yes or no:",
	"confOf#Banquet;ekaw#Workshop_Chair": "Classify if the following two concepts are the same.\n###First concept Banquet:\nA banquet is a social event.\n###Second concept Workshop_Chair:\nThe workshop chair is the child of a conference participant, a student and a program committee member. The session chair is also a child of a program committee member.\nAnswer yes or no:",
	"confOf#Banquet;ekaw#Invited_Speaker": "Classify if the following two concepts are the same.\n###First concept Banquet:\nA banquet is a social event.\n###Second concept Invited_Speaker:\nThe invited speaker is a child of the presenter and the conference participant.\nAnswer yes or no:",
	"confOf#Reception;ekaw#Poster_Session": "Classify if the following two concepts are the same.\n###First concept Reception:\nThe reception is the child of a social event which is the parent of a banquet.\n###Second concept Poster_Session:\nThe poster session is a child of a scientific event.\nAnswer yes or no:",
	"confOf#Social_event;ekaw#Event": "Classify if the following two concepts are the same.\n###First concept Social_event:\nThe social event is the parent of the banquet, the reception and the trip. It is also the parent of the administrative event which is also the parent of the camera ready event.\n###Second concept Event:\nThe social event is the parent of the scientific event, the individual presentation, the tutorial and the conference trip.\nAnswer yes or no:",
	"confOf#Social_event;ekaw#Social_Event": "Classify if the following two concepts are the same.\n###First concept Social_event:\nThe social event is the parent of the banquet, the reception and the trip. It is also the parent of the administrative event which is also the parent of the camera ready event.\n###Second concept Social_Event:\nThe social event is the parent of the conference trip and the conference banquet. It is also the parent of the scientific event which is also the parent of the tutorial.\nAnswer yes or no:",
	"confOf#Social_event;ekaw#Conference_Participant": "Classify if the following two concepts are the same.\n###First concept Social_event:\nThe social event is the parent of the banquet, the reception and the trip. It is also the parent of the administrative event which is also the parent of the camera ready event.\n###Second concept Conference_Participant:\nThe conference participant is the parent of the workshop chair and the program committee chair. The presenter is the invited speaker and the late registered participant is the presenter. The agency staff member is also a parent of the conference participant.\nAnswer yes or no:",
	"confOf#Social_event;ekaw#Scientific_Event": "Classify if the following two concepts are the same.\n###First concept Social_event:\nThe social event is the parent of the banquet, the reception and the trip. It is also the parent of the administrative event which is also the parent of the camera ready event.\n###Second concept Scientific_Event:\nThe scientific event is the parent of the workshop and the conference. It is also the parent of the social event. It is also the parent of the session, the regular session and the individual presentation.\nAnswer yes or no:",
	"confOf#Event;ekaw#Event": "Classify if the following two concepts are the same.\n###First concept Event:\nThe parent event of a working event is a social event. It is also the parent event of a banquet. It is also the parent event of a submission event. It is also the parent event of an administrative event.\n###Second concept Event:\nThe social event is the parent of the scientific event, the individual presentation, the tutorial and the conference trip.\nAnswer yes or no:",
	"confOf#Event;ekaw#Conference_Session": "Classify if the following two concepts are the same.\n###First concept Event:\nThe parent event of a working event is a social event. It is also the parent event of a banquet. It is also the parent event of a submission event. It is also the parent event of an administrative event.\n###Second concept Conference_Session:\nThe conference session is the parent of the industrial session and the demo session.\nAnswer yes or no:",
	"confOf#Event;ekaw#Social_Event": "Classify if the following two concepts are the same.\n###First concept Event:\nThe parent event of a working event is a social event. It is also the parent event of a banquet. It is also the parent event of a submission event. It is also the parent event of an administrative event.\n###Second concept Social_Event:\nThe social event is the parent of the conference trip and the conference banquet. It is also the parent of the scientific event which is also the parent of the tutorial.\nAnswer yes or no:",
	"confOf#Event;ekaw#Conference_Participant": "Classify if the following two concepts are the same.\n###First concept Event:\nThe parent event of a working event is a social event. It is also the parent event of a banquet. It is also the parent event of a submission event. It is also the parent event of an administrative event.\n###Second concept Conference_Participant:\nThe conference participant is the parent of the workshop chair and the program committee chair. The presenter is the invited speaker and the late registered participant is the presenter. The agency staff member is also a parent of the conference participant.\nAnswer yes or no:",
	"confOf#Event;ekaw#Scientific_Event": "Classify if the following two concepts are the same.\n###First concept Event:\nThe parent event of a working event is a social event. It is also the parent event of a banquet. It is also the parent event of a submission event. It is also the parent event of an administrative event.\n###Second concept Scientific_Event:\nThe scientific event is the parent of the workshop and the conference. It is also the parent of the social event. It is also the parent of the session, the regular session and the individual presentation.\nAnswer yes or no:",
	"confOf#Event;ekaw#Conference": "Classify if the following two concepts are the same.\n###First concept Event:\nThe parent event of a working event is a social event. It is also the parent event of a banquet. It is also the parent event of a submission event. It is also the parent event of an administrative event.\n###Second concept Conference:\nThe conference is the parent of the scientific event which is the parent of the poster session.\nAnswer yes or no:",
	"confOf#Contribution;ekaw#Person": "Classify if the following two concepts are the same.\n###First concept Contribution:\nThe contribution of a short paper is the parent of a poster and the child of Thing.\n###Second concept Person:\nThe parent of a conference participant is the presenter, the invited speaker, the agency staff member, the student, the paper author and the possible reviewer. The program committee member and the session chair are both members of the program committee.\nAnswer yes or no:",
	"confOf#Contribution;ekaw#Contributed_Talk": "Classify if the following two concepts are the same.\n###First concept Contribution:\nThe contribution of a short paper is the parent of a poster and the child of Thing.\n###Second concept Contributed_Talk:\nContributed talk is child of individual presentation which is child of a scientific event.\nAnswer yes or no:",
	"confOf#Organization;ekaw#Abstract": "Classify if the following two concepts are the same.\n###First concept Organization:\nThe parent company of the organization is the university.\n###Second concept Abstract:\nThe abstract is the parent of the tutorial abstract and the invited talk abstract. It is also the parent of review and negative review.\nAnswer yes or no:",
	"confOf#Organization;ekaw#Organising_Agency": "Classify if the following two concepts are the same.\n###First concept Organization:\nThe parent company of the organization is the university.\n###Second concept Organising_Agency:\nThe organising agency is a child of the organisation which is parented by an academic institution.\nAnswer yes or no:",
	"confOf#Organization;ekaw#Organisation": "Classify if the following two concepts are the same.\n###First concept Organization:\nThe parent company of the organization is the university.\n###Second concept Organisation:\nThe parent organisation is the academic institution, the research institute, the organising agency and the proceedings publisher.\nAnswer yes or no:",
	"confOf#Organization;ekaw#Agency_Staff_Member": "Classify if the following two concepts are the same.\n###First concept Organization:\nThe parent company of the organization is the university.\n###Second concept Agency_Staff_Member:\nThe agency staff member is the child of a person who is the parent of a possible reviewer. The program committee member is the child of a conference participant and the program committee chair is the child of an early registered participant.\nAnswer yes or no:",
	"confOf#Organization;ekaw#Conference": "Classify if the following two concepts are the same.\n###First concept Organization:\nThe parent company of the organization is the university.\n###Second concept Conference:\nThe conference is the parent of the scientific event which is the parent of the poster session.\nAnswer yes or no:",
	"confOf#Person;ekaw#Person": "Classify if the following two concepts are the same.\n###First concept Person:\nThe child of a Thing is the parent of a student and a science worker. The administrator is the parent of the author and the child is the child of a student.\n###Second concept Person:\nThe parent of a conference participant is the presenter, the invited speaker, the agency staff member, the student, the paper author and the possible reviewer. The program committee member and the session chair are both members of the program committee.\nAnswer yes or no:",
	"confOf#Person;ekaw#Paper_Author": "Classify if the following two concepts are the same.\n###First concept Person:\nThe child of a Thing is the parent of a student and a science worker. The administrator is the parent of the author and the child is the child of a student.\n###Second concept Paper_Author:\nThe paper author is a child of the person who is the parent of the student.\nAnswer yes or no:",
	"confOf#Person;ekaw#Student": "Classify if the following two concepts are the same.\n###First concept Person:\nThe child of a Thing is the parent of a student and a science worker. The administrator is the parent of the author and the child is the child of a student.\n###Second concept Student:\nThe student is a child of the person who is the parent of the possible reviewer. The program committee member is the parent of the session chair member.\nAnswer yes or no:",
	"confOf#Person;ekaw#Presenter": "Classify if the following two concepts are the same.\n###First concept Person:\nThe child of a Thing is the parent of a student and a science worker. The administrator is the parent of the author and the child is the child of a student.\n###Second concept Presenter:\nThe presenter is the parent of the invited speaker and the child of the conference participant and the agency staff member.\nAnswer yes or no:",
	"confOf#Company;ekaw#Industrial_Paper": "Classify if the following two concepts are the same.\n###First concept Company:\nThe company is child of the organization which is parented by the university.\n###Second concept Industrial_Paper:\nIndustrial paper is the child of paper and is the parent of demo paper.\nAnswer yes or no:",
	"confOf#Company;ekaw#Industrial_Session": "Classify if the following two concepts are the same.\n###First concept Company:\nThe company is child of the organization which is parented by the university.\n###Second concept Industrial_Session:\nThe industrial session is the child of the conference session. It is also the child of the social event which is the parent of the conference trip. The scientific event is also the child of the conference session.\nAnswer yes or no:",
	"confOf#Company;ekaw#Organisation": "Classify if the following two concepts are the same.\n###First concept Company:\nThe company is child of the organization which is parented by the university.\n###Second concept Organisation:\nThe parent organisation is the academic institution, the research institute, the organising agency and the proceedings publisher.\nAnswer yes or no:",
	"confOf#Company;ekaw#Web_Site": "Classify if the following two concepts are the same.\n###First concept Company:\nThe company is child of the organization which is parented by the university.\n###Second concept Web_Site:\nThe web site is a child of a document which is parented by paper.\nAnswer yes or no:",
	"confOf#University;ekaw#Academic_Institution": "Classify if the following two concepts are the same.\n###First concept University:\nThe university is the child of the organization which is parented by the company.\n###Second concept Academic_Institution:\nThe academic institution is parented by the university and the research institute. The university is the parent of the proceedings publisher.\nAnswer yes or no:",
	"confOf#University;ekaw#Organisation": "Classify if the following two concepts are the same.\n###First concept University:\nThe university is the child of the organization which is parented by the company.\n###Second concept Organisation:\nThe parent organisation is the academic institution, the research institute, the organising agency and the proceedings publisher.\nAnswer yes or no:",
	"confOf#University;ekaw#Conference": "Classify if the following two concepts are the same.\n###First concept University:\nThe university is the child of the organization which is parented by the company.\n###Second concept Conference:\nThe conference is the parent of the scientific event which is the parent of the poster session.\nAnswer yes or no:",
	"confOf#University;ekaw#University": "Classify if the following two concepts are the same.\n###First concept University:\nThe university is the child of the organization which is parented by the company.\n###Second concept University:\nThe university is a child of an academic institution which is a child of an organisation.\nAnswer yes or no:",
	"confOf#University;ekaw#Student": "Classify if the following two concepts are the same.\n###First concept University:\nThe university is the child of the organization which is parented by the company.\n###Second concept Student:\nThe student is a child of the person who is the parent of the possible reviewer. The program committee member is the parent of the session chair member.\nAnswer yes or no:",
	"confOf#Scholar;ekaw#Person": "Classify if the following two concepts are the same.\n###First concept Scholar:\nThe child of the scholar is the parent of the member program committee.\n###Second concept Person:\nThe parent of a conference participant is the presenter, the invited speaker, the agency staff member, the student, the paper author and the possible reviewer. The program committee member and the session chair are both members of the program committee.\nAnswer yes or no:",
	"confOf#Scholar;ekaw#Document": "Classify if the following two concepts are the same.\n###First concept Scholar:\nThe child of the scholar is the parent of the member program committee.\n###Second concept Document:\nThe parent document of the web site is the document that is the parent of the conference proceedings. The conference proceedings are also the parent of the document which is also the parent of the abstract and the invited talk abstract.\nAnswer yes or no:",
	"confOf#Scholar;ekaw#Paper_Author": "Classify if the following two concepts are the same.\n###First concept Scholar:\nThe child of the scholar is the parent of the member program committee.\n###Second concept Paper_Author:\nThe paper author is a child of the person who is the parent of the student.\nAnswer yes or no:",
	"confOf#Scholar;ekaw#Academic_Institution": "Classify if the following two concepts are the same.\n###First concept Scholar:\nThe child of the scholar is the parent of the member program committee.\n###Second concept Academic_Institution:\nThe academic institution is parented by the university and the research institute. The university is the parent of the proceedings publisher.\nAnswer yes or no:",
	"confOf#Scholar;ekaw#Research_Institute": "Classify if the following two concepts are the same.\n###First concept Scholar:\nThe child of the scholar is the parent of the member program committee.\n###Second concept Research_Institute:\nThe research institute is the child of the academic institution which is the parent of the university.\nAnswer yes or no:",
	"confOf#Scholar;ekaw#Scientific_Event": "Classify if the following two concepts are the same.\n###First concept Scholar:\nThe child of the scholar is the parent of the member program committee.\n###Second concept Scientific_Event:\nThe scientific event is the parent of the workshop and the conference. It is also the parent of the social event. It is also the parent of the session, the regular session and the individual presentation.\nAnswer yes or no:",
	"confOf#Scholar;ekaw#University": "Classify if the following two concepts are the same.\n###First concept Scholar:\nThe child of the scholar is the parent of the member program committee.\n###Second concept University:\nThe university is a child of an academic institution which is a child of an organisation.\nAnswer yes or no:",
	"confOf#Scholar;ekaw#Student": "Classify if the following two concepts are the same.\n###First concept Scholar:\nThe child of the scholar is the parent of the member program committee.\n###Second concept Student:\nThe student is a child of the person who is the parent of the possible reviewer. The program committee member is the parent of the session chair member.\nAnswer yes or no:",
	"confOf#Administrator;ekaw#Paper_Author": "Classify if the following two concepts are the same.\n###First concept Administrator:\nThe administrator is the child of the person who is the parent of the member program committee.\n###Second concept Paper_Author:\nThe paper author is a child of the person who is the parent of the student.\nAnswer yes or no:",
	"confOf#Administrator;ekaw#Organisation": "Classify if the following two concepts are the same.\n###First concept Administrator:\nThe administrator is the child of the person who is the parent of the member program committee.\n###Second concept Organisation:\nThe parent organisation is the academic institution, the research institute, the organising agency and the proceedings publisher.\nAnswer yes or no:",
	"confOf#Poster;ekaw#Paper": "Classify if the following two concepts are the same.\n###First concept Poster:\nThe poster is a child of a Thing.\n###Second concept Paper:\nPaper is the parent of flyer and conference papers. It is also the parent of industrial paper and workshop paper.\nAnswer yes or no:",
	"confOf#Poster;ekaw#Poster_Session": "Classify if the following two concepts are the same.\n###First concept Poster:\nThe poster is a child of a Thing.\n###Second concept Poster_Session:\nThe poster session is a child of a scientific event.\nAnswer yes or no:",
	"confOf#Poster;ekaw#Submitted_Paper": "Classify if the following two concepts are the same.\n###First concept Poster:\nThe poster is a child of a Thing.\n###Second concept Submitted_Paper:\nThe paper submitted is the child of the paper which is also the parent of the camera ready paper. The assigned paper is the parent of the evaluated paper.\nAnswer yes or no:",
	"confOf#Poster;ekaw#Poster_Paper": "Classify if the following two concepts are the same.\n###First concept Poster:\nThe poster is a child of a Thing.\n###Second concept Poster_Paper:\nThe poster paper is a child of paper which is parented by the submitted paper and the assigned paper.\nAnswer yes or no:",
	"confOf#Poster;ekaw#Demo_Paper": "Classify if the following two concepts are the same.\n###First concept Poster:\nThe poster is a child of a Thing.\n###Second concept Demo_Paper:\nDemo paper is a child of paper and is also a child of a document. Review is the parent of positive review.\nAnswer yes or no:",
	"confOf#Poster;ekaw#Flyer": "Classify if the following two concepts are the same.\n###First concept Poster:\nThe poster is a child of a Thing.\n###Second concept Flyer:\nThe flyer is a child of the document which is the parent of the web site.\nAnswer yes or no:",
	"confOf#Paper;ekaw#Accepted_Paper": "Classify if the following two concepts are the same.\n###First concept Paper:\nThe paper is a child of the Thing and the contribution.\n###Second concept Accepted_Paper:\nThe accepted paper is the child of the evaluated paper, the assigned paper is the child of the submitted paper and the parent of the camera ready paper.\nAnswer yes or no:",
	"confOf#Paper;ekaw#Rejected_Paper": "Classify if the following two concepts are the same.\n###First concept Paper:\nThe paper is a child of the Thing and the contribution.\n###Second concept Rejected_Paper:\nThe rejected paper is the child of the evaluated paper and the accepted paper.\nAnswer yes or no:",
	"confOf#Paper;ekaw#Workshop_Paper": "Classify if the following two concepts are the same.\n###First concept Paper:\nThe paper is a child of the Thing and the contribution.\n###Second concept Workshop_Paper:\nThe workshop paper is a child of the document.\nAnswer yes or no:",
	"confOf#Paper;ekaw#Industrial_Paper": "Classify if the following two concepts are the same.\n###First concept Paper:\nThe paper is a child of the Thing and the contribution.\n###Second concept Industrial_Paper:\nIndustrial paper is the child of paper and is the parent of demo paper.\nAnswer yes or no:",
	"confOf#Paper;ekaw#Paper": "Classify if the following two concepts are the same.\n###First concept Paper:\nThe paper is a child of the Thing and the contribution.\n###Second concept Paper:\nPaper is the parent of flyer and conference papers. It is also the parent of industrial paper and workshop paper.\nAnswer yes or no:",
	"confOf#Paper;ekaw#Conference_Paper": "Classify if the following two concepts are the same.\n###First concept Paper:\nThe paper is a child of the Thing and the contribution.\n###Second concept Conference_Paper:\nThe conference paper is the child of the workshop paper.\nAnswer yes or no:",
	"confOf#Paper;ekaw#Poster_Session": "Classify if the following two concepts are the same.\n###First concept Paper:\nThe paper is a child of the Thing and the contribution.\n###Second concept Poster_Session:\nThe poster session is a child of a scientific event.\nAnswer yes or no:",
	"confOf#Paper;ekaw#Document": "Classify if the following two concepts are the same.\n###First concept Paper:\nThe paper is a child of the Thing and the contribution.\n###Second concept Document:\nThe parent document of the web site is the document that is the parent of the conference proceedings. The conference proceedings are also the parent of the document which is also the parent of the abstract and the invited talk abstract.\nAnswer yes or no:",
	"confOf#Paper;ekaw#Paper_Author": "Classify if the following two concepts are the same.\n###First concept Paper:\nThe paper is a child of the Thing and the contribution.\n###Second concept Paper_Author:\nThe paper author is a child of the person who is the parent of the student.\nAnswer yes or no:",
	"confOf#Paper;ekaw#Submitted_Paper": "Classify if the following two concepts are the same.\n###First concept Paper:\nThe paper is a child of the Thing and the contribution.\n###Second concept Submitted_Paper:\nThe paper submitted is the child of the paper which is also the parent of the camera ready paper. The assigned paper is the parent of the evaluated paper.\nAnswer yes or no:",
	"confOf#Paper;ekaw#Poster_Paper": "Classify if the following two concepts are the same.\n###First concept Paper:\nThe paper is a child of the Thing and the contribution.\n###Second concept Poster_Paper:\nThe poster paper is a child of paper which is parented by the submitted paper and the assigned paper.\nAnswer yes or no:",
	"confOf#Paper;ekaw#Regular_Paper": "Classify if the following two concepts are the same.\n###First concept Paper:\nThe paper is a child of the Thing and the contribution.\n###Second concept Regular_Paper:\nThe regular paper is the child of paper and the parent of poster paper.\nAnswer yes or no:",
	"confOf#Paper;ekaw#Demo_Paper": "Classify if the following two concepts are the same.\n###First concept Paper:\nThe paper is a child of the Thing and the contribution.\n###Second concept Demo_Paper:\nDemo paper is a child of paper and is also a child of a document. Review is the parent of positive review.\nAnswer yes or no:",
	"confOf#Short_paper;ekaw#Accepted_Paper": "Classify if the following two concepts are the same.\n###First concept Short_paper:\nThe short paper is a child of contribution which is a child of Thing.\n###Second concept Accepted_Paper:\nThe accepted paper is the child of the evaluated paper, the assigned paper is the child of the submitted paper and the parent of the camera ready paper.\nAnswer yes or no:",
	"confOf#Short_paper;ekaw#Rejected_Paper": "Classify if the following two concepts are the same.\n###First concept Short_paper:\nThe short paper is a child of contribution which is a child of Thing.\n###Second concept Rejected_Paper:\nThe rejected paper is the child of the evaluated paper and the accepted paper.\nAnswer yes or no:",
	"confOf#Short_paper;ekaw#Evaluated_Paper": "Classify if the following two concepts are the same.\n###First concept Short_paper:\nThe short paper is a child of contribution which is a child of Thing.\n###Second concept Evaluated_Paper:\nThe evaluated paper is the parent of accepted paper and rejected paper. It is also the child of assigned paper and submitted paper. It is also the parent of industrial paper.\nAnswer yes or no:",
	"confOf#Short_paper;ekaw#Workshop_Paper": "Classify if the following two concepts are the same.\n###First concept Short_paper:\nThe short paper is a child of contribution which is a child of Thing.\n###Second concept Workshop_Paper:\nThe workshop paper is a child of the document.\nAnswer yes or no:",
	"confOf#Short_paper;ekaw#Industrial_Paper": "Classify if the following two concepts are the same.\n###First concept Short_paper:\nThe short paper is a child of contribution which is a child of Thing.\n###Second concept Industrial_Paper:\nIndustrial paper is the child of paper and is the parent of demo paper.\nAnswer yes or no:",
	"confOf#Short_paper;ekaw#Paper": "Classify if the following two concepts are the same.\n###First concept Short_paper:\nThe short paper is a child of contribution which is a child of Thing.\n###Second concept Paper:\nPaper is the parent of flyer and conference papers. It is also the parent of industrial paper and workshop paper.\nAnswer yes or no:",
	"confOf#Short_paper;ekaw#Conference_Paper": "Classify if the following two concepts are the same.\n###First concept Short_paper:\nThe short paper is a child of contribution which is a child of Thing.\n###Second concept Conference_Paper:\nThe conference paper is the child of the workshop paper.\nAnswer yes or no:",
	"confOf#Short_paper;ekaw#Document": "Classify if the following two concepts are the same.\n###First concept Short_paper:\nThe short paper is a child of contribution which is a child of Thing.\n###Second concept Document:\nThe parent document of the web site is the document that is the parent of the conference proceedings. The conference proceedings are also the parent of the document which is also the parent of the abstract and the invited talk abstract.\nAnswer yes or no:",
	"confOf#Short_paper;ekaw#Submitted_Paper": "Classify if the following two concepts are the same.\n###First concept Short_paper:\nThe short paper is a child of contribution which is a child of Thing.\n###Second concept Submitted_Paper:\nThe paper submitted is the child of the paper which is also the parent of the camera ready paper. The assigned paper is the parent of the evaluated paper.\nAnswer yes or no:",
	"confOf#Short_paper;ekaw#Assigned_Paper": "Classify if the following two concepts are the same.\n###First concept Short_paper:\nThe short paper is a child of contribution which is a child of Thing.\n###Second concept Assigned_Paper:\nThe assigned paper is the parent of the evaluated paper, the accepted paper and the submitted paper. The paper is also the parent of the camera ready paper.\nAnswer yes or no:",
	"confOf#Short_paper;ekaw#Poster_Paper": "Classify if the following two concepts are the same.\n###First concept Short_paper:\nThe short paper is a child of contribution which is a child of Thing.\n###Second concept Poster_Paper:\nThe poster paper is a child of paper which is parented by the submitted paper and the assigned paper.\nAnswer yes or no:",
	"confOf#Short_paper;ekaw#Regular_Paper": "Classify if the following two concepts are the same.\n###First concept Short_paper:\nThe short paper is a child of contribution which is a child of Thing.\n###Second concept Regular_Paper:\nThe regular paper is the child of paper and the parent of poster paper.\nAnswer yes or no:",
	"confOf#Short_paper;ekaw#Demo_Paper": "Classify if the following two concepts are the same.\n###First concept Short_paper:\nThe short paper is a child of contribution which is a child of Thing.\n###Second concept Demo_Paper:\nDemo paper is a child of paper and is also a child of a document. Review is the parent of positive review.\nAnswer yes or no:",
	"confOf#Reviewing_results_event;ekaw#Review": "Classify if the following two concepts are the same.\n###First concept Reviewing_results_event:\nThe review of results event is a child of the administrative event which is parented by the camera ready event.\n###Second concept Review:\nReview is the parent of both the positive review and the neutral review. It is the parent of the conference proceedings and the multi author volume.\nAnswer yes or no:",
	"confOf#Administrative_event;ekaw#Event": "Classify if the following two concepts are the same.\n###First concept Administrative_event:\nThe administrative event is the parent of the social event, the reception and the submission event. It is also the parent of the registration of participants event.\n###Second concept Event:\nThe social event is the parent of the scientific event, the individual presentation, the tutorial and the conference trip.\nAnswer yes or no:",
	"confOf#Administrative_event;ekaw#Social_Event": "Classify if the following two concepts are the same.\n###First concept Administrative_event:\nThe administrative event is the parent of the social event, the reception and the submission event. It is also the parent of the registration of participants event.\n###Second concept Social_Event:\nThe social event is the parent of the conference trip and the conference banquet. It is also the parent of the scientific event which is also the parent of the tutorial.\nAnswer yes or no:",
	"confOf#Administrative_event;ekaw#Scientific_Event": "Classify if the following two concepts are the same.\n###First concept Administrative_event:\nThe administrative event is the parent of the social event, the reception and the submission event. It is also the parent of the registration of participants event.\n###Second concept Scientific_Event:\nThe scientific event is the parent of the workshop and the conference. It is also the parent of the social event. It is also the parent of the session, the regular session and the individual presentation.\nAnswer yes or no:",
	"confOf#Administrative_event;ekaw#Agency_Staff_Member": "Classify if the following two concepts are the same.\n###First concept Administrative_event:\nThe administrative event is the parent of the social event, the reception and the submission event. It is also the parent of the registration of participants event.\n###Second concept Agency_Staff_Member:\nThe agency staff member is the child of a person who is the parent of a possible reviewer. The program committee member is the child of a conference participant and the program committee chair is the child of an early registered participant.\nAnswer yes or no:",
	"confOf#Reviewing_event;ekaw#Event": "Classify if the following two concepts are the same.\n###First concept Reviewing_event:\nThe review event is a child of the administrative event.\n###Second concept Event:\nThe social event is the parent of the scientific event, the individual presentation, the tutorial and the conference trip.\nAnswer yes or no:",
	"confOf#Reviewing_event;ekaw#Social_Event": "Classify if the following two concepts are the same.\n###First concept Reviewing_event:\nThe review event is a child of the administrative event.\n###Second concept Social_Event:\nThe social event is the parent of the conference trip and the conference banquet. It is also the parent of the scientific event which is also the parent of the tutorial.\nAnswer yes or no:",
	"confOf#Reviewing_event;ekaw#Review": "Classify if the following two concepts are the same.\n###First concept Reviewing_event:\nThe review event is a child of the administrative event.\n###Second concept Review:\nReview is the parent of both the positive review and the neutral review. It is the parent of the conference proceedings and the multi author volume.\nAnswer yes or no:",
	"confOf#Reviewing_event;ekaw#Scientific_Event": "Classify if the following two concepts are the same.\n###First concept Reviewing_event:\nThe review event is a child of the administrative event.\n###Second concept Scientific_Event:\nThe scientific event is the parent of the workshop and the conference. It is also the parent of the social event. It is also the parent of the session, the regular session and the individual presentation.\nAnswer yes or no:",
	"confOf#Registration_of_participants_event;ekaw#Event": "Classify if the following two concepts are the same.\n###First concept Registration_of_participants_event:\nThe registration of participants event is a child of the administrative event which is also a child of the social event which is also a parent of a trip.\n###Second concept Event:\nThe social event is the parent of the scientific event, the individual presentation, the tutorial and the conference trip.\nAnswer yes or no:",
	"confOf#Registration_of_participants_event;ekaw#Conference_Participant": "Classify if the following two concepts are the same.\n###First concept Registration_of_participants_event:\nThe registration of participants event is a child of the administrative event which is also a child of the social event which is also a parent of a trip.\n###Second concept Conference_Participant:\nThe conference participant is the parent of the workshop chair and the program committee chair. The presenter is the invited speaker and the late registered participant is the presenter. The agency staff member is also a parent of the conference participant.\nAnswer yes or no:",
	"confOf#Registration_of_participants_event;ekaw#Early-Registered_Participant": "Classify if the following two concepts are the same.\n###First concept Registration_of_participants_event:\nThe registration of participants event is a child of the administrative event which is also a child of the social event which is also a parent of a trip.\n###Second concept Early-Registered_Participant:\nThe early registered participant is the child of the conference participant and the parent of the paper author.\nAnswer yes or no:",
	"confOf#Registration_of_participants_event;ekaw#Late-Registered_Participant": "Classify if the following two concepts are the same.\n###First concept Registration_of_participants_event:\nThe registration of participants event is a child of the administrative event which is also a child of the social event which is also a parent of a trip.\n###Second concept Late-Registered_Participant:\nThe late registered participant is a child of a conference participant who is also a child of a person.\nAnswer yes or no:",
	"confOf#Submission_event;ekaw#Event": "Classify if the following two concepts are the same.\n###First concept Submission_event:\nThe submission event is a child of the administrative event which is the parent of the reviewing event.\n###Second concept Event:\nThe social event is the parent of the scientific event, the individual presentation, the tutorial and the conference trip.\nAnswer yes or no:",
	"confOf#Submission_event;ekaw#Social_Event": "Classify if the following two concepts are the same.\n###First concept Submission_event:\nThe submission event is a child of the administrative event which is the parent of the reviewing event.\n###Second concept Social_Event:\nThe social event is the parent of the conference trip and the conference banquet. It is also the parent of the scientific event which is also the parent of the tutorial.\nAnswer yes or no:",
	"confOf#Submission_event;ekaw#Conference_Participant": "Classify if the following two concepts are the same.\n###First concept Submission_event:\nThe submission event is a child of the administrative event which is the parent of the reviewing event.\n###Second concept Conference_Participant:\nThe conference participant is the parent of the workshop chair and the program committee chair. The presenter is the invited speaker and the late registered participant is the presenter. The agency staff member is also a parent of the conference participant.\nAnswer yes or no:",
	"confOf#Submission_event;ekaw#Submitted_Paper": "Classify if the following two concepts are the same.\n###First concept Submission_event:\nThe submission event is a child of the administrative event which is the parent of the reviewing event.\n###Second concept Submitted_Paper:\nThe paper submitted is the child of the paper which is also the parent of the camera ready paper. The assigned paper is the parent of the evaluated paper.\nAnswer yes or no:",
	"confOf#Submission_event;ekaw#Scientific_Event": "Classify if the following two concepts are the same.\n###First concept Submission_event:\nThe submission event is a child of the administrative event which is the parent of the reviewing event.\n###Second concept Scientific_Event:\nThe scientific event is the parent of the workshop and the conference. It is also the parent of the social event. It is also the parent of the session, the regular session and the individual presentation.\nAnswer yes or no:",
	"confOf#Camera_Ready_event;ekaw#Event": "Classify if the following two concepts are the same.\n###First concept Camera_Ready_event:\nThe camera ready event is a child of the administrative event and the working event. The workshop is also a child of the working event.\n###Second concept Event:\nThe social event is the parent of the scientific event, the individual presentation, the tutorial and the conference trip.\nAnswer yes or no:",
	"confOf#Camera_Ready_event;ekaw#Camera_Ready_Paper": "Classify if the following two concepts are the same.\n###First concept Camera_Ready_event:\nThe camera ready event is a child of the administrative event and the working event. The workshop is also a child of the working event.\n###Second concept Camera_Ready_Paper:\nThe camera ready paper is a child of paper which is the parent of poster paper.\nAnswer yes or no:",
	"confOf#Workshop;ekaw#Workshop_Paper": "Classify if the following two concepts are the same.\n###First concept Workshop:\nThe workshop is a child of a working event which is parented by an administrative event.\n###Second concept Workshop_Paper:\nThe workshop paper is a child of the document.\nAnswer yes or no:",
	"confOf#Workshop;ekaw#Industrial_Paper": "Classify if the following two concepts are the same.\n###First concept Workshop:\nThe workshop is a child of a working event which is parented by an administrative event.\n###Second concept Industrial_Paper:\nIndustrial paper is the child of paper and is the parent of demo paper.\nAnswer yes or no:",
	"confOf#Workshop;ekaw#Conference_Paper": "Classify if the following two concepts are the same.\n###First concept Workshop:\nThe workshop is a child of a working event which is parented by an administrative event.\n###Second concept Conference_Paper:\nThe conference paper is the child of the workshop paper.\nAnswer yes or no:",
	"confOf#Workshop;ekaw#Conference_Session": "Classify if the following two concepts are the same.\n###First concept Workshop:\nThe workshop is a child of a working event which is parented by an administrative event.\n###Second concept Conference_Session:\nThe conference session is the parent of the industrial session and the demo session.\nAnswer yes or no:",
	"confOf#Workshop;ekaw#Tutorial_Abstract": "Classify if the following two concepts are the same.\n###First concept Workshop:\nThe workshop is a child of a working event which is parented by an administrative event.\n###Second concept Tutorial_Abstract:\nThe abstract of a tutorial is a child of the flyer.\nAnswer yes or no:",
	"confOf#Workshop;ekaw#Conference_Participant": "Classify if the following two concepts are the same.\n###First concept Workshop:\nThe workshop is a child of a working event which is parented by an administrative event.\n###Second concept Conference_Participant:\nThe conference participant is the parent of the workshop chair and the program committee chair. The presenter is the invited speaker and the late registered participant is the presenter. The agency staff member is also a parent of the conference participant.\nAnswer yes or no:",
	"confOf#Workshop;ekaw#Workshop_Session": "Classify if the following two concepts are the same.\n###First concept Workshop:\nThe workshop is a child of a working event which is parented by an administrative event.\n###Second concept Workshop_Session:\nThe workshop session is the child of the poster session.\nAnswer yes or no:",
	"confOf#Workshop;ekaw#Workshop": "Classify if the following two concepts are the same.\n###First concept Workshop:\nThe workshop is a child of a working event which is parented by an administrative event.\n###Second concept Workshop:\nThe workshop is a child of a scientific event which is parented by a social event.\nAnswer yes or no:",
	"confOf#Workshop;ekaw#Contributed_Talk": "Classify if the following two concepts are the same.\n###First concept Workshop:\nThe workshop is a child of a working event which is parented by an administrative event.\n###Second concept Contributed_Talk:\nContributed talk is child of individual presentation which is child of a scientific event.\nAnswer yes or no:",
	"confOf#Workshop;ekaw#Conference": "Classify if the following two concepts are the same.\n###First concept Workshop:\nThe workshop is a child of a working event which is parented by an administrative event.\n###Second concept Conference:\nThe conference is the parent of the scientific event which is the parent of the poster session.\nAnswer yes or no:",
	"confOf#Workshop;ekaw#Tutorial_Chair": "Classify if the following two concepts are the same.\n###First concept Workshop:\nThe workshop is a child of a working event which is parented by an administrative event.\n###Second concept Tutorial_Chair:\nThe child of a conference participant is the child of a program committee member and a possible reviewer. The child of a program committee member is the child of a parent of an agency staff member.\nAnswer yes or no:",
	"confOf#Workshop;ekaw#Proceedings": "Classify if the following two concepts are the same.\n###First concept Workshop:\nThe workshop is a child of a working event which is parented by an administrative event.\n###Second concept Proceedings:\nThe conference proceedings are parented to the conference proceedings. The abstract and the tutorial abstract are also parented to the multi author volume.\nAnswer yes or no:",
	"confOf#Workshop;ekaw#Programme_Brochure": "Classify if the following two concepts are the same.\n###First concept Workshop:\nThe workshop is a child of a working event which is parented by an administrative event.\n###Second concept Programme_Brochure:\nThe programme brochure is a child of document which is parented by paper.\nAnswer yes or no:",
	"confOf#Workshop;ekaw#Workshop_Chair": "Classify if the following two concepts are the same.\n###First concept Workshop:\nThe workshop is a child of a working event which is parented by an administrative event.\n###Second concept Workshop_Chair:\nThe workshop chair is the child of a conference participant, a student and a program committee member. The session chair is also a child of a program committee member.\nAnswer yes or no:",
	"confOf#Workshop;ekaw#Conference_Proceedings": "Classify if the following two concepts are the same.\n###First concept Workshop:\nThe workshop is a child of a working event which is parented by an administrative event.\n###Second concept Conference_Proceedings:\nThe multi author volume is a child of the proceedings of a conference. The document is the parent of the review which is the parent of the positive review.\nAnswer yes or no:",
	"confOf#Conference;ekaw#Event": "Classify if the following two concepts are the same.\n###First concept Conference:\nThe conference is the child of the working event and the parent of the tutorial.\n###Second concept Event:\nThe social event is the parent of the scientific event, the individual presentation, the tutorial and the conference trip.\nAnswer yes or no:",
	"confOf#Conference;ekaw#Conference_Paper": "Classify if the following two concepts are the same.\n###First concept Conference:\nThe conference is the child of the working event and the parent of the tutorial.\n###Second concept Conference_Paper:\nThe conference paper is the child of the workshop paper.\nAnswer yes or no:",
	"confOf#Conference;ekaw#Conference_Session": "Classify if the following two concepts are the same.\n###First concept Conference:\nThe conference is the child of the working event and the parent of the tutorial.\n###Second concept Conference_Session:\nThe conference session is the parent of the industrial session and the demo session.\nAnswer yes or no:",
	"confOf#Conference;ekaw#Conference_Trip": "Classify if the following two concepts are the same.\n###First concept Conference:\nThe conference is the child of the working event and the parent of the tutorial.\n###Second concept Conference_Trip:\nThe conference trip is a child of a social event which is parented by a scientific event which is also parented by a track.\nAnswer yes or no:",
	"confOf#Conference;ekaw#Conference_Participant": "Classify if the following two concepts are the same.\n###First concept Conference:\nThe conference is the child of the working event and the parent of the tutorial.\n###Second concept Conference_Participant:\nThe conference participant is the parent of the workshop chair and the program committee chair. The presenter is the invited speaker and the late registered participant is the presenter. The agency staff member is also a parent of the conference participant.\nAnswer yes or no:",
	"confOf#Conference;ekaw#Invited_Talk": "Classify if the following two concepts are the same.\n###First concept Conference:\nThe conference is the child of the working event and the parent of the tutorial.\n###Second concept Invited_Talk:\nThe invited talk is the child of the individual presentation and the contributed talk.\nAnswer yes or no:",
	"confOf#Conference;ekaw#Workshop": "Classify if the following two concepts are the same.\n###First concept Conference:\nThe conference is the child of the working event and the parent of the tutorial.\n###Second concept Workshop:\nThe workshop is a child of a scientific event which is parented by a social event.\nAnswer yes or no:",
	"confOf#Conference;ekaw#Contributed_Talk": "Classify if the following two concepts are the same.\n###First concept Conference:\nThe conference is the child of the working event and the parent of the tutorial.\n###Second concept Contributed_Talk:\nContributed talk is child of individual presentation which is child of a scientific event.\nAnswer yes or no:",
	"confOf#Conference;ekaw#Conference": "Classify if the following two concepts are the same.\n###First concept Conference:\nThe conference is the child of the working event and the parent of the tutorial.\n###Second concept Conference:\nThe conference is the parent of the scientific event which is the parent of the poster session.\nAnswer yes or no:",
	"confOf#Conference;ekaw#Proceedings": "Classify if the following two concepts are the same.\n###First concept Conference:\nThe conference is the child of the working event and the parent of the tutorial.\n###Second concept Proceedings:\nThe conference proceedings are parented to the conference proceedings. The abstract and the tutorial abstract are also parented to the multi author volume.\nAnswer yes or no:",
	"confOf#Conference;ekaw#Conference_Banquet": "Classify if the following two concepts are the same.\n###First concept Conference:\nThe conference is the child of the working event and the parent of the tutorial.\n###Second concept Conference_Banquet:\nThe conference banquet is the child of the social event which is the parent of the conference trip.\nAnswer yes or no:",
	"confOf#Conference;ekaw#Conference_Proceedings": "Classify if the following two concepts are the same.\n###First concept Conference:\nThe conference is the child of the working event and the parent of the tutorial.\n###Second concept Conference_Proceedings:\nThe multi author volume is a child of the proceedings of a conference. The document is the parent of the review which is the parent of the positive review.\nAnswer yes or no:",
	"confOf#Conference;ekaw#University": "Classify if the following two concepts are the same.\n###First concept Conference:\nThe conference is the child of the working event and the parent of the tutorial.\n###Second concept University:\nThe university is a child of an academic institution which is a child of an organisation.\nAnswer yes or no:",
	"confOf#Tutorial;ekaw#Tutorial_Abstract": "Classify if the following two concepts are the same.\n###First concept Tutorial:\nThe tutorial is child of the working event which is parented by the conference.\n###Second concept Tutorial_Abstract:\nThe abstract of a tutorial is a child of the flyer.\nAnswer yes or no:",
	"confOf#Tutorial;ekaw#Demo_Paper": "Classify if the following two concepts are the same.\n###First concept Tutorial:\nThe tutorial is child of the working event which is parented by the conference.\n###Second concept Demo_Paper:\nDemo paper is a child of paper and is also a child of a document. Review is the parent of positive review.\nAnswer yes or no:",
	"confOf#Tutorial;ekaw#Tutorial": "Classify if the following two concepts are the same.\n###First concept Tutorial:\nThe tutorial is child of the working event which is parented by the conference.\n###Second concept Tutorial:\nThe individual presentation is the child of a scientific event which is parented by a social event. The conference banquet is also a social event.\nAnswer yes or no:",
	"confOf#Tutorial;ekaw#Tutorial_Chair": "Classify if the following two concepts are the same.\n###First concept Tutorial:\nThe tutorial is child of the working event which is parented by the conference.\n###Second concept Tutorial_Chair:\nThe child of a conference participant is the child of a program committee member and a possible reviewer. The child of a program committee member is the child of a parent of an agency staff member.\nAnswer yes or no:",
	"confOf#Tutorial;ekaw#Web_Site": "Classify if the following two concepts are the same.\n###First concept Tutorial:\nThe tutorial is child of the working event which is parented by the conference.\n###Second concept Web_Site:\nThe web site is a child of a document which is parented by paper.\nAnswer yes or no:",
	"confOf#Working_event;ekaw#Event": "Classify if the following two concepts are the same.\n###First concept Working_event:\nThe working event is the child of the social event. It is the parent of the banquet, the conference and the workshop.\n###Second concept Event:\nThe social event is the parent of the scientific event, the individual presentation, the tutorial and the conference trip.\nAnswer yes or no:",
	"confOf#Working_event;ekaw#Social_Event": "Classify if the following two concepts are the same.\n###First concept Working_event:\nThe working event is the child of the social event. It is the parent of the banquet, the conference and the workshop.\n###Second concept Social_Event:\nThe social event is the parent of the conference trip and the conference banquet. It is also the parent of the scientific event which is also the parent of the tutorial.\nAnswer yes or no:",
	"confOf#Working_event;ekaw#Scientific_Event": "Classify if the following two concepts are the same.\n###First concept Working_event:\nThe working event is the child of the social event. It is the parent of the banquet, the conference and the workshop.\n###Second concept Scientific_Event:\nThe scientific event is the parent of the workshop and the conference. It is also the parent of the social event. It is also the parent of the session, the regular session and the individual presentation.\nAnswer yes or no:",
	"confOf#Member;ekaw#Person": "Classify if the following two concepts are the same.\n###First concept Member:\nThe child of the participant is the child of the person who is the parent of the chair program committee.\n###Second concept Person:\nThe parent of a conference participant is the presenter, the invited speaker, the agency staff member, the student, the paper author and the possible reviewer. The program committee member and the session chair are both members of the program committee.\nAnswer yes or no:",
	"confOf#Member;ekaw#Agency_Staff_Member": "Classify if the following two concepts are the same.\n###First concept Member:\nThe child of the participant is the child of the person who is the parent of the chair program committee.\n###Second concept Agency_Staff_Member:\nThe agency staff member is the child of a person who is the parent of a possible reviewer. The program committee member is the child of a conference participant and the program committee chair is the child of an early registered participant.\nAnswer yes or no:",
	"confOf#Member;ekaw#Invited_Talk": "Classify if the following two concepts are the same.\n###First concept Member:\nThe child of the participant is the child of the person who is the parent of the chair program committee.\n###Second concept Invited_Talk:\nThe invited talk is the child of the individual presentation and the contributed talk.\nAnswer yes or no:",
	"confOf#Member;ekaw#PC_Member": "Classify if the following two concepts are the same.\n###First concept Member:\nThe child of the participant is the child of the person who is the parent of the chair program committee.\n###Second concept PC_Member:\nThe program committee chair is the parent of the conference participant, the tutorial chair and the session chair. The program committee member is also the parent of the workshop chair and the program committee member is the parent of the workshop chair. The child of the program committee member is the child of the paper author and the child of the possible reviewer.\nAnswer yes or no:",
	"confOf#Member;ekaw#Student": "Classify if the following two concepts are the same.\n###First concept Member:\nThe child of the participant is the child of the person who is the parent of the chair program committee.\n###Second concept Student:\nThe student is a child of the person who is the parent of the possible reviewer. The program committee member is the parent of the session chair member.\nAnswer yes or no:",
	"confOf#Member;ekaw#SC_Member": "Classify if the following two concepts are the same.\n###First concept Member:\nThe child of the participant is the child of the person who is the parent of the chair program committee.\n###Second concept SC_Member:\nThe session chair member is a child of a program committee member and a possible reviewer. The parent of a student is also a child of a possible reviewer.\nAnswer yes or no:",
	"confOf#Participant;ekaw#Event": "Classify if the following two concepts are the same.\n###First concept Participant:\nThe child of a participant is the child of a person who is a member of Thing. The student and the regular participant are both parents of the same participant.\n###Second concept Event:\nThe social event is the parent of the scientific event, the individual presentation, the tutorial and the conference trip.\nAnswer yes or no:",
	"confOf#Participant;ekaw#Person": "Classify if the following two concepts are the same.\n###First concept Participant:\nThe child of a participant is the child of a person who is a member of Thing. The student and the regular participant are both parents of the same participant.\n###Second concept Person:\nThe parent of a conference participant is the presenter, the invited speaker, the agency staff member, the student, the paper author and the possible reviewer. The program committee member and the session chair are both members of the program committee.\nAnswer yes or no:",
	"confOf#Participant;ekaw#Conference_Participant": "Classify if the following two concepts are the same.\n###First concept Participant:\nThe child of a participant is the child of a person who is a member of Thing. The student and the regular participant are both parents of the same participant.\n###Second concept Conference_Participant:\nThe conference participant is the parent of the workshop chair and the program committee chair. The presenter is the invited speaker and the late registered participant is the presenter. The agency staff member is also a parent of the conference participant.\nAnswer yes or no:",
	"confOf#Participant;ekaw#Scientific_Event": "Classify if the following two concepts are the same.\n###First concept Participant:\nThe child of a participant is the child of a person who is a member of Thing. The student and the regular participant are both parents of the same participant.\n###Second concept Scientific_Event:\nThe scientific event is the parent of the workshop and the conference. It is also the parent of the social event. It is also the parent of the session, the regular session and the individual presentation.\nAnswer yes or no:",
	"confOf#Participant;ekaw#Workshop": "Classify if the following two concepts are the same.\n###First concept Participant:\nThe child of a participant is the child of a person who is a member of Thing. The student and the regular participant are both parents of the same participant.\n###Second concept Workshop:\nThe workshop is a child of a scientific event which is parented by a social event.\nAnswer yes or no:",
	"confOf#Participant;ekaw#Individual_Presentation": "Classify if the following two concepts are the same.\n###First concept Participant:\nThe child of a participant is the child of a person who is a member of Thing. The student and the regular participant are both parents of the same participant.\n###Second concept Individual_Presentation:\nThe individual presentation is the parent of the contributed talk and the invited talk. It is also the child of the scientific event, the conference and the tutorial.\nAnswer yes or no:",
	"confOf#Participant;ekaw#Student": "Classify if the following two concepts are the same.\n###First concept Participant:\nThe child of a participant is the child of a person who is a member of Thing. The student and the regular participant are both parents of the same participant.\n###Second concept Student:\nThe student is a child of the person who is the parent of the possible reviewer. The program committee member is the parent of the session chair member.\nAnswer yes or no:",
	"confOf#Participant;ekaw#Invited_Speaker": "Classify if the following two concepts are the same.\n###First concept Participant:\nThe child of a participant is the child of a person who is a member of Thing. The student and the regular participant are both parents of the same participant.\n###Second concept Invited_Speaker:\nThe invited speaker is a child of the presenter and the conference participant.\nAnswer yes or no:",
	"confOf#Participant;ekaw#Presenter": "Classify if the following two concepts are the same.\n###First concept Participant:\nThe child of a participant is the child of a person who is a member of Thing. The student and the regular participant are both parents of the same participant.\n###Second concept Presenter:\nThe presenter is the parent of the invited speaker and the child of the conference participant and the agency staff member.\nAnswer yes or no:",
	"confOf#Member_PC;ekaw#PC_Chair": "Classify if the following two concepts are the same.\n###First concept Member_PC:\nThe member program committee is child of the person who is the child of a Thing.\n###Second concept PC_Chair:\nThe program committee chair is the child of the program committee member and the workshop chair. The workshop chair is the child of a conference participant.\nAnswer yes or no:",
	"confOf#Member_PC;ekaw#PC_Member": "Classify if the following two concepts are the same.\n###First concept Member_PC:\nThe member program committee is child of the person who is the child of a Thing.\n###Second concept PC_Member:\nThe program committee chair is the parent of the conference participant, the tutorial chair and the session chair. The program committee member is also the parent of the workshop chair and the program committee member is the parent of the workshop chair. The child of the program committee member is the child of the paper author and the child of the possible reviewer.\nAnswer yes or no:",
	"confOf#Chair_PC;ekaw#PC_Chair": "Classify if the following two concepts are the same.\n###First concept Chair_PC:\nThe chair of the program committee is a child of a Thing.\n###Second concept PC_Chair:\nThe program committee chair is the child of the program committee member and the workshop chair. The workshop chair is the child of a conference participant.\nAnswer yes or no:",
	"confOf#Chair_PC;ekaw#PC_Member": "Classify if the following two concepts are the same.\n###First concept Chair_PC:\nThe chair of the program committee is a child of a Thing.\n###Second concept PC_Member:\nThe program committee chair is the parent of the conference participant, the tutorial chair and the session chair. The program committee member is also the parent of the workshop chair and the program committee member is the parent of the workshop chair. The child of the program committee member is the child of the paper author and the child of the possible reviewer.\nAnswer yes or no:",
	"confOf#Chair_PC;ekaw#Workshop_Chair": "Classify if the following two concepts are the same.\n###First concept Chair_PC:\nThe chair of the program committee is a child of a Thing.\n###Second concept Workshop_Chair:\nThe workshop chair is the child of a conference participant, a student and a program committee member. The session chair is also a child of a program committee member.\nAnswer yes or no:",
	"confOf#Student;ekaw#Person": "Classify if the following two concepts are the same.\n###First concept Student:\nThe student is the child of a person who is the parent of the chair program committee.\n###Second concept Person:\nThe parent of a conference participant is the presenter, the invited speaker, the agency staff member, the student, the paper author and the possible reviewer. The program committee member and the session chair are both members of the program committee.\nAnswer yes or no:",
	"confOf#Student;ekaw#Academic_Institution": "Classify if the following two concepts are the same.\n###First concept Student:\nThe student is the child of a person who is the parent of the chair program committee.\n###Second concept Academic_Institution:\nThe academic institution is parented by the university and the research institute. The university is the parent of the proceedings publisher.\nAnswer yes or no:",
	"confOf#Student;ekaw#University": "Classify if the following two concepts are the same.\n###First concept Student:\nThe student is the child of a person who is the parent of the chair program committee.\n###Second concept University:\nThe university is a child of an academic institution which is a child of an organisation.\nAnswer yes or no:",
	"confOf#Student;ekaw#Student": "Classify if the following two concepts are the same.\n###First concept Student:\nThe student is the child of a person who is the parent of the chair program committee.\n###Second concept Student:\nThe student is a child of the person who is the parent of the possible reviewer. The program committee member is the parent of the session chair member.\nAnswer yes or no:",
	"confOf#Science_Worker;ekaw#Academic_Institution": "Classify if the following two concepts are the same.\n###First concept Science_Worker:\nThe child of a science worker is the parent of a chair program committee.\n###Second concept Academic_Institution:\nThe academic institution is parented by the university and the research institute. The university is the parent of the proceedings publisher.\nAnswer yes or no:",
	"confOf#Science_Worker;ekaw#Research_Institute": "Classify if the following two concepts are the same.\n###First concept Science_Worker:\nThe child of a science worker is the parent of a chair program committee.\n###Second concept Research_Institute:\nThe research institute is the child of the academic institution which is the parent of the university.\nAnswer yes or no:",
	"confOf#Science_Worker;ekaw#Scientific_Event": "Classify if the following two concepts are the same.\n###First concept Science_Worker:\nThe child of a science worker is the parent of a chair program committee.\n###Second concept Scientific_Event:\nThe scientific event is the parent of the workshop and the conference. It is also the parent of the social event. It is also the parent of the session, the regular session and the individual presentation.\nAnswer yes or no:",
	"confOf#Science_Worker;ekaw#Workshop": "Classify if the following two concepts are the same.\n###First concept Science_Worker:\nThe child of a science worker is the parent of a chair program committee.\n###Second concept Workshop:\nThe workshop is a child of a scientific event which is parented by a social event.\nAnswer yes or no:",
	"confOf#Science_Worker;ekaw#Student": "Classify if the following two concepts are the same.\n###First concept Science_Worker:\nThe child of a science worker is the parent of a chair program committee.\n###Second concept Student:\nThe student is a child of the person who is the parent of the possible reviewer. The program committee member is the parent of the session chair member.\nAnswer yes or no:",
	"confOf#Assistant;ekaw#Organisation": "Classify if the following two concepts are the same.\n###First concept Assistant:\nThe assistant is a child of a person who is also a child of a Thing.\n###Second concept Organisation:\nThe parent organisation is the academic institution, the research institute, the organising agency and the proceedings publisher.\nAnswer yes or no:",
	"confOf#Assistant;ekaw#Agency_Staff_Member": "Classify if the following two concepts are the same.\n###First concept Assistant:\nThe assistant is a child of a person who is also a child of a Thing.\n###Second concept Agency_Staff_Member:\nThe agency staff member is the child of a person who is the parent of a possible reviewer. The program committee member is the child of a conference participant and the program committee chair is the child of an early registered participant.\nAnswer yes or no:",
	"confOf#Regular;ekaw#Regular_Session": "Classify if the following two concepts are the same.\n###First concept Regular:\nThe child of a participant is a regular.\n###Second concept Regular_Session:\nThe regular session is the child of the scientific event which is the parent of the workshop.\nAnswer yes or no:",
	"confOf#Regular;ekaw#Regular_Paper": "Classify if the following two concepts are the same.\n###First concept Regular:\nThe child of a participant is a regular.\n###Second concept Regular_Paper:\nThe regular paper is the child of paper and the parent of poster paper.\nAnswer yes or no:",
	"confOf#Author;ekaw#Person": "Classify if the following two concepts are the same.\n###First concept Author:\nThe author is the child of the person who is the parent of the scholar.\n###Second concept Person:\nThe parent of a conference participant is the presenter, the invited speaker, the agency staff member, the student, the paper author and the possible reviewer. The program committee member and the session chair are both members of the program committee.\nAnswer yes or no:",
	"confOf#Author;ekaw#Paper_Author": "Classify if the following two concepts are the same.\n###First concept Author:\nThe author is the child of the person who is the parent of the scholar.\n###Second concept Paper_Author:\nThe paper author is a child of the person who is the parent of the student.\nAnswer yes or no:",
	"confOf#Author;ekaw#Research_Institute": "Classify if the following two concepts are the same.\n###First concept Author:\nThe author is the child of the person who is the parent of the scholar.\n###Second concept Research_Institute:\nThe research institute is the child of the academic institution which is the parent of the university.\nAnswer yes or no:"
}