{
	"edas#Review;sigkdd#Review": "Classify if the following two concepts are the same.\n###First concept Review:\nThe document review is the child of the document meal menu.\n###Second concept Review:\nReview is a child of document which is parented by paper.\nAnswer yes or no:",
	"edas#Programme;sigkdd#Committee": "Classify if the following two concepts are the same.\n###First concept Programme:\nThe meal menu is the child of the program.\n###Second concept Committee:\nThe committee is the parent of the program committee, the organizing committee and the best paper awards committee.\nAnswer yes or no:",
	"edas#Programme;sigkdd#Program_Chair": "Classify if the following two concepts are the same.\n###First concept Programme:\nThe meal menu is the child of the program.\n###Second concept Program_Chair:\nThe program chair is a child of an organization which is parented by a speaker.\nAnswer yes or no:",
	"edas#Programme;sigkdd#Main_office": "Classify if the following two concepts are the same.\n###First concept Programme:\nThe meal menu is the child of the program.\n###Second concept Main_office:\nThe main office is the child of the conference hall.\nAnswer yes or no:",
	"edas#Programme;sigkdd#Program_Committee": "Classify if the following two concepts are the same.\n###First concept Programme:\nThe meal menu is the child of the program.\n###Second concept Program_Committee:\nThe program committee is the child of the committee which is the parent of the organizing committee.\nAnswer yes or no:",
	"edas#Paper;sigkdd#Document": "Classify if the following two concepts are the same.\n###First concept Paper:\nPaper is a child of document, which is the parent of pending paper, published paper, rated paper and rejected paper.\n###Second concept Document:\nThe abstract of the document is the parent of the paper and the review document.\nAnswer yes or no:",
	"edas#Paper;sigkdd#Best_Student_Paper_Award": "Classify if the following two concepts are the same.\n###First concept Paper:\nPaper is a child of document, which is the parent of pending paper, published paper, rated paper and rejected paper.\n###Second concept Best_Student_Paper_Award:\nThe best student paper award is the child of the award and the parent of the best research paper award.\nAnswer yes or no:",
	"edas#Paper;sigkdd#Paper": "Classify if the following two concepts are the same.\n###First concept Paper:\nPaper is a child of document, which is the parent of pending paper, published paper, rated paper and rejected paper.\n###Second concept Paper:\nThe paper is the child of the document which is the parent of the review.\nAnswer yes or no:",
	"edas#Paper;sigkdd#Author_of_paper": "Classify if the following two concepts are the same.\n###First concept Paper:\nPaper is a child of document, which is the parent of pending paper, published paper, rated paper and rejected paper.\n###Second concept Author_of_paper:\nThe author of the paper is the child of the author and the speaker. The speaker is the parent of the invited speaker.\nAnswer yes or no:",
	"edas#Document;sigkdd#Document": "Classify if the following two concepts are the same.\n###First concept Document:\nThe document is the parent of the slide set, the meal menu, and the program. The accepted paper is also the parent of the document.\n###Second concept Document:\nThe abstract of the document is the parent of the paper and the review document.\nAnswer yes or no:",
	"edas#Document;sigkdd#Author_of_paper_student": "Classify if the following two concepts are the same.\n###First concept Document:\nThe document is the parent of the slide set, the meal menu, and the program. The accepted paper is also the parent of the document.\n###Second concept Author_of_paper_student:\nThe author of paper student is the child of a speaker who is a child of a person who is a child of a Thing.\nAnswer yes or no:",
	"edas#Document;sigkdd#Main_office": "Classify if the following two concepts are the same.\n###First concept Document:\nThe document is the parent of the slide set, the meal menu, and the program. The accepted paper is also the parent of the document.\n###Second concept Main_office:\nThe main office is the child of the conference hall.\nAnswer yes or no:",
	"edas#Document;sigkdd#Paper": "Classify if the following two concepts are the same.\n###First concept Document:\nThe document is the parent of the slide set, the meal menu, and the program. The accepted paper is also the parent of the document.\n###Second concept Paper:\nThe paper is the child of the document which is the parent of the review.\nAnswer yes or no:",
	"edas#Document;sigkdd#Author_of_paper": "Classify if the following two concepts are the same.\n###First concept Document:\nThe document is the parent of the slide set, the meal menu, and the program. The accepted paper is also the parent of the document.\n###Second concept Author_of_paper:\nThe author of the paper is the child of the author and the speaker. The speaker is the parent of the invited speaker.\nAnswer yes or no:",
	"edas#Topic;sigkdd#Place": "Classify if the following two concepts are the same.\n###First concept Topic:\nThe topic of multimedia is the parent of the topic of computer architecture, radio communications and mobile computing.\n###Second concept Place:\nThe main office is the parent of the conference hall and the hotel.\nAnswer yes or no:",
	"edas#ConferenceEvent;sigkdd#Conference_hall": "Classify if the following two concepts are the same.\n###First concept ConferenceEvent:\nThe conference event is the parent of both the academic event and the welcome talk. The social event is also the parent of the conference event.\n###Second concept Conference_hall:\nThe conference hall is the child of the hotel.\nAnswer yes or no:",
	"edas#ReviewRating;sigkdd#Review": "Classify if the following two concepts are the same.\n###First concept ReviewRating:\nReview rating is the parent of accept if room rating and week reject rating.\n###Second concept Review:\nReview is a child of document which is parented by paper.\nAnswer yes or no:",
	"edas#Organization;sigkdd#Abstract": "Classify if the following two concepts are the same.\n###First concept Organization:\nThe parent organization of the industry organization is the ngo, the government organization is the government organization and the academia organization is also parented by the ngo.\n###Second concept Abstract:\nAbstract is a child of document which is parented by paper.\nAnswer yes or no:",
	"edas#Organization;sigkdd#Committee": "Classify if the following two concepts are the same.\n###First concept Organization:\nThe parent organization of the industry organization is the ngo, the government organization is the government organization and the academia organization is also parented by the ngo.\n###Second concept Committee:\nThe committee is the parent of the program committee, the organizing committee and the best paper awards committee.\nAnswer yes or no:",
	"edas#Organization;sigkdd#Organizing_Committee": "Classify if the following two concepts are the same.\n###First concept Organization:\nThe parent organization of the industry organization is the ngo, the government organization is the government organization and the academia organization is also parented by the ngo.\n###Second concept Organizing_Committee:\nThe best paper awards committee is the parent of the committee which is the organizing committee.\nAnswer yes or no:",
	"edas#Organization;sigkdd#Organizing_Committee_member": "Classify if the following two concepts are the same.\n###First concept Organization:\nThe parent organization of the industry organization is the ngo, the government organization is the government organization and the academia organization is also parented by the ngo.\n###Second concept Organizing_Committee_member:\nThe organizing committee member is a child of an organization which is a child of a person who is a child of a Thing.\nAnswer yes or no:",
	"edas#Conference;sigkdd#Committee": "Classify if the following two concepts are the same.\n###First concept Conference:\nThe conference is the child of Thing and is equivalent to a two level conference and a single level conference.\n###Second concept Committee:\nThe committee is the parent of the program committee, the organizing committee and the best paper awards committee.\nAnswer yes or no:",
	"edas#Conference;sigkdd#Conference_hall": "Classify if the following two concepts are the same.\n###First concept Conference:\nThe conference is the child of Thing and is equivalent to a two level conference and a single level conference.\n###Second concept Conference_hall:\nThe conference hall is the child of the hotel.\nAnswer yes or no:",
	"edas#Sponsorship;sigkdd#Award": "Classify if the following two concepts are the same.\n###First concept Sponsorship:\nThe parent company of sponsorship is the travel grant.\n###Second concept Award:\nThe award is the parent of the best applications paper award, the best student paper award and the best research paper award.\nAnswer yes or no:",
	"edas#ReviewQuestion;sigkdd#Review": "Classify if the following two concepts are the same.\n###First concept ReviewQuestion:\nThe review question is the parent of the numerical review question and the textual review question.\n###Second concept Review:\nReview is a child of document which is parented by paper.\nAnswer yes or no:",
	"edas#Person;sigkdd#Author": "Classify if the following two concepts are the same.\n###First concept Person:\nThe parent of the presenter and the tpc member is the parent of the conference chair and the presenter. The author is the parent of the reviewer and the tpc member is the parent of the attendee.\n###Second concept Author:\nThe author of paper is the parent of the author of paper student. The author is also the child of a speaker and a child of a Thing.\nAnswer yes or no:",
	"edas#Person;sigkdd#Exhibitor": "Classify if the following two concepts are the same.\n###First concept Person:\nThe parent of the presenter and the tpc member is the parent of the conference chair and the presenter. The author is the parent of the reviewer and the tpc member is the parent of the attendee.\n###Second concept Exhibitor:\nThe best student paper supporter is the parent of the exhibitors who are the child of the sponsor.\nAnswer yes or no:",
	"edas#Person;sigkdd#Person": "Classify if the following two concepts are the same.\n###First concept Person:\nThe parent of the presenter and the tpc member is the parent of the conference chair and the presenter. The author is the parent of the reviewer and the tpc member is the parent of the attendee.\n###Second concept Person:\nThe speaker is the parent of the invited speaker and the listener. The organization is the parent of the program committee member and the child of Thing.\nAnswer yes or no:",
	"edas#Person;sigkdd#Speaker": "Classify if the following two concepts are the same.\n###First concept Person:\nThe parent of the presenter and the tpc member is the parent of the conference chair and the presenter. The author is the parent of the reviewer and the tpc member is the parent of the attendee.\n###Second concept Speaker:\nThe speaker is the parent of the invited speaker and the author of paper. He is also the parent of the program chair and the speaker is a child of the organization.\nAnswer yes or no:",
	"edas#Place;sigkdd#Hotel": "Classify if the following two concepts are the same.\n###First concept Place:\nThe dining place, the meeting room, the accommodation and the conference venue are both parented.\n###Second concept Hotel:\nThe hotel is the child of the conference hall.\nAnswer yes or no:",
	"edas#Place;sigkdd#Place": "Classify if the following two concepts are the same.\n###First concept Place:\nThe dining place, the meeting room, the accommodation and the conference venue are both parented.\n###Second concept Place:\nThe main office is the parent of the conference hall and the hotel.\nAnswer yes or no:",
	"edas#AcceptRating;sigkdd#Review": "Classify if the following two concepts are the same.\n###First concept AcceptRating:\nThe accept rating is a child of the review rating which is equivalent to the reject rating.\n###Second concept Review:\nReview is a child of document which is parented by paper.\nAnswer yes or no:",
	"edas#AccpetIfRoomRating;sigkdd#Organizing_Committee": "Classify if the following two concepts are the same.\n###First concept AccpetIfRoomRating:\nAccept if room rating is child of review rating which is equivalent to reject rating.\n###Second concept Organizing_Committee:\nThe best paper awards committee is the parent of the committee which is the organizing committee.\nAnswer yes or no:",
	"edas#AccpetIfRoomRating;sigkdd#Organizing_Committee_member": "Classify if the following two concepts are the same.\n###First concept AccpetIfRoomRating:\nAccept if room rating is child of review rating which is equivalent to reject rating.\n###Second concept Organizing_Committee_member:\nThe organizing committee member is a child of an organization which is a child of a person who is a child of a Thing.\nAnswer yes or no:",
	"edas#RejectRating;sigkdd#Review": "Classify if the following two concepts are the same.\n###First concept RejectRating:\nThe parent of the reject rating is the review rating which is the parent of the accept if room rating.\n###Second concept Review:\nReview is a child of document which is parented by paper.\nAnswer yes or no:",
	"edas#ComputerNetworksTopic;sigkdd#Best_Student_Paper_Award": "Classify if the following two concepts are the same.\n###First concept ComputerNetworksTopic:\nThe computer networks topic is the parent of the computer networks security and the computer networks management topics. It is also the parent of the antennas and the computer networks enterprise topics.\n###Second concept Best_Student_Paper_Award:\nThe best student paper award is the child of the award and the parent of the best research paper award.\nAnswer yes or no:",
	"edas#MultimediaTopic;sigkdd#Best_Student_Paper_Award": "Classify if the following two concepts are the same.\n###First concept MultimediaTopic:\nThe multimedia topic is the child of the test only topic.\n###Second concept Best_Student_Paper_Award:\nThe best student paper award is the child of the award and the parent of the best research paper award.\nAnswer yes or no:",
	"edas#MultimediaTopic;sigkdd#Best_Paper_Awards_Committee": "Classify if the following two concepts are the same.\n###First concept MultimediaTopic:\nThe multimedia topic is the child of the test only topic.\n###Second concept Best_Paper_Awards_Committee:\nThe best paper awards committee is the child of the committee and the parent of the program committee.\nAnswer yes or no:",
	"edas#MultimediaTopic;sigkdd#Best_Research_Paper_Award": "Classify if the following two concepts are the same.\n###First concept MultimediaTopic:\nThe multimedia topic is the child of the test only topic.\n###Second concept Best_Research_Paper_Award:\nThe best research paper award is the child of the award and the parent of the best student paper award.\nAnswer yes or no:",
	"edas#MultimediaTopic;sigkdd#Best_Student_Paper_Supporter": "Classify if the following two concepts are the same.\n###First concept MultimediaTopic:\nThe multimedia topic is the child of the test only topic.\n###Second concept Best_Student_Paper_Supporter:\nThe best student paper supporter is the child of the sponsor who is the parent of the platinum supporter.\nAnswer yes or no:",
	"edas#CommunicationsTopic;sigkdd#Speaker": "Classify if the following two concepts are the same.\n###First concept CommunicationsTopic:\nThe topic of communications is the child of the performance topic.\n###Second concept Speaker:\nThe speaker is the parent of the invited speaker and the author of paper. He is also the parent of the program chair and the speaker is a child of the organization.\nAnswer yes or no:",
	"edas#RadioCommunicationsTopic;sigkdd#Listener": "Classify if the following two concepts are the same.\n###First concept RadioCommunicationsTopic:\nThe radio communication topic is a child of the communication theory topic.\n###Second concept Listener:\nThe child of a listener is a child of a Thing.\nAnswer yes or no:",
	"edas#CommunicationTheoryTopic;sigkdd#Listener": "Classify if the following two concepts are the same.\n###First concept CommunicationTheoryTopic:\nThe communication theory topic is a child of the multimedia topic.\n###Second concept Listener:\nThe child of a listener is a child of a Thing.\nAnswer yes or no:",
	"edas#ConferenceChair;sigkdd#Conference_hall": "Classify if the following two concepts are the same.\n###First concept ConferenceChair:\nThe conference chair is the child of the person who attended the conference.\n###Second concept Conference_hall:\nThe conference hall is the child of the hotel.\nAnswer yes or no:",
	"edas#ConferenceChair;sigkdd#Program_Chair": "Classify if the following two concepts are the same.\n###First concept ConferenceChair:\nThe conference chair is the child of the person who attended the conference.\n###Second concept Program_Chair:\nThe program chair is a child of an organization which is parented by a speaker.\nAnswer yes or no:",
	"edas#ConferenceChair;sigkdd#General_Chair": "Classify if the following two concepts are the same.\n###First concept ConferenceChair:\nThe conference chair is the child of the person who attended the conference.\n###Second concept General_Chair:\nThe general chair is a child of an organization which is a child of a person who is a child of a Thing.\nAnswer yes or no:",
	"edas#ConferenceChair;sigkdd#Organizing_Committee": "Classify if the following two concepts are the same.\n###First concept ConferenceChair:\nThe conference chair is the child of the person who attended the conference.\n###Second concept Organizing_Committee:\nThe best paper awards committee is the parent of the committee which is the organizing committee.\nAnswer yes or no:",
	"edas#Author;sigkdd#Author_of_paper_student": "Classify if the following two concepts are the same.\n###First concept Author:\nThe author is the parent of the presenter and the chair of the session.\n###Second concept Author_of_paper_student:\nThe author of paper student is the child of a speaker who is a child of a person who is a child of a Thing.\nAnswer yes or no:",
	"edas#Author;sigkdd#Author": "Classify if the following two concepts are the same.\n###First concept Author:\nThe author is the parent of the presenter and the chair of the session.\n###Second concept Author:\nThe author of paper is the parent of the author of paper student. The author is also the child of a speaker and a child of a Thing.\nAnswer yes or no:",
	"edas#Author;sigkdd#Person": "Classify if the following two concepts are the same.\n###First concept Author:\nThe author is the parent of the presenter and the chair of the session.\n###Second concept Person:\nThe speaker is the parent of the invited speaker and the listener. The organization is the parent of the program committee member and the child of Thing.\nAnswer yes or no:",
	"edas#Author;sigkdd#Author_of_paper": "Classify if the following two concepts are the same.\n###First concept Author:\nThe author is the parent of the presenter and the chair of the session.\n###Second concept Author_of_paper:\nThe author of the paper is the child of the author and the speaker. The speaker is the parent of the invited speaker.\nAnswer yes or no:",
	"edas#DiningPlace;sigkdd#Hotel": "Classify if the following two concepts are the same.\n###First concept DiningPlace:\nThe dining place is the child of the accommodation place.\n###Second concept Hotel:\nThe hotel is the child of the conference hall.\nAnswer yes or no:",
	"edas#DiningPlace;sigkdd#Place": "Classify if the following two concepts are the same.\n###First concept DiningPlace:\nThe dining place is the child of the accommodation place.\n###Second concept Place:\nThe main office is the parent of the conference hall and the hotel.\nAnswer yes or no:",
	"edas#Presenter;sigkdd#Exhibitor": "Classify if the following two concepts are the same.\n###First concept Presenter:\nThe presenter is a child of the author who is the parent of a tpc member.\n###Second concept Exhibitor:\nThe best student paper supporter is the parent of the exhibitors who are the child of the sponsor.\nAnswer yes or no:",
	"edas#Presenter;sigkdd#Person": "Classify if the following two concepts are the same.\n###First concept Presenter:\nThe presenter is a child of the author who is the parent of a tpc member.\n###Second concept Person:\nThe speaker is the parent of the invited speaker and the listener. The organization is the parent of the program committee member and the child of Thing.\nAnswer yes or no:",
	"edas#Presenter;sigkdd#Speaker": "Classify if the following two concepts are the same.\n###First concept Presenter:\nThe presenter is a child of the author who is the parent of a tpc member.\n###Second concept Speaker:\nThe speaker is the parent of the invited speaker and the author of paper. He is also the parent of the program chair and the speaker is a child of the organization.\nAnswer yes or no:",
	"edas#Presenter;sigkdd#Invited_Speaker": "Classify if the following two concepts are the same.\n###First concept Presenter:\nThe presenter is a child of the author who is the parent of a tpc member.\n###Second concept Invited_Speaker:\nThe invited speaker is the child of the speaker and the parent of the author of paper student.\nAnswer yes or no:",
	"edas#IndustryOrganization;sigkdd#Organizator": "Classify if the following two concepts are the same.\n###First concept IndustryOrganization:\nngo is the parent organization of the industry organization.\n###Second concept Organizator:\nThe parent organization is the organizing committee member, the program chair and the webmaster. The speaker is the parent of the author of paper student and the speaker is the parent of the speaker.\nAnswer yes or no:",
	"edas#IndustryOrganization;sigkdd#Organizing_Committee": "Classify if the following two concepts are the same.\n###First concept IndustryOrganization:\nngo is the parent organization of the industry organization.\n###Second concept Organizing_Committee:\nThe best paper awards committee is the parent of the committee which is the organizing committee.\nAnswer yes or no:",
	"edas#GovernmentOrganization;sigkdd#Organizator": "Classify if the following two concepts are the same.\n###First concept GovernmentOrganization:\nThe government organization is the child of the organization which is parented by the industry organization.\n###Second concept Organizator:\nThe parent organization is the organizing committee member, the program chair and the webmaster. The speaker is the parent of the author of paper student and the speaker is the parent of the speaker.\nAnswer yes or no:",
	"edas#GovernmentOrganization;sigkdd#Organizing_Committee": "Classify if the following two concepts are the same.\n###First concept GovernmentOrganization:\nThe government organization is the child of the organization which is parented by the industry organization.\n###Second concept Organizing_Committee:\nThe best paper awards committee is the parent of the committee which is the organizing committee.\nAnswer yes or no:",
	"edas#GovernmentOrganization;sigkdd#Organizing_Committee_member": "Classify if the following two concepts are the same.\n###First concept GovernmentOrganization:\nThe government organization is the child of the organization which is parented by the industry organization.\n###Second concept Organizing_Committee_member:\nThe organizing committee member is a child of an organization which is a child of a person who is a child of a Thing.\nAnswer yes or no:",
	"edas#ComputerNetworksOpticalTopic;sigkdd#Best_Student_Paper_Award": "Classify if the following two concepts are the same.\n###First concept ComputerNetworksOpticalTopic:\nThe computer networks (optical) topic is a child of the computer networks and mobile computing.\n###Second concept Best_Student_Paper_Award:\nThe best student paper award is the child of the award and the parent of the best research paper award.\nAnswer yes or no:",
	"edas#ComputerNetworksAapplicationsTopic;sigkdd#Best_Student_Paper_Award": "Classify if the following two concepts are the same.\n###First concept ComputerNetworksAapplicationsTopic:\nThe topic of computer networks applications is child of the computer networks topic and is parented by the topic of cryptography.\n###Second concept Best_Student_Paper_Award:\nThe best student paper award is the child of the award and the parent of the best research paper award.\nAnswer yes or no:",
	"edas#ActivePaper;sigkdd#Best_Applications_Paper_Award": "Classify if the following two concepts are the same.\n###First concept ActivePaper:\nThe active paper is the parent of rated papers and is the child of paper which is also the parent of rejected paper.\n###Second concept Best_Applications_Paper_Award:\nThe best applications paper award is the child of the best research paper award.\nAnswer yes or no:",
	"edas#ActivePaper;sigkdd#Best_Student_Paper_Award": "Classify if the following two concepts are the same.\n###First concept ActivePaper:\nThe active paper is the parent of rated papers and is the child of paper which is also the parent of rejected paper.\n###Second concept Best_Student_Paper_Award:\nThe best student paper award is the child of the award and the parent of the best research paper award.\nAnswer yes or no:",
	"edas#ActivePaper;sigkdd#Best_Paper_Awards_Committee": "Classify if the following two concepts are the same.\n###First concept ActivePaper:\nThe active paper is the parent of rated papers and is the child of paper which is also the parent of rejected paper.\n###Second concept Best_Paper_Awards_Committee:\nThe best paper awards committee is the child of the committee and the parent of the program committee.\nAnswer yes or no:",
	"edas#ActivePaper;sigkdd#Best_Research_Paper_Award": "Classify if the following two concepts are the same.\n###First concept ActivePaper:\nThe active paper is the parent of rated papers and is the child of paper which is also the parent of rejected paper.\n###Second concept Best_Research_Paper_Award:\nThe best research paper award is the child of the award and the parent of the best student paper award.\nAnswer yes or no:",
	"edas#ActivePaper;sigkdd#Best_Student_Paper_Supporter": "Classify if the following two concepts are the same.\n###First concept ActivePaper:\nThe active paper is the parent of rated papers and is the child of paper which is also the parent of rejected paper.\n###Second concept Best_Student_Paper_Supporter:\nThe best student paper supporter is the child of the sponsor who is the parent of the platinum supporter.\nAnswer yes or no:",
	"edas#ActivePaper;sigkdd#Paper": "Classify if the following two concepts are the same.\n###First concept ActivePaper:\nThe active paper is the parent of rated papers and is the child of paper which is also the parent of rejected paper.\n###Second concept Paper:\nThe paper is the child of the document which is the parent of the review.\nAnswer yes or no:",
	"edas#ActivePaper;sigkdd#Author_of_paper": "Classify if the following two concepts are the same.\n###First concept ActivePaper:\nThe active paper is the parent of rated papers and is the child of paper which is also the parent of rejected paper.\n###Second concept Author_of_paper:\nThe author of the paper is the child of the author and the speaker. The speaker is the parent of the invited speaker.\nAnswer yes or no:",
	"edas#PendingPaper;sigkdd#Document": "Classify if the following two concepts are the same.\n###First concept PendingPaper:\npending paper is a child of paper which is parented by rejected paper.\n###Second concept Document:\nThe abstract of the document is the parent of the paper and the review document.\nAnswer yes or no:",
	"edas#PendingPaper;sigkdd#Deadline_Paper_Submission": "Classify if the following two concepts are the same.\n###First concept PendingPaper:\npending paper is a child of paper which is parented by rejected paper.\n###Second concept Deadline_Paper_Submission:\nThe deadline for paper submission is the child of the deadline and the parent of the deadline author notification.\nAnswer yes or no:",
	"edas#PendingPaper;sigkdd#Best_Student_Paper_Award": "Classify if the following two concepts are the same.\n###First concept PendingPaper:\npending paper is a child of paper which is parented by rejected paper.\n###Second concept Best_Student_Paper_Award:\nThe best student paper award is the child of the award and the parent of the best research paper award.\nAnswer yes or no:",
	"edas#PendingPaper;sigkdd#Best_Paper_Awards_Committee": "Classify if the following two concepts are the same.\n###First concept PendingPaper:\npending paper is a child of paper which is parented by rejected paper.\n###Second concept Best_Paper_Awards_Committee:\nThe best paper awards committee is the child of the committee and the parent of the program committee.\nAnswer yes or no:",
	"edas#PendingPaper;sigkdd#Best_Research_Paper_Award": "Classify if the following two concepts are the same.\n###First concept PendingPaper:\npending paper is a child of paper which is parented by rejected paper.\n###Second concept Best_Research_Paper_Award:\nThe best research paper award is the child of the award and the parent of the best student paper award.\nAnswer yes or no:",
	"edas#PendingPaper;sigkdd#Best_Student_Paper_Supporter": "Classify if the following two concepts are the same.\n###First concept PendingPaper:\npending paper is a child of paper which is parented by rejected paper.\n###Second concept Best_Student_Paper_Supporter:\nThe best student paper supporter is the child of the sponsor who is the parent of the platinum supporter.\nAnswer yes or no:",
	"edas#PendingPaper;sigkdd#Paper": "Classify if the following two concepts are the same.\n###First concept PendingPaper:\npending paper is a child of paper which is parented by rejected paper.\n###Second concept Paper:\nThe paper is the child of the document which is the parent of the review.\nAnswer yes or no:",
	"edas#PendingPaper;sigkdd#Author_of_paper": "Classify if the following two concepts are the same.\n###First concept PendingPaper:\npending paper is a child of paper which is parented by rejected paper.\n###Second concept Author_of_paper:\nThe author of the paper is the child of the author and the speaker. The speaker is the parent of the invited speaker.\nAnswer yes or no:",
	"edas#WithdrawnPaper;sigkdd#Document": "Classify if the following two concepts are the same.\n###First concept WithdrawnPaper:\nwithdrawn paper is a child of paper which is the parent of a programme.\n###Second concept Document:\nThe abstract of the document is the parent of the paper and the review document.\nAnswer yes or no:",
	"edas#WithdrawnPaper;sigkdd#Best_Applications_Paper_Award": "Classify if the following two concepts are the same.\n###First concept WithdrawnPaper:\nwithdrawn paper is a child of paper which is the parent of a programme.\n###Second concept Best_Applications_Paper_Award:\nThe best applications paper award is the child of the best research paper award.\nAnswer yes or no:",
	"edas#WithdrawnPaper;sigkdd#Author_of_paper_student": "Classify if the following two concepts are the same.\n###First concept WithdrawnPaper:\nwithdrawn paper is a child of paper which is the parent of a programme.\n###Second concept Author_of_paper_student:\nThe author of paper student is the child of a speaker who is a child of a person who is a child of a Thing.\nAnswer yes or no:",
	"edas#WithdrawnPaper;sigkdd#Best_Student_Paper_Award": "Classify if the following two concepts are the same.\n###First concept WithdrawnPaper:\nwithdrawn paper is a child of paper which is the parent of a programme.\n###Second concept Best_Student_Paper_Award:\nThe best student paper award is the child of the award and the parent of the best research paper award.\nAnswer yes or no:",
	"edas#WithdrawnPaper;sigkdd#Best_Paper_Awards_Committee": "Classify if the following two concepts are the same.\n###First concept WithdrawnPaper:\nwithdrawn paper is a child of paper which is the parent of a programme.\n###Second concept Best_Paper_Awards_Committee:\nThe best paper awards committee is the child of the committee and the parent of the program committee.\nAnswer yes or no:",
	"edas#WithdrawnPaper;sigkdd#Best_Research_Paper_Award": "Classify if the following two concepts are the same.\n###First concept WithdrawnPaper:\nwithdrawn paper is a child of paper which is the parent of a programme.\n###Second concept Best_Research_Paper_Award:\nThe best research paper award is the child of the award and the parent of the best student paper award.\nAnswer yes or no:",
	"edas#WithdrawnPaper;sigkdd#Best_Student_Paper_Supporter": "Classify if the following two concepts are the same.\n###First concept WithdrawnPaper:\nwithdrawn paper is a child of paper which is the parent of a programme.\n###Second concept Best_Student_Paper_Supporter:\nThe best student paper supporter is the child of the sponsor who is the parent of the platinum supporter.\nAnswer yes or no:",
	"edas#WithdrawnPaper;sigkdd#Paper": "Classify if the following two concepts are the same.\n###First concept WithdrawnPaper:\nwithdrawn paper is a child of paper which is the parent of a programme.\n###Second concept Paper:\nThe paper is the child of the document which is the parent of the review.\nAnswer yes or no:",
	"edas#WithdrawnPaper;sigkdd#Author_of_paper": "Classify if the following two concepts are the same.\n###First concept WithdrawnPaper:\nwithdrawn paper is a child of paper which is the parent of a programme.\n###Second concept Author_of_paper:\nThe author of the paper is the child of the author and the speaker. The speaker is the parent of the invited speaker.\nAnswer yes or no:",
	"edas#RejectedPaper;sigkdd#Document": "Classify if the following two concepts are the same.\n###First concept RejectedPaper:\nThe rejected paper is a child of paper and a document.\n###Second concept Document:\nThe abstract of the document is the parent of the paper and the review document.\nAnswer yes or no:",
	"edas#RejectedPaper;sigkdd#Best_Applications_Paper_Award": "Classify if the following two concepts are the same.\n###First concept RejectedPaper:\nThe rejected paper is a child of paper and a document.\n###Second concept Best_Applications_Paper_Award:\nThe best applications paper award is the child of the best research paper award.\nAnswer yes or no:",
	"edas#RejectedPaper;sigkdd#Deadline_Paper_Submission": "Classify if the following two concepts are the same.\n###First concept RejectedPaper:\nThe rejected paper is a child of paper and a document.\n###Second concept Deadline_Paper_Submission:\nThe deadline for paper submission is the child of the deadline and the parent of the deadline author notification.\nAnswer yes or no:",
	"edas#RejectedPaper;sigkdd#Author_of_paper_student": "Classify if the following two concepts are the same.\n###First concept RejectedPaper:\nThe rejected paper is a child of paper and a document.\n###Second concept Author_of_paper_student:\nThe author of paper student is the child of a speaker who is a child of a person who is a child of a Thing.\nAnswer yes or no:",
	"edas#RejectedPaper;sigkdd#Best_Student_Paper_Award": "Classify if the following two concepts are the same.\n###First concept RejectedPaper:\nThe rejected paper is a child of paper and a document.\n###Second concept Best_Student_Paper_Award:\nThe best student paper award is the child of the award and the parent of the best research paper award.\nAnswer yes or no:",
	"edas#RejectedPaper;sigkdd#Best_Paper_Awards_Committee": "Classify if the following two concepts are the same.\n###First concept RejectedPaper:\nThe rejected paper is a child of paper and a document.\n###Second concept Best_Paper_Awards_Committee:\nThe best paper awards committee is the child of the committee and the parent of the program committee.\nAnswer yes or no:",
	"edas#RejectedPaper;sigkdd#Best_Research_Paper_Award": "Classify if the following two concepts are the same.\n###First concept RejectedPaper:\nThe rejected paper is a child of paper and a document.\n###Second concept Best_Research_Paper_Award:\nThe best research paper award is the child of the award and the parent of the best student paper award.\nAnswer yes or no:",
	"edas#RejectedPaper;sigkdd#Best_Student_Paper_Supporter": "Classify if the following two concepts are the same.\n###First concept RejectedPaper:\nThe rejected paper is a child of paper and a document.\n###Second concept Best_Student_Paper_Supporter:\nThe best student paper supporter is the child of the sponsor who is the parent of the platinum supporter.\nAnswer yes or no:",
	"edas#RejectedPaper;sigkdd#Paper": "Classify if the following two concepts are the same.\n###First concept RejectedPaper:\nThe rejected paper is a child of paper and a document.\n###Second concept Paper:\nThe paper is the child of the document which is the parent of the review.\nAnswer yes or no:",
	"edas#RejectedPaper;sigkdd#Author_of_paper": "Classify if the following two concepts are the same.\n###First concept RejectedPaper:\nThe rejected paper is a child of paper and a document.\n###Second concept Author_of_paper:\nThe author of the paper is the child of the author and the speaker. The speaker is the parent of the invited speaker.\nAnswer yes or no:",
	"edas#AcceptedPaper;sigkdd#Document": "Classify if the following two concepts are the same.\n###First concept AcceptedPaper:\nAccepted paper is a child of paper and is the parent of a slide set.\n###Second concept Document:\nThe abstract of the document is the parent of the paper and the review document.\nAnswer yes or no:",
	"edas#AcceptedPaper;sigkdd#Best_Applications_Paper_Award": "Classify if the following two concepts are the same.\n###First concept AcceptedPaper:\nAccepted paper is a child of paper and is the parent of a slide set.\n###Second concept Best_Applications_Paper_Award:\nThe best applications paper award is the child of the best research paper award.\nAnswer yes or no:",
	"edas#AcceptedPaper;sigkdd#Deadline_Paper_Submission": "Classify if the following two concepts are the same.\n###First concept AcceptedPaper:\nAccepted paper is a child of paper and is the parent of a slide set.\n###Second concept Deadline_Paper_Submission:\nThe deadline for paper submission is the child of the deadline and the parent of the deadline author notification.\nAnswer yes or no:",
	"edas#AcceptedPaper;sigkdd#Author_of_paper_student": "Classify if the following two concepts are the same.\n###First concept AcceptedPaper:\nAccepted paper is a child of paper and is the parent of a slide set.\n###Second concept Author_of_paper_student:\nThe author of paper student is the child of a speaker who is a child of a person who is a child of a Thing.\nAnswer yes or no:",
	"edas#AcceptedPaper;sigkdd#Best_Student_Paper_Award": "Classify if the following two concepts are the same.\n###First concept AcceptedPaper:\nAccepted paper is a child of paper and is the parent of a slide set.\n###Second concept Best_Student_Paper_Award:\nThe best student paper award is the child of the award and the parent of the best research paper award.\nAnswer yes or no:",
	"edas#AcceptedPaper;sigkdd#Best_Paper_Awards_Committee": "Classify if the following two concepts are the same.\n###First concept AcceptedPaper:\nAccepted paper is a child of paper and is the parent of a slide set.\n###Second concept Best_Paper_Awards_Committee:\nThe best paper awards committee is the child of the committee and the parent of the program committee.\nAnswer yes or no:",
	"edas#AcceptedPaper;sigkdd#Best_Research_Paper_Award": "Classify if the following two concepts are the same.\n###First concept AcceptedPaper:\nAccepted paper is a child of paper and is the parent of a slide set.\n###Second concept Best_Research_Paper_Award:\nThe best research paper award is the child of the award and the parent of the best student paper award.\nAnswer yes or no:",
	"edas#AcceptedPaper;sigkdd#Paper": "Classify if the following two concepts are the same.\n###First concept AcceptedPaper:\nAccepted paper is a child of paper and is the parent of a slide set.\n###Second concept Paper:\nThe paper is the child of the document which is the parent of the review.\nAnswer yes or no:",
	"edas#AcceptedPaper;sigkdd#Author_of_paper": "Classify if the following two concepts are the same.\n###First concept AcceptedPaper:\nAccepted paper is a child of paper and is the parent of a slide set.\n###Second concept Author_of_paper:\nThe author of the paper is the child of the author and the speaker. The speaker is the parent of the invited speaker.\nAnswer yes or no:",
	"edas#PublishedPaper;sigkdd#Document": "Classify if the following two concepts are the same.\n###First concept PublishedPaper:\nThe published paper is the child of the document which is the parent of the meal menu.\n###Second concept Document:\nThe abstract of the document is the parent of the paper and the review document.\nAnswer yes or no:",
	"edas#PublishedPaper;sigkdd#Best_Applications_Paper_Award": "Classify if the following two concepts are the same.\n###First concept PublishedPaper:\nThe published paper is the child of the document which is the parent of the meal menu.\n###Second concept Best_Applications_Paper_Award:\nThe best applications paper award is the child of the best research paper award.\nAnswer yes or no:",
	"edas#PublishedPaper;sigkdd#Deadline_Paper_Submission": "Classify if the following two concepts are the same.\n###First concept PublishedPaper:\nThe published paper is the child of the document which is the parent of the meal menu.\n###Second concept Deadline_Paper_Submission:\nThe deadline for paper submission is the child of the deadline and the parent of the deadline author notification.\nAnswer yes or no:",
	"edas#PublishedPaper;sigkdd#Author_of_paper_student": "Classify if the following two concepts are the same.\n###First concept PublishedPaper:\nThe published paper is the child of the document which is the parent of the meal menu.\n###Second concept Author_of_paper_student:\nThe author of paper student is the child of a speaker who is a child of a person who is a child of a Thing.\nAnswer yes or no:",
	"edas#PublishedPaper;sigkdd#Best_Student_Paper_Award": "Classify if the following two concepts are the same.\n###First concept PublishedPaper:\nThe published paper is the child of the document which is the parent of the meal menu.\n###Second concept Best_Student_Paper_Award:\nThe best student paper award is the child of the award and the parent of the best research paper award.\nAnswer yes or no:",
	"edas#PublishedPaper;sigkdd#Author": "Classify if the following two concepts are the same.\n###First concept PublishedPaper:\nThe published paper is the child of the document which is the parent of the meal menu.\n###Second concept Author:\nThe author of paper is the parent of the author of paper student. The author is also the child of a speaker and a child of a Thing.\nAnswer yes or no:",
	"edas#PublishedPaper;sigkdd#Best_Paper_Awards_Committee": "Classify if the following two concepts are the same.\n###First concept PublishedPaper:\nThe published paper is the child of the document which is the parent of the meal menu.\n###Second concept Best_Paper_Awards_Committee:\nThe best paper awards committee is the child of the committee and the parent of the program committee.\nAnswer yes or no:",
	"edas#PublishedPaper;sigkdd#Best_Research_Paper_Award": "Classify if the following two concepts are the same.\n###First concept PublishedPaper:\nThe published paper is the child of the document which is the parent of the meal menu.\n###Second concept Best_Research_Paper_Award:\nThe best research paper award is the child of the award and the parent of the best student paper award.\nAnswer yes or no:",
	"edas#PublishedPaper;sigkdd#Best_Student_Paper_Supporter": "Classify if the following two concepts are the same.\n###First concept PublishedPaper:\nThe published paper is the child of the document which is the parent of the meal menu.\n###Second concept Best_Student_Paper_Supporter:\nThe best student paper supporter is the child of the sponsor who is the parent of the platinum supporter.\nAnswer yes or no:",
	"edas#PublishedPaper;sigkdd#Paper": "Classify if the following two concepts are the same.\n###First concept PublishedPaper:\nThe published paper is the child of the document which is the parent of the meal menu.\n###Second concept Paper:\nThe paper is the child of the document which is the parent of the review.\nAnswer yes or no:",
	"edas#PublishedPaper;sigkdd#Author_of_paper": "Classify if the following two concepts are the same.\n###First concept PublishedPaper:\nThe published paper is the child of the document which is the parent of the meal menu.\n###Second concept Author_of_paper:\nThe author of the paper is the child of the author and the speaker. The speaker is the parent of the invited speaker.\nAnswer yes or no:",
	"edas#Attendee;sigkdd#Exhibitor": "Classify if the following two concepts are the same.\n###First concept Attendee:\nThe child of the session chair is the child of the person who attended.\n###Second concept Exhibitor:\nThe best student paper supporter is the parent of the exhibitors who are the child of the sponsor.\nAnswer yes or no:",
	"edas#Attendee;sigkdd#Registration_Non-Member": "Classify if the following two concepts are the same.\n###First concept Attendee:\nThe child of the session chair is the child of the person who attended.\n###Second concept Registration_Non-Member:\nThe registered non member is the child of the registration fee and the parent of the registered sigkdd member.\nAnswer yes or no:",
	"edas#Attendee;sigkdd#Invited_Speaker": "Classify if the following two concepts are the same.\n###First concept Attendee:\nThe child of the session chair is the child of the person who attended.\n###Second concept Invited_Speaker:\nThe invited speaker is the child of the speaker and the parent of the author of paper student.\nAnswer yes or no:",
	"edas#Reviewer;sigkdd#Review": "Classify if the following two concepts are the same.\n###First concept Reviewer:\nThe person who reviews is equivalent to the author.\n###Second concept Review:\nReview is a child of document which is parented by paper.\nAnswer yes or no:",
	"edas#WelcomeTalk;sigkdd#Speaker": "Classify if the following two concepts are the same.\n###First concept WelcomeTalk:\nThe welcome talk is the child of the talk event which is the parent of the closing talk.\n###Second concept Speaker:\nThe speaker is the parent of the invited speaker and the author of paper. He is also the parent of the program chair and the speaker is a child of the organization.\nAnswer yes or no:",
	"edas#TalkEvent;sigkdd#Speaker": "Classify if the following two concepts are the same.\n###First concept TalkEvent:\nThe talk event is the parent of the conference event and the welcome talk. It is also the parent of the closing talk and the academic event.\n###Second concept Speaker:\nThe speaker is the parent of the invited speaker and the author of paper. He is also the parent of the program chair and the speaker is a child of the organization.\nAnswer yes or no:",
	"edas#TalkEvent;sigkdd#Listener": "Classify if the following two concepts are the same.\n###First concept TalkEvent:\nThe talk event is the parent of the conference event and the welcome talk. It is also the parent of the closing talk and the academic event.\n###Second concept Listener:\nThe child of a listener is a child of a Thing.\nAnswer yes or no:",
	"edas#TalkEvent;sigkdd#Invited_Speaker": "Classify if the following two concepts are the same.\n###First concept TalkEvent:\nThe talk event is the parent of the conference event and the welcome talk. It is also the parent of the closing talk and the academic event.\n###Second concept Invited_Speaker:\nThe invited speaker is the child of the speaker and the parent of the author of paper student.\nAnswer yes or no:",
	"edas#SessionChair;sigkdd#Program_Chair": "Classify if the following two concepts are the same.\n###First concept SessionChair:\nThe session chair is child of the parent of the tpc member.\n###Second concept Program_Chair:\nThe program chair is a child of an organization which is parented by a speaker.\nAnswer yes or no:",
	"edas#SessionChair;sigkdd#General_Chair": "Classify if the following two concepts are the same.\n###First concept SessionChair:\nThe session chair is child of the parent of the tpc member.\n###Second concept General_Chair:\nThe general chair is a child of an organization which is a child of a person who is a child of a Thing.\nAnswer yes or no:",
	"edas#TPCMember;sigkdd#Registration_SIGMOD_Member": "Classify if the following two concepts are the same.\n###First concept TPCMember:\nThe tpc member is the child of the conference chair and the parent of the conference chair.\n###Second concept Registration_SIGMOD_Member:\nThe registration fee for sigkdd members is the child of the registration fee.\nAnswer yes or no:",
	"edas#TPCMember;sigkdd#Registration_fee": "Classify if the following two concepts are the same.\n###First concept TPCMember:\nThe tpc member is the child of the conference chair and the parent of the conference chair.\n###Second concept Registration_fee:\nThe registration fee is for the sigkdd member, the registered student and the registered non member. The parent of the student is the registration student and the child is the sponsor.\nAnswer yes or no:",
	"edas#TPCMember;sigkdd#Registration_Non-Member": "Classify if the following two concepts are the same.\n###First concept TPCMember:\nThe tpc member is the child of the conference chair and the parent of the conference chair.\n###Second concept Registration_Non-Member:\nThe registered non member is the child of the registration fee and the parent of the registered sigkdd member.\nAnswer yes or no:",
	"edas#TPCMember;sigkdd#Registration_SIGKDD_Member": "Classify if the following two concepts are the same.\n###First concept TPCMember:\nThe tpc member is the child of the conference chair and the parent of the conference chair.\n###Second concept Registration_SIGKDD_Member:\nThe registration fee for sigkdd members is child of the registration fee and the parent of the sponsor fee.\nAnswer yes or no:",
	"edas#TPCMember;sigkdd#Program_Committee_member": "Classify if the following two concepts are the same.\n###First concept TPCMember:\nThe tpc member is the child of the conference chair and the parent of the conference chair.\n###Second concept Program_Committee_member:\nThe program committee member is a child of the organization which is parented by the general chair.\nAnswer yes or no:",
	"edas#TPCMember;sigkdd#Organizing_Committee_member": "Classify if the following two concepts are the same.\n###First concept TPCMember:\nThe tpc member is the child of the conference chair and the parent of the conference chair.\n###Second concept Organizing_Committee_member:\nThe organizing committee member is a child of an organization which is a child of a person who is a child of a Thing.\nAnswer yes or no:",
	"edas#CallForPapers;sigkdd#Best_Applications_Paper_Award": "Classify if the following two concepts are the same.\n###First concept CallForPapers:\nThe call for papers is the child of the call for reviews.\n###Second concept Best_Applications_Paper_Award:\nThe best applications paper award is the child of the best research paper award.\nAnswer yes or no:",
	"edas#CallForPapers;sigkdd#Author_of_paper_student": "Classify if the following two concepts are the same.\n###First concept CallForPapers:\nThe call for papers is the child of the call for reviews.\n###Second concept Author_of_paper_student:\nThe author of paper student is the child of a speaker who is a child of a person who is a child of a Thing.\nAnswer yes or no:",
	"edas#CallForPapers;sigkdd#Best_Student_Paper_Award": "Classify if the following two concepts are the same.\n###First concept CallForPapers:\nThe call for papers is the child of the call for reviews.\n###Second concept Best_Student_Paper_Award:\nThe best student paper award is the child of the award and the parent of the best research paper award.\nAnswer yes or no:",
	"edas#CallForPapers;sigkdd#Best_Paper_Awards_Committee": "Classify if the following two concepts are the same.\n###First concept CallForPapers:\nThe call for papers is the child of the call for reviews.\n###Second concept Best_Paper_Awards_Committee:\nThe best paper awards committee is the child of the committee and the parent of the program committee.\nAnswer yes or no:",
	"edas#CallForPapers;sigkdd#Best_Research_Paper_Award": "Classify if the following two concepts are the same.\n###First concept CallForPapers:\nThe call for papers is the child of the call for reviews.\n###Second concept Best_Research_Paper_Award:\nThe best research paper award is the child of the award and the parent of the best student paper award.\nAnswer yes or no:",
	"edas#CallForPapers;sigkdd#Best_Student_Paper_Supporter": "Classify if the following two concepts are the same.\n###First concept CallForPapers:\nThe call for papers is the child of the call for reviews.\n###Second concept Best_Student_Paper_Supporter:\nThe best student paper supporter is the child of the sponsor who is the parent of the platinum supporter.\nAnswer yes or no:",
	"edas#CallForPapers;sigkdd#Paper": "Classify if the following two concepts are the same.\n###First concept CallForPapers:\nThe call for papers is the child of the call for reviews.\n###Second concept Paper:\nThe paper is the child of the document which is the parent of the review.\nAnswer yes or no:",
	"edas#CallForPapers;sigkdd#Author_of_paper": "Classify if the following two concepts are the same.\n###First concept CallForPapers:\nThe call for papers is the child of the call for reviews.\n###Second concept Author_of_paper:\nThe author of the paper is the child of the author and the speaker. The speaker is the parent of the invited speaker.\nAnswer yes or no:",
	"edas#OrganizationalMeeting;sigkdd#Organizing_Committee": "Classify if the following two concepts are the same.\n###First concept OrganizationalMeeting:\nThe organization meeting is a child of the academic event and the conference event. The conference event is parented by the non academic event.\n###Second concept Organizing_Committee:\nThe best paper awards committee is the parent of the committee which is the organizing committee.\nAnswer yes or no:",
	"edas#OrganizationalMeeting;sigkdd#Organizing_Committee_member": "Classify if the following two concepts are the same.\n###First concept OrganizationalMeeting:\nThe organization meeting is a child of the academic event and the conference event. The conference event is parented by the non academic event.\n###Second concept Organizing_Committee_member:\nThe organizing committee member is a child of an organization which is a child of a person who is a child of a Thing.\nAnswer yes or no:",
	"edas#PaperPresentation;sigkdd#Document": "Classify if the following two concepts are the same.\n###First concept PaperPresentation:\nThe paper presentation is a child of an academic event which is parented by an organizational meeting.\n###Second concept Document:\nThe abstract of the document is the parent of the paper and the review document.\nAnswer yes or no:",
	"edas#PaperPresentation;sigkdd#Best_Student_Paper_Award": "Classify if the following two concepts are the same.\n###First concept PaperPresentation:\nThe paper presentation is a child of an academic event which is parented by an organizational meeting.\n###Second concept Best_Student_Paper_Award:\nThe best student paper award is the child of the award and the parent of the best research paper award.\nAnswer yes or no:",
	"edas#PaperPresentation;sigkdd#Paper": "Classify if the following two concepts are the same.\n###First concept PaperPresentation:\nThe paper presentation is a child of an academic event which is parented by an organizational meeting.\n###Second concept Paper:\nThe paper is the child of the document which is the parent of the review.\nAnswer yes or no:",
	"edas#PaperPresentation;sigkdd#Author_of_paper": "Classify if the following two concepts are the same.\n###First concept PaperPresentation:\nThe paper presentation is a child of an academic event which is parented by an organizational meeting.\n###Second concept Author_of_paper:\nThe author of the paper is the child of the author and the speaker. The speaker is the parent of the invited speaker.\nAnswer yes or no:",
	"edas#Workshop;sigkdd#Exhibitor": "Classify if the following two concepts are the same.\n###First concept Workshop:\nThe workshop is the child of an academic event which is the parent of an organizational meeting.\n###Second concept Exhibitor:\nThe best student paper supporter is the parent of the exhibitors who are the child of the sponsor.\nAnswer yes or no:",
	"edas#Workshop;sigkdd#Conference_hall": "Classify if the following two concepts are the same.\n###First concept Workshop:\nThe workshop is the child of an academic event which is the parent of an organizational meeting.\n###Second concept Conference_hall:\nThe conference hall is the child of the hotel.\nAnswer yes or no:",
	"edas#Workshop;sigkdd#Organizing_Committee": "Classify if the following two concepts are the same.\n###First concept Workshop:\nThe workshop is the child of an academic event which is the parent of an organizational meeting.\n###Second concept Organizing_Committee:\nThe best paper awards committee is the parent of the committee which is the organizing committee.\nAnswer yes or no:",
	"edas#AcademicEvent;sigkdd#Exhibitor": "Classify if the following two concepts are the same.\n###First concept AcademicEvent:\nThe academic event is the parent of the workshop and the organizational meeting. It is also the parent of the conference and non academic events. The closing talk and the paper presentation are both academic events.\n###Second concept Exhibitor:\nThe best student paper supporter is the parent of the exhibitors who are the child of the sponsor.\nAnswer yes or no:",
	"edas#Excursion;sigkdd#Hotel": "Classify if the following two concepts are the same.\n###First concept Excursion:\nThe excursion is a child of a social event which is parented by a reception.\n###Second concept Hotel:\nThe hotel is the child of the conference hall.\nAnswer yes or no:",
	"edas#SocialEvent;sigkdd#Listener": "Classify if the following two concepts are the same.\n###First concept SocialEvent:\nA social event is a non academic event which is the parent of a conference event. It is also the parent of a reception and an excursion.\n###Second concept Listener:\nThe child of a listener is a child of a Thing.\nAnswer yes or no:",
	"edas#ConferenceVenuePlace;sigkdd#Conference_hall": "Classify if the following two concepts are the same.\n###First concept ConferenceVenuePlace:\nThe conference venue is the parent of the dining place.\n###Second concept Conference_hall:\nThe conference hall is the child of the hotel.\nAnswer yes or no:",
	"edas#ConferenceVenuePlace;sigkdd#Organizing_Committee": "Classify if the following two concepts are the same.\n###First concept ConferenceVenuePlace:\nThe conference venue is the parent of the dining place.\n###Second concept Organizing_Committee:\nThe best paper awards committee is the parent of the committee which is the organizing committee.\nAnswer yes or no:",
	"edas#Reception;sigkdd#Speaker": "Classify if the following two concepts are the same.\n###First concept Reception:\nThe social event is the child of the reception and the parent of the excursion.\n###Second concept Speaker:\nThe speaker is the parent of the invited speaker and the author of paper. He is also the parent of the program chair and the speaker is a child of the organization.\nAnswer yes or no:",
	"edas#Reception;sigkdd#Listener": "Classify if the following two concepts are the same.\n###First concept Reception:\nThe social event is the child of the reception and the parent of the excursion.\n###Second concept Listener:\nThe child of a listener is a child of a Thing.\nAnswer yes or no:",
	"edas#MeetingRoomPlace;sigkdd#Hotel": "Classify if the following two concepts are the same.\n###First concept MeetingRoomPlace:\nThe meeting room is the child of the conference venue.\n###Second concept Hotel:\nThe hotel is the child of the conference hall.\nAnswer yes or no:",
	"edas#MeetingRoomPlace;sigkdd#Place": "Classify if the following two concepts are the same.\n###First concept MeetingRoomPlace:\nThe meeting room is the child of the conference venue.\n###Second concept Place:\nThe main office is the parent of the conference hall and the hotel.\nAnswer yes or no:",
	"edas#MeetingRoomPlace;sigkdd#Conference_hall": "Classify if the following two concepts are the same.\n###First concept MeetingRoomPlace:\nThe meeting room is the child of the conference venue.\n###Second concept Conference_hall:\nThe conference hall is the child of the hotel.\nAnswer yes or no:",
	"edas#MeetingRoomPlace;sigkdd#Invited_Speaker": "Classify if the following two concepts are the same.\n###First concept MeetingRoomPlace:\nThe meeting room is the child of the conference venue.\n###Second concept Invited_Speaker:\nThe invited speaker is the child of the speaker and the parent of the author of paper student.\nAnswer yes or no:",
	"edas#AccommodationPlace;sigkdd#Hotel": "Classify if the following two concepts are the same.\n###First concept AccommodationPlace:\nThe accommodation place is child of the dining place.\n###Second concept Hotel:\nThe hotel is the child of the conference hall.\nAnswer yes or no:",
	"edas#AccommodationPlace;sigkdd#Place": "Classify if the following two concepts are the same.\n###First concept AccommodationPlace:\nThe accommodation place is child of the dining place.\n###Second concept Place:\nThe main office is the parent of the conference hall and the hotel.\nAnswer yes or no:",
	"edas#RatedPapers;sigkdd#Best_Applications_Paper_Award": "Classify if the following two concepts are the same.\n###First concept RatedPapers:\nrated papers are children of active paper which is also a child of paper.\n###Second concept Best_Applications_Paper_Award:\nThe best applications paper award is the child of the best research paper award.\nAnswer yes or no:",
	"edas#RatedPapers;sigkdd#Best_Student_Paper_Award": "Classify if the following two concepts are the same.\n###First concept RatedPapers:\nrated papers are children of active paper which is also a child of paper.\n###Second concept Best_Student_Paper_Award:\nThe best student paper award is the child of the award and the parent of the best research paper award.\nAnswer yes or no:",
	"edas#RatedPapers;sigkdd#Best_Paper_Awards_Committee": "Classify if the following two concepts are the same.\n###First concept RatedPapers:\nrated papers are children of active paper which is also a child of paper.\n###Second concept Best_Paper_Awards_Committee:\nThe best paper awards committee is the child of the committee and the parent of the program committee.\nAnswer yes or no:",
	"edas#RatedPapers;sigkdd#Review": "Classify if the following two concepts are the same.\n###First concept RatedPapers:\nrated papers are children of active paper which is also a child of paper.\n###Second concept Review:\nReview is a child of document which is parented by paper.\nAnswer yes or no:",
	"edas#RatedPapers;sigkdd#Best_Research_Paper_Award": "Classify if the following two concepts are the same.\n###First concept RatedPapers:\nrated papers are children of active paper which is also a child of paper.\n###Second concept Best_Research_Paper_Award:\nThe best research paper award is the child of the award and the parent of the best student paper award.\nAnswer yes or no:",
	"edas#RatedPapers;sigkdd#Best_Student_Paper_Supporter": "Classify if the following two concepts are the same.\n###First concept RatedPapers:\nrated papers are children of active paper which is also a child of paper.\n###Second concept Best_Student_Paper_Supporter:\nThe best student paper supporter is the child of the sponsor who is the parent of the platinum supporter.\nAnswer yes or no:",
	"edas#RatedPapers;sigkdd#Paper": "Classify if the following two concepts are the same.\n###First concept RatedPapers:\nrated papers are children of active paper which is also a child of paper.\n###Second concept Paper:\nThe paper is the child of the document which is the parent of the review.\nAnswer yes or no:",
	"edas#RatedPapers;sigkdd#Author_of_paper": "Classify if the following two concepts are the same.\n###First concept RatedPapers:\nrated papers are children of active paper which is also a child of paper.\n###Second concept Author_of_paper:\nThe author of the paper is the child of the author and the speaker. The speaker is the parent of the invited speaker.\nAnswer yes or no:",
	"edas#TravelGrant;sigkdd#Hotel": "Classify if the following two concepts are the same.\n###First concept TravelGrant:\nThe travel grant is a child of sponsorship.\n###Second concept Hotel:\nThe hotel is the child of the conference hall.\nAnswer yes or no:",
	"edas#ConferenceDinner;sigkdd#Sponzor": "Classify if the following two concepts are the same.\n###First concept ConferenceDinner:\nThe conference dinner is a non-academic event.\n###Second concept Sponzor:\nThe sponsor of the best student paper is the sponsor of the exhibitors and is the parent of the platinum and silver supporters.\nAnswer yes or no:",
	"edas#ConferenceDinner;sigkdd#Bronze_Supporter": "Classify if the following two concepts are the same.\n###First concept ConferenceDinner:\nThe conference dinner is a non-academic event.\n###Second concept Bronze_Supporter:\nThe bronze supporter is the child of the sponsor who is the parent of the gold supporter.\nAnswer yes or no:",
	"edas#ConferenceDinner;sigkdd#Platinum_Supporter": "Classify if the following two concepts are the same.\n###First concept ConferenceDinner:\nThe conference dinner is a non-academic event.\n###Second concept Platinum_Supporter:\nThe platinum supporter is the child of the sponsor who is the parent of the bronze supporter.\nAnswer yes or no:",
	"edas#ConferenceDinner;sigkdd#Conference_hall": "Classify if the following two concepts are the same.\n###First concept ConferenceDinner:\nThe conference dinner is a non-academic event.\n###Second concept Conference_hall:\nThe conference hall is the child of the hotel.\nAnswer yes or no:",
	"edas#ConferenceDinner;sigkdd#Gold_Supporter": "Classify if the following two concepts are the same.\n###First concept ConferenceDinner:\nThe conference dinner is a non-academic event.\n###Second concept Gold_Supporter:\nThe gold supporter is the child of the sponsor who is the parent of the silver supporter.\nAnswer yes or no:",
	"edas#ConferenceDinner;sigkdd#Invited_Speaker": "Classify if the following two concepts are the same.\n###First concept ConferenceDinner:\nThe conference dinner is a non-academic event.\n###Second concept Invited_Speaker:\nThe invited speaker is the child of the speaker and the parent of the author of paper student.\nAnswer yes or no:",
	"edas#ConferenceDinner;sigkdd#Silver_Supporter": "Classify if the following two concepts are the same.\n###First concept ConferenceDinner:\nThe conference dinner is a non-academic event.\n###Second concept Silver_Supporter:\nThe silver supporter is the child of the sponsor who is the parent of the best student paper supporter.\nAnswer yes or no:"
}