{
	"ekaw#Event;sigkdd#Award": "Classify if the following two concepts are the same.\n###First concept Event:\nThe social event is the parent of the scientific event, the individual presentation, the tutorial and the conference trip.\n###Second concept Award:\nThe award is the parent of the best applications paper award, the best student paper award and the best research paper award.\nAnswer yes or no:",
	"ekaw#Event;sigkdd#Listener": "Classify if the following two concepts are the same.\n###First concept Event:\nThe social event is the parent of the scientific event, the individual presentation, the tutorial and the conference trip.\n###Second concept Listener:\nThe child of a listener is a child of a Thing.\nAnswer yes or no:",
	"ekaw#Person;sigkdd#Author": "Classify if the following two concepts are the same.\n###First concept Person:\nThe parent of a conference participant is the presenter, the invited speaker, the agency staff member, the student, the paper author and the possible reviewer. The program committee member and the session chair are both members of the program committee.\n###Second concept Author:\nThe author of paper is the parent of the author of paper student. The author is also the child of a speaker and a child of a Thing.\nAnswer yes or no:",
	"ekaw#Person;sigkdd#Exhibitor": "Classify if the following two concepts are the same.\n###First concept Person:\nThe parent of a conference participant is the presenter, the invited speaker, the agency staff member, the student, the paper author and the possible reviewer. The program committee member and the session chair are both members of the program committee.\n###Second concept Exhibitor:\nThe best student paper supporter is the parent of the exhibitors who are the child of the sponsor.\nAnswer yes or no:",
	"ekaw#Person;sigkdd#Person": "Classify if the following two concepts are the same.\n###First concept Person:\nThe parent of a conference participant is the presenter, the invited speaker, the agency staff member, the student, the paper author and the possible reviewer. The program committee member and the session chair are both members of the program committee.\n###Second concept Person:\nThe speaker is the parent of the invited speaker and the listener. The organization is the parent of the program committee member and the child of Thing.\nAnswer yes or no:",
	"ekaw#Person;sigkdd#Speaker": "Classify if the following two concepts are the same.\n###First concept Person:\nThe parent of a conference participant is the presenter, the invited speaker, the agency staff member, the student, the paper author and the possible reviewer. The program committee member and the session chair are both members of the program committee.\n###Second concept Speaker:\nThe speaker is the parent of the invited speaker and the author of paper. He is also the parent of the program chair and the speaker is a child of the organization.\nAnswer yes or no:",
	"ekaw#Accepted_Paper;sigkdd#Document": "Classify if the following two concepts are the same.\n###First concept Accepted_Paper:\nThe accepted paper is the child of the evaluated paper, the assigned paper is the child of the submitted paper and the parent of the camera ready paper.\n###Second concept Document:\nThe abstract of the document is the parent of the paper and the review document.\nAnswer yes or no:",
	"ekaw#Accepted_Paper;sigkdd#Best_Applications_Paper_Award": "Classify if the following two concepts are the same.\n###First concept Accepted_Paper:\nThe accepted paper is the child of the evaluated paper, the assigned paper is the child of the submitted paper and the parent of the camera ready paper.\n###Second concept Best_Applications_Paper_Award:\nThe best applications paper award is the child of the best research paper award.\nAnswer yes or no:",
	"ekaw#Accepted_Paper;sigkdd#Deadline_Paper_Submission": "Classify if the following two concepts are the same.\n###First concept Accepted_Paper:\nThe accepted paper is the child of the evaluated paper, the assigned paper is the child of the submitted paper and the parent of the camera ready paper.\n###Second concept Deadline_Paper_Submission:\nThe deadline for paper submission is the child of the deadline and the parent of the deadline author notification.\nAnswer yes or no:",
	"ekaw#Accepted_Paper;sigkdd#Author_of_paper_student": "Classify if the following two concepts are the same.\n###First concept Accepted_Paper:\nThe accepted paper is the child of the evaluated paper, the assigned paper is the child of the submitted paper and the parent of the camera ready paper.\n###Second concept Author_of_paper_student:\nThe author of paper student is the child of a speaker who is a child of a person who is a child of a Thing.\nAnswer yes or no:",
	"ekaw#Accepted_Paper;sigkdd#Best_Student_Paper_Award": "Classify if the following two concepts are the same.\n###First concept Accepted_Paper:\nThe accepted paper is the child of the evaluated paper, the assigned paper is the child of the submitted paper and the parent of the camera ready paper.\n###Second concept Best_Student_Paper_Award:\nThe best student paper award is the child of the award and the parent of the best research paper award.\nAnswer yes or no:",
	"ekaw#Accepted_Paper;sigkdd#Best_Paper_Awards_Committee": "Classify if the following two concepts are the same.\n###First concept Accepted_Paper:\nThe accepted paper is the child of the evaluated paper, the assigned paper is the child of the submitted paper and the parent of the camera ready paper.\n###Second concept Best_Paper_Awards_Committee:\nThe best paper awards committee is the child of the committee and the parent of the program committee.\nAnswer yes or no:",
	"ekaw#Accepted_Paper;sigkdd#Best_Research_Paper_Award": "Classify if the following two concepts are the same.\n###First concept Accepted_Paper:\nThe accepted paper is the child of the evaluated paper, the assigned paper is the child of the submitted paper and the parent of the camera ready paper.\n###Second concept Best_Research_Paper_Award:\nThe best research paper award is the child of the award and the parent of the best student paper award.\nAnswer yes or no:",
	"ekaw#Accepted_Paper;sigkdd#Paper": "Classify if the following two concepts are the same.\n###First concept Accepted_Paper:\nThe accepted paper is the child of the evaluated paper, the assigned paper is the child of the submitted paper and the parent of the camera ready paper.\n###Second concept Paper:\nThe paper is the child of the document which is the parent of the review.\nAnswer yes or no:",
	"ekaw#Accepted_Paper;sigkdd#Author_of_paper": "Classify if the following two concepts are the same.\n###First concept Accepted_Paper:\nThe accepted paper is the child of the evaluated paper, the assigned paper is the child of the submitted paper and the parent of the camera ready paper.\n###Second concept Author_of_paper:\nThe author of the paper is the child of the author and the speaker. The speaker is the parent of the invited speaker.\nAnswer yes or no:",
	"ekaw#Rejected_Paper;sigkdd#Document": "Classify if the following two concepts are the same.\n###First concept Rejected_Paper:\nThe rejected paper is the child of the evaluated paper and the accepted paper.\n###Second concept Document:\nThe abstract of the document is the parent of the paper and the review document.\nAnswer yes or no:",
	"ekaw#Rejected_Paper;sigkdd#Best_Applications_Paper_Award": "Classify if the following two concepts are the same.\n###First concept Rejected_Paper:\nThe rejected paper is the child of the evaluated paper and the accepted paper.\n###Second concept Best_Applications_Paper_Award:\nThe best applications paper award is the child of the best research paper award.\nAnswer yes or no:",
	"ekaw#Rejected_Paper;sigkdd#Deadline_Paper_Submission": "Classify if the following two concepts are the same.\n###First concept Rejected_Paper:\nThe rejected paper is the child of the evaluated paper and the accepted paper.\n###Second concept Deadline_Paper_Submission:\nThe deadline for paper submission is the child of the deadline and the parent of the deadline author notification.\nAnswer yes or no:",
	"ekaw#Rejected_Paper;sigkdd#Author_of_paper_student": "Classify if the following two concepts are the same.\n###First concept Rejected_Paper:\nThe rejected paper is the child of the evaluated paper and the accepted paper.\n###Second concept Author_of_paper_student:\nThe author of paper student is the child of a speaker who is a child of a person who is a child of a Thing.\nAnswer yes or no:",
	"ekaw#Rejected_Paper;sigkdd#Best_Student_Paper_Award": "Classify if the following two concepts are the same.\n###First concept Rejected_Paper:\nThe rejected paper is the child of the evaluated paper and the accepted paper.\n###Second concept Best_Student_Paper_Award:\nThe best student paper award is the child of the award and the parent of the best research paper award.\nAnswer yes or no:",
	"ekaw#Rejected_Paper;sigkdd#Best_Paper_Awards_Committee": "Classify if the following two concepts are the same.\n###First concept Rejected_Paper:\nThe rejected paper is the child of the evaluated paper and the accepted paper.\n###Second concept Best_Paper_Awards_Committee:\nThe best paper awards committee is the child of the committee and the parent of the program committee.\nAnswer yes or no:",
	"ekaw#Rejected_Paper;sigkdd#Best_Research_Paper_Award": "Classify if the following two concepts are the same.\n###First concept Rejected_Paper:\nThe rejected paper is the child of the evaluated paper and the accepted paper.\n###Second concept Best_Research_Paper_Award:\nThe best research paper award is the child of the award and the parent of the best student paper award.\nAnswer yes or no:",
	"ekaw#Rejected_Paper;sigkdd#Best_Student_Paper_Supporter": "Classify if the following two concepts are the same.\n###First concept Rejected_Paper:\nThe rejected paper is the child of the evaluated paper and the accepted paper.\n###Second concept Best_Student_Paper_Supporter:\nThe best student paper supporter is the child of the sponsor who is the parent of the platinum supporter.\nAnswer yes or no:",
	"ekaw#Rejected_Paper;sigkdd#Paper": "Classify if the following two concepts are the same.\n###First concept Rejected_Paper:\nThe rejected paper is the child of the evaluated paper and the accepted paper.\n###Second concept Paper:\nThe paper is the child of the document which is the parent of the review.\nAnswer yes or no:",
	"ekaw#Rejected_Paper;sigkdd#Author_of_paper": "Classify if the following two concepts are the same.\n###First concept Rejected_Paper:\nThe rejected paper is the child of the evaluated paper and the accepted paper.\n###Second concept Author_of_paper:\nThe author of the paper is the child of the author and the speaker. The speaker is the parent of the invited speaker.\nAnswer yes or no:",
	"ekaw#Evaluated_Paper;sigkdd#Document": "Classify if the following two concepts are the same.\n###First concept Evaluated_Paper:\nThe evaluated paper is the parent of accepted paper and rejected paper. It is also the child of assigned paper and submitted paper. It is also the parent of industrial paper.\n###Second concept Document:\nThe abstract of the document is the parent of the paper and the review document.\nAnswer yes or no:",
	"ekaw#Evaluated_Paper;sigkdd#Best_Applications_Paper_Award": "Classify if the following two concepts are the same.\n###First concept Evaluated_Paper:\nThe evaluated paper is the parent of accepted paper and rejected paper. It is also the child of assigned paper and submitted paper. It is also the parent of industrial paper.\n###Second concept Best_Applications_Paper_Award:\nThe best applications paper award is the child of the best research paper award.\nAnswer yes or no:",
	"ekaw#Evaluated_Paper;sigkdd#Best_Student_Paper_Award": "Classify if the following two concepts are the same.\n###First concept Evaluated_Paper:\nThe evaluated paper is the parent of accepted paper and rejected paper. It is also the child of assigned paper and submitted paper. It is also the parent of industrial paper.\n###Second concept Best_Student_Paper_Award:\nThe best student paper award is the child of the award and the parent of the best research paper award.\nAnswer yes or no:",
	"ekaw#Evaluated_Paper;sigkdd#Best_Paper_Awards_Committee": "Classify if the following two concepts are the same.\n###First concept Evaluated_Paper:\nThe evaluated paper is the parent of accepted paper and rejected paper. It is also the child of assigned paper and submitted paper. It is also the parent of industrial paper.\n###Second concept Best_Paper_Awards_Committee:\nThe best paper awards committee is the child of the committee and the parent of the program committee.\nAnswer yes or no:",
	"ekaw#Evaluated_Paper;sigkdd#Best_Research_Paper_Award": "Classify if the following two concepts are the same.\n###First concept Evaluated_Paper:\nThe evaluated paper is the parent of accepted paper and rejected paper. It is also the child of assigned paper and submitted paper. It is also the parent of industrial paper.\n###Second concept Best_Research_Paper_Award:\nThe best research paper award is the child of the award and the parent of the best student paper award.\nAnswer yes or no:",
	"ekaw#Evaluated_Paper;sigkdd#Best_Student_Paper_Supporter": "Classify if the following two concepts are the same.\n###First concept Evaluated_Paper:\nThe evaluated paper is the parent of accepted paper and rejected paper. It is also the child of assigned paper and submitted paper. It is also the parent of industrial paper.\n###Second concept Best_Student_Paper_Supporter:\nThe best student paper supporter is the child of the sponsor who is the parent of the platinum supporter.\nAnswer yes or no:",
	"ekaw#Evaluated_Paper;sigkdd#Author_of_paper": "Classify if the following two concepts are the same.\n###First concept Evaluated_Paper:\nThe evaluated paper is the parent of accepted paper and rejected paper. It is also the child of assigned paper and submitted paper. It is also the parent of industrial paper.\n###Second concept Author_of_paper:\nThe author of the paper is the child of the author and the speaker. The speaker is the parent of the invited speaker.\nAnswer yes or no:",
	"ekaw#Camera_Ready_Paper;sigkdd#Best_Applications_Paper_Award": "Classify if the following two concepts are the same.\n###First concept Camera_Ready_Paper:\nThe camera ready paper is a child of paper which is the parent of poster paper.\n###Second concept Best_Applications_Paper_Award:\nThe best applications paper award is the child of the best research paper award.\nAnswer yes or no:",
	"ekaw#Camera_Ready_Paper;sigkdd#Best_Student_Paper_Award": "Classify if the following two concepts are the same.\n###First concept Camera_Ready_Paper:\nThe camera ready paper is a child of paper which is the parent of poster paper.\n###Second concept Best_Student_Paper_Award:\nThe best student paper award is the child of the award and the parent of the best research paper award.\nAnswer yes or no:",
	"ekaw#Camera_Ready_Paper;sigkdd#Best_Paper_Awards_Committee": "Classify if the following two concepts are the same.\n###First concept Camera_Ready_Paper:\nThe camera ready paper is a child of paper which is the parent of poster paper.\n###Second concept Best_Paper_Awards_Committee:\nThe best paper awards committee is the child of the committee and the parent of the program committee.\nAnswer yes or no:",
	"ekaw#Camera_Ready_Paper;sigkdd#Best_Research_Paper_Award": "Classify if the following two concepts are the same.\n###First concept Camera_Ready_Paper:\nThe camera ready paper is a child of paper which is the parent of poster paper.\n###Second concept Best_Research_Paper_Award:\nThe best research paper award is the child of the award and the parent of the best student paper award.\nAnswer yes or no:",
	"ekaw#Camera_Ready_Paper;sigkdd#Best_Student_Paper_Supporter": "Classify if the following two concepts are the same.\n###First concept Camera_Ready_Paper:\nThe camera ready paper is a child of paper which is the parent of poster paper.\n###Second concept Best_Student_Paper_Supporter:\nThe best student paper supporter is the child of the sponsor who is the parent of the platinum supporter.\nAnswer yes or no:",
	"ekaw#Camera_Ready_Paper;sigkdd#Author_of_paper": "Classify if the following two concepts are the same.\n###First concept Camera_Ready_Paper:\nThe camera ready paper is a child of paper which is the parent of poster paper.\n###Second concept Author_of_paper:\nThe author of the paper is the child of the author and the speaker. The speaker is the parent of the invited speaker.\nAnswer yes or no:",
	"ekaw#Workshop_Paper;sigkdd#Document": "Classify if the following two concepts are the same.\n###First concept Workshop_Paper:\nThe workshop paper is a child of the document.\n###Second concept Document:\nThe abstract of the document is the parent of the paper and the review document.\nAnswer yes or no:",
	"ekaw#Workshop_Paper;sigkdd#Best_Applications_Paper_Award": "Classify if the following two concepts are the same.\n###First concept Workshop_Paper:\nThe workshop paper is a child of the document.\n###Second concept Best_Applications_Paper_Award:\nThe best applications paper award is the child of the best research paper award.\nAnswer yes or no:",
	"ekaw#Workshop_Paper;sigkdd#Best_Student_Paper_Award": "Classify if the following two concepts are the same.\n###First concept Workshop_Paper:\nThe workshop paper is a child of the document.\n###Second concept Best_Student_Paper_Award:\nThe best student paper award is the child of the award and the parent of the best research paper award.\nAnswer yes or no:",
	"ekaw#Workshop_Paper;sigkdd#Best_Paper_Awards_Committee": "Classify if the following two concepts are the same.\n###First concept Workshop_Paper:\nThe workshop paper is a child of the document.\n###Second concept Best_Paper_Awards_Committee:\nThe best paper awards committee is the child of the committee and the parent of the program committee.\nAnswer yes or no:",
	"ekaw#Workshop_Paper;sigkdd#Organizing_Committee": "Classify if the following two concepts are the same.\n###First concept Workshop_Paper:\nThe workshop paper is a child of the document.\n###Second concept Organizing_Committee:\nThe best paper awards committee is the parent of the committee which is the organizing committee.\nAnswer yes or no:",
	"ekaw#Workshop_Paper;sigkdd#Best_Student_Paper_Supporter": "Classify if the following two concepts are the same.\n###First concept Workshop_Paper:\nThe workshop paper is a child of the document.\n###Second concept Best_Student_Paper_Supporter:\nThe best student paper supporter is the child of the sponsor who is the parent of the platinum supporter.\nAnswer yes or no:",
	"ekaw#Workshop_Paper;sigkdd#Paper": "Classify if the following two concepts are the same.\n###First concept Workshop_Paper:\nThe workshop paper is a child of the document.\n###Second concept Paper:\nThe paper is the child of the document which is the parent of the review.\nAnswer yes or no:",
	"ekaw#Workshop_Paper;sigkdd#Author_of_paper": "Classify if the following two concepts are the same.\n###First concept Workshop_Paper:\nThe workshop paper is a child of the document.\n###Second concept Author_of_paper:\nThe author of the paper is the child of the author and the speaker. The speaker is the parent of the invited speaker.\nAnswer yes or no:",
	"ekaw#Industrial_Paper;sigkdd#Best_Applications_Paper_Award": "Classify if the following two concepts are the same.\n###First concept Industrial_Paper:\nIndustrial paper is the child of paper and is the parent of demo paper.\n###Second concept Best_Applications_Paper_Award:\nThe best applications paper award is the child of the best research paper award.\nAnswer yes or no:",
	"ekaw#Industrial_Paper;sigkdd#Author_of_paper_student": "Classify if the following two concepts are the same.\n###First concept Industrial_Paper:\nIndustrial paper is the child of paper and is the parent of demo paper.\n###Second concept Author_of_paper_student:\nThe author of paper student is the child of a speaker who is a child of a person who is a child of a Thing.\nAnswer yes or no:",
	"ekaw#Industrial_Paper;sigkdd#Best_Student_Paper_Award": "Classify if the following two concepts are the same.\n###First concept Industrial_Paper:\nIndustrial paper is the child of paper and is the parent of demo paper.\n###Second concept Best_Student_Paper_Award:\nThe best student paper award is the child of the award and the parent of the best research paper award.\nAnswer yes or no:",
	"ekaw#Industrial_Paper;sigkdd#Best_Paper_Awards_Committee": "Classify if the following two concepts are the same.\n###First concept Industrial_Paper:\nIndustrial paper is the child of paper and is the parent of demo paper.\n###Second concept Best_Paper_Awards_Committee:\nThe best paper awards committee is the child of the committee and the parent of the program committee.\nAnswer yes or no:",
	"ekaw#Industrial_Paper;sigkdd#Best_Research_Paper_Award": "Classify if the following two concepts are the same.\n###First concept Industrial_Paper:\nIndustrial paper is the child of paper and is the parent of demo paper.\n###Second concept Best_Research_Paper_Award:\nThe best research paper award is the child of the award and the parent of the best student paper award.\nAnswer yes or no:",
	"ekaw#Industrial_Paper;sigkdd#Best_Student_Paper_Supporter": "Classify if the following two concepts are the same.\n###First concept Industrial_Paper:\nIndustrial paper is the child of paper and is the parent of demo paper.\n###Second concept Best_Student_Paper_Supporter:\nThe best student paper supporter is the child of the sponsor who is the parent of the platinum supporter.\nAnswer yes or no:",
	"ekaw#Industrial_Paper;sigkdd#Paper": "Classify if the following two concepts are the same.\n###First concept Industrial_Paper:\nIndustrial paper is the child of paper and is the parent of demo paper.\n###Second concept Paper:\nThe paper is the child of the document which is the parent of the review.\nAnswer yes or no:",
	"ekaw#Industrial_Paper;sigkdd#Author_of_paper": "Classify if the following two concepts are the same.\n###First concept Industrial_Paper:\nIndustrial paper is the child of paper and is the parent of demo paper.\n###Second concept Author_of_paper:\nThe author of the paper is the child of the author and the speaker. The speaker is the parent of the invited speaker.\nAnswer yes or no:",
	"ekaw#Paper;sigkdd#Document": "Classify if the following two concepts are the same.\n###First concept Paper:\nPaper is the parent of flyer and conference papers. It is also the parent of industrial paper and workshop paper.\n###Second concept Document:\nThe abstract of the document is the parent of the paper and the review document.\nAnswer yes or no:",
	"ekaw#Paper;sigkdd#Best_Student_Paper_Award": "Classify if the following two concepts are the same.\n###First concept Paper:\nPaper is the parent of flyer and conference papers. It is also the parent of industrial paper and workshop paper.\n###Second concept Best_Student_Paper_Award:\nThe best student paper award is the child of the award and the parent of the best research paper award.\nAnswer yes or no:",
	"ekaw#Paper;sigkdd#Paper": "Classify if the following two concepts are the same.\n###First concept Paper:\nPaper is the parent of flyer and conference papers. It is also the parent of industrial paper and workshop paper.\n###Second concept Paper:\nThe paper is the child of the document which is the parent of the review.\nAnswer yes or no:",
	"ekaw#Paper;sigkdd#Author_of_paper": "Classify if the following two concepts are the same.\n###First concept Paper:\nPaper is the parent of flyer and conference papers. It is also the parent of industrial paper and workshop paper.\n###Second concept Author_of_paper:\nThe author of the paper is the child of the author and the speaker. The speaker is the parent of the invited speaker.\nAnswer yes or no:",
	"ekaw#Conference_Paper;sigkdd#Document": "Classify if the following two concepts are the same.\n###First concept Conference_Paper:\nThe conference paper is the child of the workshop paper.\n###Second concept Document:\nThe abstract of the document is the parent of the paper and the review document.\nAnswer yes or no:",
	"ekaw#Conference_Paper;sigkdd#Best_Applications_Paper_Award": "Classify if the following two concepts are the same.\n###First concept Conference_Paper:\nThe conference paper is the child of the workshop paper.\n###Second concept Best_Applications_Paper_Award:\nThe best applications paper award is the child of the best research paper award.\nAnswer yes or no:",
	"ekaw#Conference_Paper;sigkdd#Author_of_paper_student": "Classify if the following two concepts are the same.\n###First concept Conference_Paper:\nThe conference paper is the child of the workshop paper.\n###Second concept Author_of_paper_student:\nThe author of paper student is the child of a speaker who is a child of a person who is a child of a Thing.\nAnswer yes or no:",
	"ekaw#Conference_Paper;sigkdd#Best_Student_Paper_Award": "Classify if the following two concepts are the same.\n###First concept Conference_Paper:\nThe conference paper is the child of the workshop paper.\n###Second concept Best_Student_Paper_Award:\nThe best student paper award is the child of the award and the parent of the best research paper award.\nAnswer yes or no:",
	"ekaw#Conference_Paper;sigkdd#Conference_hall": "Classify if the following two concepts are the same.\n###First concept Conference_Paper:\nThe conference paper is the child of the workshop paper.\n###Second concept Conference_hall:\nThe conference hall is the child of the hotel.\nAnswer yes or no:",
	"ekaw#Conference_Paper;sigkdd#Best_Paper_Awards_Committee": "Classify if the following two concepts are the same.\n###First concept Conference_Paper:\nThe conference paper is the child of the workshop paper.\n###Second concept Best_Paper_Awards_Committee:\nThe best paper awards committee is the child of the committee and the parent of the program committee.\nAnswer yes or no:",
	"ekaw#Conference_Paper;sigkdd#Organizing_Committee": "Classify if the following two concepts are the same.\n###First concept Conference_Paper:\nThe conference paper is the child of the workshop paper.\n###Second concept Organizing_Committee:\nThe best paper awards committee is the parent of the committee which is the organizing committee.\nAnswer yes or no:",
	"ekaw#Conference_Paper;sigkdd#Best_Research_Paper_Award": "Classify if the following two concepts are the same.\n###First concept Conference_Paper:\nThe conference paper is the child of the workshop paper.\n###Second concept Best_Research_Paper_Award:\nThe best research paper award is the child of the award and the parent of the best student paper award.\nAnswer yes or no:",
	"ekaw#Conference_Paper;sigkdd#Best_Student_Paper_Supporter": "Classify if the following two concepts are the same.\n###First concept Conference_Paper:\nThe conference paper is the child of the workshop paper.\n###Second concept Best_Student_Paper_Supporter:\nThe best student paper supporter is the child of the sponsor who is the parent of the platinum supporter.\nAnswer yes or no:",
	"ekaw#Conference_Paper;sigkdd#Paper": "Classify if the following two concepts are the same.\n###First concept Conference_Paper:\nThe conference paper is the child of the workshop paper.\n###Second concept Paper:\nThe paper is the child of the document which is the parent of the review.\nAnswer yes or no:",
	"ekaw#Conference_Paper;sigkdd#Author_of_paper": "Classify if the following two concepts are the same.\n###First concept Conference_Paper:\nThe conference paper is the child of the workshop paper.\n###Second concept Author_of_paper:\nThe author of the paper is the child of the author and the speaker. The speaker is the parent of the invited speaker.\nAnswer yes or no:",
	"ekaw#Conference_Session;sigkdd#Conference_hall": "Classify if the following two concepts are the same.\n###First concept Conference_Session:\nThe conference session is the parent of the industrial session and the demo session.\n###Second concept Conference_hall:\nThe conference hall is the child of the hotel.\nAnswer yes or no:",
	"ekaw#Conference_Session;sigkdd#Organizing_Committee": "Classify if the following two concepts are the same.\n###First concept Conference_Session:\nThe conference session is the parent of the industrial session and the demo session.\n###Second concept Organizing_Committee:\nThe best paper awards committee is the parent of the committee which is the organizing committee.\nAnswer yes or no:",
	"ekaw#Conference_Session;sigkdd#Invited_Speaker": "Classify if the following two concepts are the same.\n###First concept Conference_Session:\nThe conference session is the parent of the industrial session and the demo session.\n###Second concept Invited_Speaker:\nThe invited speaker is the child of the speaker and the parent of the author of paper student.\nAnswer yes or no:",
	"ekaw#Poster_Session;sigkdd#Paper": "Classify if the following two concepts are the same.\n###First concept Poster_Session:\nThe poster session is a child of a scientific event.\n###Second concept Paper:\nThe paper is the child of the document which is the parent of the review.\nAnswer yes or no:",
	"ekaw#Abstract;sigkdd#Abstract": "Classify if the following two concepts are the same.\n###First concept Abstract:\nThe abstract is the parent of the tutorial abstract and the invited talk abstract. It is also the parent of review and negative review.\n###Second concept Abstract:\nAbstract is a child of document which is parented by paper.\nAnswer yes or no:",
	"ekaw#Document;sigkdd#Document": "Classify if the following two concepts are the same.\n###First concept Document:\nThe parent document of the web site is the document that is the parent of the conference proceedings. The conference proceedings are also the parent of the document which is also the parent of the abstract and the invited talk abstract.\n###Second concept Document:\nThe abstract of the document is the parent of the paper and the review document.\nAnswer yes or no:",
	"ekaw#Document;sigkdd#Author_of_paper_student": "Classify if the following two concepts are the same.\n###First concept Document:\nThe parent document of the web site is the document that is the parent of the conference proceedings. The conference proceedings are also the parent of the document which is also the parent of the abstract and the invited talk abstract.\n###Second concept Author_of_paper_student:\nThe author of paper student is the child of a speaker who is a child of a person who is a child of a Thing.\nAnswer yes or no:",
	"ekaw#Document;sigkdd#Main_office": "Classify if the following two concepts are the same.\n###First concept Document:\nThe parent document of the web site is the document that is the parent of the conference proceedings. The conference proceedings are also the parent of the document which is also the parent of the abstract and the invited talk abstract.\n###Second concept Main_office:\nThe main office is the child of the conference hall.\nAnswer yes or no:",
	"ekaw#Document;sigkdd#Paper": "Classify if the following two concepts are the same.\n###First concept Document:\nThe parent document of the web site is the document that is the parent of the conference proceedings. The conference proceedings are also the parent of the document which is also the parent of the abstract and the invited talk abstract.\n###Second concept Paper:\nThe paper is the child of the document which is the parent of the review.\nAnswer yes or no:",
	"ekaw#Document;sigkdd#Author_of_paper": "Classify if the following two concepts are the same.\n###First concept Document:\nThe parent document of the web site is the document that is the parent of the conference proceedings. The conference proceedings are also the parent of the document which is also the parent of the abstract and the invited talk abstract.\n###Second concept Author_of_paper:\nThe author of the paper is the child of the author and the speaker. The speaker is the parent of the invited speaker.\nAnswer yes or no:",
	"ekaw#Paper_Author;sigkdd#Document": "Classify if the following two concepts are the same.\n###First concept Paper_Author:\nThe paper author is a child of the person who is the parent of the student.\n###Second concept Document:\nThe abstract of the document is the parent of the paper and the review document.\nAnswer yes or no:",
	"ekaw#Paper_Author;sigkdd#Author_of_paper_student": "Classify if the following two concepts are the same.\n###First concept Paper_Author:\nThe paper author is a child of the person who is the parent of the student.\n###Second concept Author_of_paper_student:\nThe author of paper student is the child of a speaker who is a child of a person who is a child of a Thing.\nAnswer yes or no:",
	"ekaw#Paper_Author;sigkdd#Best_Student_Paper_Award": "Classify if the following two concepts are the same.\n###First concept Paper_Author:\nThe paper author is a child of the person who is the parent of the student.\n###Second concept Best_Student_Paper_Award:\nThe best student paper award is the child of the award and the parent of the best research paper award.\nAnswer yes or no:",
	"ekaw#Paper_Author;sigkdd#Author": "Classify if the following two concepts are the same.\n###First concept Paper_Author:\nThe paper author is a child of the person who is the parent of the student.\n###Second concept Author:\nThe author of paper is the parent of the author of paper student. The author is also the child of a speaker and a child of a Thing.\nAnswer yes or no:",
	"ekaw#Paper_Author;sigkdd#Person": "Classify if the following two concepts are the same.\n###First concept Paper_Author:\nThe paper author is a child of the person who is the parent of the student.\n###Second concept Person:\nThe speaker is the parent of the invited speaker and the listener. The organization is the parent of the program committee member and the child of Thing.\nAnswer yes or no:",
	"ekaw#Paper_Author;sigkdd#Best_Paper_Awards_Committee": "Classify if the following two concepts are the same.\n###First concept Paper_Author:\nThe paper author is a child of the person who is the parent of the student.\n###Second concept Best_Paper_Awards_Committee:\nThe best paper awards committee is the child of the committee and the parent of the program committee.\nAnswer yes or no:",
	"ekaw#Paper_Author;sigkdd#Registration_Non-Member": "Classify if the following two concepts are the same.\n###First concept Paper_Author:\nThe paper author is a child of the person who is the parent of the student.\n###Second concept Registration_Non-Member:\nThe registered non member is the child of the registration fee and the parent of the registered sigkdd member.\nAnswer yes or no:",
	"ekaw#Paper_Author;sigkdd#Paper": "Classify if the following two concepts are the same.\n###First concept Paper_Author:\nThe paper author is a child of the person who is the parent of the student.\n###Second concept Paper:\nThe paper is the child of the document which is the parent of the review.\nAnswer yes or no:",
	"ekaw#Paper_Author;sigkdd#Author_of_paper": "Classify if the following two concepts are the same.\n###First concept Paper_Author:\nThe paper author is a child of the person who is the parent of the student.\n###Second concept Author_of_paper:\nThe author of the paper is the child of the author and the speaker. The speaker is the parent of the invited speaker.\nAnswer yes or no:",
	"ekaw#Conference_Trip;sigkdd#Conference_hall": "Classify if the following two concepts are the same.\n###First concept Conference_Trip:\nThe conference trip is a child of a social event which is parented by a scientific event which is also parented by a track.\n###Second concept Conference_hall:\nThe conference hall is the child of the hotel.\nAnswer yes or no:",
	"ekaw#Social_Event;sigkdd#Listener": "Classify if the following two concepts are the same.\n###First concept Social_Event:\nThe social event is the parent of the conference trip and the conference banquet. It is also the parent of the scientific event which is also the parent of the tutorial.\n###Second concept Listener:\nThe child of a listener is a child of a Thing.\nAnswer yes or no:",
	"ekaw#Conference_Participant;sigkdd#Committee": "Classify if the following two concepts are the same.\n###First concept Conference_Participant:\nThe conference participant is the parent of the workshop chair and the program committee chair. The presenter is the invited speaker and the late registered participant is the presenter. The agency staff member is also a parent of the conference participant.\n###Second concept Committee:\nThe committee is the parent of the program committee, the organizing committee and the best paper awards committee.\nAnswer yes or no:",
	"ekaw#Conference_Participant;sigkdd#Conference_hall": "Classify if the following two concepts are the same.\n###First concept Conference_Participant:\nThe conference participant is the parent of the workshop chair and the program committee chair. The presenter is the invited speaker and the late registered participant is the presenter. The agency staff member is also a parent of the conference participant.\n###Second concept Conference_hall:\nThe conference hall is the child of the hotel.\nAnswer yes or no:",
	"ekaw#Conference_Participant;sigkdd#Organizing_Committee": "Classify if the following two concepts are the same.\n###First concept Conference_Participant:\nThe conference participant is the parent of the workshop chair and the program committee chair. The presenter is the invited speaker and the late registered participant is the presenter. The agency staff member is also a parent of the conference participant.\n###Second concept Organizing_Committee:\nThe best paper awards committee is the parent of the committee which is the organizing committee.\nAnswer yes or no:",
	"ekaw#Conference_Participant;sigkdd#Invited_Speaker": "Classify if the following two concepts are the same.\n###First concept Conference_Participant:\nThe conference participant is the parent of the workshop chair and the program committee chair. The presenter is the invited speaker and the late registered participant is the presenter. The agency staff member is also a parent of the conference participant.\n###Second concept Invited_Speaker:\nThe invited speaker is the child of the speaker and the parent of the author of paper student.\nAnswer yes or no:",
	"ekaw#Submitted_Paper;sigkdd#Document": "Classify if the following two concepts are the same.\n###First concept Submitted_Paper:\nThe paper submitted is the child of the paper which is also the parent of the camera ready paper. The assigned paper is the parent of the evaluated paper.\n###Second concept Document:\nThe abstract of the document is the parent of the paper and the review document.\nAnswer yes or no:",
	"ekaw#Submitted_Paper;sigkdd#Best_Applications_Paper_Award": "Classify if the following two concepts are the same.\n###First concept Submitted_Paper:\nThe paper submitted is the child of the paper which is also the parent of the camera ready paper. The assigned paper is the parent of the evaluated paper.\n###Second concept Best_Applications_Paper_Award:\nThe best applications paper award is the child of the best research paper award.\nAnswer yes or no:",
	"ekaw#Submitted_Paper;sigkdd#Deadline_Paper_Submission": "Classify if the following two concepts are the same.\n###First concept Submitted_Paper:\nThe paper submitted is the child of the paper which is also the parent of the camera ready paper. The assigned paper is the parent of the evaluated paper.\n###Second concept Deadline_Paper_Submission:\nThe deadline for paper submission is the child of the deadline and the parent of the deadline author notification.\nAnswer yes or no:",
	"ekaw#Submitted_Paper;sigkdd#Author_of_paper_student": "Classify if the following two concepts are the same.\n###First concept Submitted_Paper:\nThe paper submitted is the child of the paper which is also the parent of the camera ready paper. The assigned paper is the parent of the evaluated paper.\n###Second concept Author_of_paper_student:\nThe author of paper student is the child of a speaker who is a child of a person who is a child of a Thing.\nAnswer yes or no:",
	"ekaw#Submitted_Paper;sigkdd#Best_Student_Paper_Award": "Classify if the following two concepts are the same.\n###First concept Submitted_Paper:\nThe paper submitted is the child of the paper which is also the parent of the camera ready paper. The assigned paper is the parent of the evaluated paper.\n###Second concept Best_Student_Paper_Award:\nThe best student paper award is the child of the award and the parent of the best research paper award.\nAnswer yes or no:",
	"ekaw#Submitted_Paper;sigkdd#Best_Paper_Awards_Committee": "Classify if the following two concepts are the same.\n###First concept Submitted_Paper:\nThe paper submitted is the child of the paper which is also the parent of the camera ready paper. The assigned paper is the parent of the evaluated paper.\n###Second concept Best_Paper_Awards_Committee:\nThe best paper awards committee is the child of the committee and the parent of the program committee.\nAnswer yes or no:",
	"ekaw#Submitted_Paper;sigkdd#Best_Research_Paper_Award": "Classify if the following two concepts are the same.\n###First concept Submitted_Paper:\nThe paper submitted is the child of the paper which is also the parent of the camera ready paper. The assigned paper is the parent of the evaluated paper.\n###Second concept Best_Research_Paper_Award:\nThe best research paper award is the child of the award and the parent of the best student paper award.\nAnswer yes or no:",
	"ekaw#Submitted_Paper;sigkdd#Best_Student_Paper_Supporter": "Classify if the following two concepts are the same.\n###First concept Submitted_Paper:\nThe paper submitted is the child of the paper which is also the parent of the camera ready paper. The assigned paper is the parent of the evaluated paper.\n###Second concept Best_Student_Paper_Supporter:\nThe best student paper supporter is the child of the sponsor who is the parent of the platinum supporter.\nAnswer yes or no:",
	"ekaw#Submitted_Paper;sigkdd#Paper": "Classify if the following two concepts are the same.\n###First concept Submitted_Paper:\nThe paper submitted is the child of the paper which is also the parent of the camera ready paper. The assigned paper is the parent of the evaluated paper.\n###Second concept Paper:\nThe paper is the child of the document which is the parent of the review.\nAnswer yes or no:",
	"ekaw#Submitted_Paper;sigkdd#Author_of_paper": "Classify if the following two concepts are the same.\n###First concept Submitted_Paper:\nThe paper submitted is the child of the paper which is also the parent of the camera ready paper. The assigned paper is the parent of the evaluated paper.\n###Second concept Author_of_paper:\nThe author of the paper is the child of the author and the speaker. The speaker is the parent of the invited speaker.\nAnswer yes or no:",
	"ekaw#Assigned_Paper;sigkdd#Best_Applications_Paper_Award": "Classify if the following two concepts are the same.\n###First concept Assigned_Paper:\nThe assigned paper is the parent of the evaluated paper, the accepted paper and the submitted paper. The paper is also the parent of the camera ready paper.\n###Second concept Best_Applications_Paper_Award:\nThe best applications paper award is the child of the best research paper award.\nAnswer yes or no:",
	"ekaw#Assigned_Paper;sigkdd#Deadline_Paper_Submission": "Classify if the following two concepts are the same.\n###First concept Assigned_Paper:\nThe assigned paper is the parent of the evaluated paper, the accepted paper and the submitted paper. The paper is also the parent of the camera ready paper.\n###Second concept Deadline_Paper_Submission:\nThe deadline for paper submission is the child of the deadline and the parent of the deadline author notification.\nAnswer yes or no:",
	"ekaw#Assigned_Paper;sigkdd#Author_of_paper_student": "Classify if the following two concepts are the same.\n###First concept Assigned_Paper:\nThe assigned paper is the parent of the evaluated paper, the accepted paper and the submitted paper. The paper is also the parent of the camera ready paper.\n###Second concept Author_of_paper_student:\nThe author of paper student is the child of a speaker who is a child of a person who is a child of a Thing.\nAnswer yes or no:",
	"ekaw#Assigned_Paper;sigkdd#Best_Student_Paper_Award": "Classify if the following two concepts are the same.\n###First concept Assigned_Paper:\nThe assigned paper is the parent of the evaluated paper, the accepted paper and the submitted paper. The paper is also the parent of the camera ready paper.\n###Second concept Best_Student_Paper_Award:\nThe best student paper award is the child of the award and the parent of the best research paper award.\nAnswer yes or no:",
	"ekaw#Assigned_Paper;sigkdd#Registration_SIGMOD_Member": "Classify if the following two concepts are the same.\n###First concept Assigned_Paper:\nThe assigned paper is the parent of the evaluated paper, the accepted paper and the submitted paper. The paper is also the parent of the camera ready paper.\n###Second concept Registration_SIGMOD_Member:\nThe registration fee for sigkdd members is the child of the registration fee.\nAnswer yes or no:",
	"ekaw#Assigned_Paper;sigkdd#Best_Paper_Awards_Committee": "Classify if the following two concepts are the same.\n###First concept Assigned_Paper:\nThe assigned paper is the parent of the evaluated paper, the accepted paper and the submitted paper. The paper is also the parent of the camera ready paper.\n###Second concept Best_Paper_Awards_Committee:\nThe best paper awards committee is the child of the committee and the parent of the program committee.\nAnswer yes or no:",
	"ekaw#Assigned_Paper;sigkdd#Best_Research_Paper_Award": "Classify if the following two concepts are the same.\n###First concept Assigned_Paper:\nThe assigned paper is the parent of the evaluated paper, the accepted paper and the submitted paper. The paper is also the parent of the camera ready paper.\n###Second concept Best_Research_Paper_Award:\nThe best research paper award is the child of the award and the parent of the best student paper award.\nAnswer yes or no:",
	"ekaw#Assigned_Paper;sigkdd#Best_Student_Paper_Supporter": "Classify if the following two concepts are the same.\n###First concept Assigned_Paper:\nThe assigned paper is the parent of the evaluated paper, the accepted paper and the submitted paper. The paper is also the parent of the camera ready paper.\n###Second concept Best_Student_Paper_Supporter:\nThe best student paper supporter is the child of the sponsor who is the parent of the platinum supporter.\nAnswer yes or no:",
	"ekaw#Assigned_Paper;sigkdd#Author_of_paper": "Classify if the following two concepts are the same.\n###First concept Assigned_Paper:\nThe assigned paper is the parent of the evaluated paper, the accepted paper and the submitted paper. The paper is also the parent of the camera ready paper.\n###Second concept Author_of_paper:\nThe author of the paper is the child of the author and the speaker. The speaker is the parent of the invited speaker.\nAnswer yes or no:",
	"ekaw#Review;sigkdd#Review": "Classify if the following two concepts are the same.\n###First concept Review:\nReview is the parent of both the positive review and the neutral review. It is the parent of the conference proceedings and the multi author volume.\n###Second concept Review:\nReview is a child of document which is parented by paper.\nAnswer yes or no:",
	"ekaw#Organising_Agency;sigkdd#Organizing_Committee": "Classify if the following two concepts are the same.\n###First concept Organising_Agency:\nThe organising agency is a child of the organisation which is parented by an academic institution.\n###Second concept Organizing_Committee:\nThe best paper awards committee is the parent of the committee which is the organizing committee.\nAnswer yes or no:",
	"ekaw#Organising_Agency;sigkdd#Organizing_Committee_member": "Classify if the following two concepts are the same.\n###First concept Organising_Agency:\nThe organising agency is a child of the organisation which is parented by an academic institution.\n###Second concept Organizing_Committee_member:\nThe organizing committee member is a child of an organization which is a child of a person who is a child of a Thing.\nAnswer yes or no:",
	"ekaw#Organisation;sigkdd#Abstract": "Classify if the following two concepts are the same.\n###First concept Organisation:\nThe parent organisation is the academic institution, the research institute, the organising agency and the proceedings publisher.\n###Second concept Abstract:\nAbstract is a child of document which is parented by paper.\nAnswer yes or no:",
	"ekaw#Organisation;sigkdd#Committee": "Classify if the following two concepts are the same.\n###First concept Organisation:\nThe parent organisation is the academic institution, the research institute, the organising agency and the proceedings publisher.\n###Second concept Committee:\nThe committee is the parent of the program committee, the organizing committee and the best paper awards committee.\nAnswer yes or no:",
	"ekaw#Organisation;sigkdd#Organizing_Committee": "Classify if the following two concepts are the same.\n###First concept Organisation:\nThe parent organisation is the academic institution, the research institute, the organising agency and the proceedings publisher.\n###Second concept Organizing_Committee:\nThe best paper awards committee is the parent of the committee which is the organizing committee.\nAnswer yes or no:",
	"ekaw#Organisation;sigkdd#Organizing_Committee_member": "Classify if the following two concepts are the same.\n###First concept Organisation:\nThe parent organisation is the academic institution, the research institute, the organising agency and the proceedings publisher.\n###Second concept Organizing_Committee_member:\nThe organizing committee member is a child of an organization which is a child of a person who is a child of a Thing.\nAnswer yes or no:",
	"ekaw#Proceedings_Publisher;sigkdd#Document": "Classify if the following two concepts are the same.\n###First concept Proceedings_Publisher:\nThe proceedings publisher is a child of an organisation which is parented by an academic institution and a research institute.\n###Second concept Document:\nThe abstract of the document is the parent of the paper and the review document.\nAnswer yes or no:",
	"ekaw#Proceedings_Publisher;sigkdd#Exhibitor": "Classify if the following two concepts are the same.\n###First concept Proceedings_Publisher:\nThe proceedings publisher is a child of an organisation which is parented by an academic institution and a research institute.\n###Second concept Exhibitor:\nThe best student paper supporter is the parent of the exhibitors who are the child of the sponsor.\nAnswer yes or no:",
	"ekaw#Poster_Paper;sigkdd#Document": "Classify if the following two concepts are the same.\n###First concept Poster_Paper:\nThe poster paper is a child of paper which is parented by the submitted paper and the assigned paper.\n###Second concept Document:\nThe abstract of the document is the parent of the paper and the review document.\nAnswer yes or no:",
	"ekaw#Poster_Paper;sigkdd#Best_Applications_Paper_Award": "Classify if the following two concepts are the same.\n###First concept Poster_Paper:\nThe poster paper is a child of paper which is parented by the submitted paper and the assigned paper.\n###Second concept Best_Applications_Paper_Award:\nThe best applications paper award is the child of the best research paper award.\nAnswer yes or no:",
	"ekaw#Poster_Paper;sigkdd#Author_of_paper_student": "Classify if the following two concepts are the same.\n###First concept Poster_Paper:\nThe poster paper is a child of paper which is parented by the submitted paper and the assigned paper.\n###Second concept Author_of_paper_student:\nThe author of paper student is the child of a speaker who is a child of a person who is a child of a Thing.\nAnswer yes or no:",
	"ekaw#Poster_Paper;sigkdd#Best_Student_Paper_Award": "Classify if the following two concepts are the same.\n###First concept Poster_Paper:\nThe poster paper is a child of paper which is parented by the submitted paper and the assigned paper.\n###Second concept Best_Student_Paper_Award:\nThe best student paper award is the child of the award and the parent of the best research paper award.\nAnswer yes or no:",
	"ekaw#Poster_Paper;sigkdd#Best_Paper_Awards_Committee": "Classify if the following two concepts are the same.\n###First concept Poster_Paper:\nThe poster paper is a child of paper which is parented by the submitted paper and the assigned paper.\n###Second concept Best_Paper_Awards_Committee:\nThe best paper awards committee is the child of the committee and the parent of the program committee.\nAnswer yes or no:",
	"ekaw#Poster_Paper;sigkdd#Best_Research_Paper_Award": "Classify if the following two concepts are the same.\n###First concept Poster_Paper:\nThe poster paper is a child of paper which is parented by the submitted paper and the assigned paper.\n###Second concept Best_Research_Paper_Award:\nThe best research paper award is the child of the award and the parent of the best student paper award.\nAnswer yes or no:",
	"ekaw#Poster_Paper;sigkdd#Best_Student_Paper_Supporter": "Classify if the following two concepts are the same.\n###First concept Poster_Paper:\nThe poster paper is a child of paper which is parented by the submitted paper and the assigned paper.\n###Second concept Best_Student_Paper_Supporter:\nThe best student paper supporter is the child of the sponsor who is the parent of the platinum supporter.\nAnswer yes or no:",
	"ekaw#Poster_Paper;sigkdd#Paper": "Classify if the following two concepts are the same.\n###First concept Poster_Paper:\nThe poster paper is a child of paper which is parented by the submitted paper and the assigned paper.\n###Second concept Paper:\nThe paper is the child of the document which is the parent of the review.\nAnswer yes or no:",
	"ekaw#Poster_Paper;sigkdd#Author_of_paper": "Classify if the following two concepts are the same.\n###First concept Poster_Paper:\nThe poster paper is a child of paper which is parented by the submitted paper and the assigned paper.\n###Second concept Author_of_paper:\nThe author of the paper is the child of the author and the speaker. The speaker is the parent of the invited speaker.\nAnswer yes or no:",
	"ekaw#Regular_Paper;sigkdd#Document": "Classify if the following two concepts are the same.\n###First concept Regular_Paper:\nThe regular paper is the child of paper and the parent of poster paper.\n###Second concept Document:\nThe abstract of the document is the parent of the paper and the review document.\nAnswer yes or no:",
	"ekaw#Regular_Paper;sigkdd#Best_Applications_Paper_Award": "Classify if the following two concepts are the same.\n###First concept Regular_Paper:\nThe regular paper is the child of paper and the parent of poster paper.\n###Second concept Best_Applications_Paper_Award:\nThe best applications paper award is the child of the best research paper award.\nAnswer yes or no:",
	"ekaw#Regular_Paper;sigkdd#Author_of_paper_student": "Classify if the following two concepts are the same.\n###First concept Regular_Paper:\nThe regular paper is the child of paper and the parent of poster paper.\n###Second concept Author_of_paper_student:\nThe author of paper student is the child of a speaker who is a child of a person who is a child of a Thing.\nAnswer yes or no:",
	"ekaw#Regular_Paper;sigkdd#Best_Student_Paper_Award": "Classify if the following two concepts are the same.\n###First concept Regular_Paper:\nThe regular paper is the child of paper and the parent of poster paper.\n###Second concept Best_Student_Paper_Award:\nThe best student paper award is the child of the award and the parent of the best research paper award.\nAnswer yes or no:",
	"ekaw#Regular_Paper;sigkdd#Best_Paper_Awards_Committee": "Classify if the following two concepts are the same.\n###First concept Regular_Paper:\nThe regular paper is the child of paper and the parent of poster paper.\n###Second concept Best_Paper_Awards_Committee:\nThe best paper awards committee is the child of the committee and the parent of the program committee.\nAnswer yes or no:",
	"ekaw#Regular_Paper;sigkdd#Main_office": "Classify if the following two concepts are the same.\n###First concept Regular_Paper:\nThe regular paper is the child of paper and the parent of poster paper.\n###Second concept Main_office:\nThe main office is the child of the conference hall.\nAnswer yes or no:",
	"ekaw#Regular_Paper;sigkdd#Best_Research_Paper_Award": "Classify if the following two concepts are the same.\n###First concept Regular_Paper:\nThe regular paper is the child of paper and the parent of poster paper.\n###Second concept Best_Research_Paper_Award:\nThe best research paper award is the child of the award and the parent of the best student paper award.\nAnswer yes or no:",
	"ekaw#Regular_Paper;sigkdd#Best_Student_Paper_Supporter": "Classify if the following two concepts are the same.\n###First concept Regular_Paper:\nThe regular paper is the child of paper and the parent of poster paper.\n###Second concept Best_Student_Paper_Supporter:\nThe best student paper supporter is the child of the sponsor who is the parent of the platinum supporter.\nAnswer yes or no:",
	"ekaw#Regular_Paper;sigkdd#Paper": "Classify if the following two concepts are the same.\n###First concept Regular_Paper:\nThe regular paper is the child of paper and the parent of poster paper.\n###Second concept Paper:\nThe paper is the child of the document which is the parent of the review.\nAnswer yes or no:",
	"ekaw#Regular_Paper;sigkdd#Author_of_paper": "Classify if the following two concepts are the same.\n###First concept Regular_Paper:\nThe regular paper is the child of paper and the parent of poster paper.\n###Second concept Author_of_paper:\nThe author of the paper is the child of the author and the speaker. The speaker is the parent of the invited speaker.\nAnswer yes or no:",
	"ekaw#Demo_Paper;sigkdd#Document": "Classify if the following two concepts are the same.\n###First concept Demo_Paper:\nDemo paper is a child of paper and is also a child of a document. Review is the parent of positive review.\n###Second concept Document:\nThe abstract of the document is the parent of the paper and the review document.\nAnswer yes or no:",
	"ekaw#Demo_Paper;sigkdd#Best_Student_Paper_Award": "Classify if the following two concepts are the same.\n###First concept Demo_Paper:\nDemo paper is a child of paper and is also a child of a document. Review is the parent of positive review.\n###Second concept Best_Student_Paper_Award:\nThe best student paper award is the child of the award and the parent of the best research paper award.\nAnswer yes or no:",
	"ekaw#Demo_Paper;sigkdd#Best_Paper_Awards_Committee": "Classify if the following two concepts are the same.\n###First concept Demo_Paper:\nDemo paper is a child of paper and is also a child of a document. Review is the parent of positive review.\n###Second concept Best_Paper_Awards_Committee:\nThe best paper awards committee is the child of the committee and the parent of the program committee.\nAnswer yes or no:",
	"ekaw#Demo_Paper;sigkdd#Best_Research_Paper_Award": "Classify if the following two concepts are the same.\n###First concept Demo_Paper:\nDemo paper is a child of paper and is also a child of a document. Review is the parent of positive review.\n###Second concept Best_Research_Paper_Award:\nThe best research paper award is the child of the award and the parent of the best student paper award.\nAnswer yes or no:",
	"ekaw#Demo_Paper;sigkdd#Best_Student_Paper_Supporter": "Classify if the following two concepts are the same.\n###First concept Demo_Paper:\nDemo paper is a child of paper and is also a child of a document. Review is the parent of positive review.\n###Second concept Best_Student_Paper_Supporter:\nThe best student paper supporter is the child of the sponsor who is the parent of the platinum supporter.\nAnswer yes or no:",
	"ekaw#Demo_Paper;sigkdd#Paper": "Classify if the following two concepts are the same.\n###First concept Demo_Paper:\nDemo paper is a child of paper and is also a child of a document. Review is the parent of positive review.\n###Second concept Paper:\nThe paper is the child of the document which is the parent of the review.\nAnswer yes or no:",
	"ekaw#Demo_Paper;sigkdd#Author_of_paper": "Classify if the following two concepts are the same.\n###First concept Demo_Paper:\nDemo paper is a child of paper and is also a child of a document. Review is the parent of positive review.\n###Second concept Author_of_paper:\nThe author of the paper is the child of the author and the speaker. The speaker is the parent of the invited speaker.\nAnswer yes or no:",
	"ekaw#Research_Institute;sigkdd#Author": "Classify if the following two concepts are the same.\n###First concept Research_Institute:\nThe research institute is the child of the academic institution which is the parent of the university.\n###Second concept Author:\nThe author of paper is the parent of the author of paper student. The author is also the child of a speaker and a child of a Thing.\nAnswer yes or no:",
	"ekaw#Invited_Talk_Abstract;sigkdd#Invited_Speaker": "Classify if the following two concepts are the same.\n###First concept Invited_Talk_Abstract:\nThe invited talk abstract is the child of the abstract and the tutorial abstract.\n###Second concept Invited_Speaker:\nThe invited speaker is the child of the speaker and the parent of the author of paper student.\nAnswer yes or no:",
	"ekaw#Agency_Staff_Member;sigkdd#Registration_SIGMOD_Member": "Classify if the following two concepts are the same.\n###First concept Agency_Staff_Member:\nThe agency staff member is the child of a person who is the parent of a possible reviewer. The program committee member is the child of a conference participant and the program committee chair is the child of an early registered participant.\n###Second concept Registration_SIGMOD_Member:\nThe registration fee for sigkdd members is the child of the registration fee.\nAnswer yes or no:",
	"ekaw#Agency_Staff_Member;sigkdd#Committee": "Classify if the following two concepts are the same.\n###First concept Agency_Staff_Member:\nThe agency staff member is the child of a person who is the parent of a possible reviewer. The program committee member is the child of a conference participant and the program committee chair is the child of an early registered participant.\n###Second concept Committee:\nThe committee is the parent of the program committee, the organizing committee and the best paper awards committee.\nAnswer yes or no:",
	"ekaw#Agency_Staff_Member;sigkdd#Registration_Non-Member": "Classify if the following two concepts are the same.\n###First concept Agency_Staff_Member:\nThe agency staff member is the child of a person who is the parent of a possible reviewer. The program committee member is the child of a conference participant and the program committee chair is the child of an early registered participant.\n###Second concept Registration_Non-Member:\nThe registered non member is the child of the registration fee and the parent of the registered sigkdd member.\nAnswer yes or no:",
	"ekaw#Agency_Staff_Member;sigkdd#Registration_SIGKDD_Member": "Classify if the following two concepts are the same.\n###First concept Agency_Staff_Member:\nThe agency staff member is the child of a person who is the parent of a possible reviewer. The program committee member is the child of a conference participant and the program committee chair is the child of an early registered participant.\n###Second concept Registration_SIGKDD_Member:\nThe registration fee for sigkdd members is child of the registration fee and the parent of the sponsor fee.\nAnswer yes or no:",
	"ekaw#Agency_Staff_Member;sigkdd#Program_Committee_member": "Classify if the following two concepts are the same.\n###First concept Agency_Staff_Member:\nThe agency staff member is the child of a person who is the parent of a possible reviewer. The program committee member is the child of a conference participant and the program committee chair is the child of an early registered participant.\n###Second concept Program_Committee_member:\nThe program committee member is a child of the organization which is parented by the general chair.\nAnswer yes or no:",
	"ekaw#Agency_Staff_Member;sigkdd#Organizing_Committee_member": "Classify if the following two concepts are the same.\n###First concept Agency_Staff_Member:\nThe agency staff member is the child of a person who is the parent of a possible reviewer. The program committee member is the child of a conference participant and the program committee chair is the child of an early registered participant.\n###Second concept Organizing_Committee_member:\nThe organizing committee member is a child of an organization which is a child of a person who is a child of a Thing.\nAnswer yes or no:",
	"ekaw#Workshop_Session;sigkdd#Organizing_Committee": "Classify if the following two concepts are the same.\n###First concept Workshop_Session:\nThe workshop session is the child of the poster session.\n###Second concept Organizing_Committee:\nThe best paper awards committee is the parent of the committee which is the organizing committee.\nAnswer yes or no:",
	"ekaw#Invited_Talk;sigkdd#Invited_Speaker": "Classify if the following two concepts are the same.\n###First concept Invited_Talk:\nThe invited talk is the child of the individual presentation and the contributed talk.\n###Second concept Invited_Speaker:\nThe invited speaker is the child of the speaker and the parent of the author of paper student.\nAnswer yes or no:",
	"ekaw#Workshop;sigkdd#Exhibitor": "Classify if the following two concepts are the same.\n###First concept Workshop:\nThe workshop is a child of a scientific event which is parented by a social event.\n###Second concept Exhibitor:\nThe best student paper supporter is the parent of the exhibitors who are the child of the sponsor.\nAnswer yes or no:",
	"ekaw#Workshop;sigkdd#Conference_hall": "Classify if the following two concepts are the same.\n###First concept Workshop:\nThe workshop is a child of a scientific event which is parented by a social event.\n###Second concept Conference_hall:\nThe conference hall is the child of the hotel.\nAnswer yes or no:",
	"ekaw#Workshop;sigkdd#Organizing_Committee": "Classify if the following two concepts are the same.\n###First concept Workshop:\nThe workshop is a child of a scientific event which is parented by a social event.\n###Second concept Organizing_Committee:\nThe best paper awards committee is the parent of the committee which is the organizing committee.\nAnswer yes or no:",
	"ekaw#Contributed_Talk;sigkdd#Program_Committee": "Classify if the following two concepts are the same.\n###First concept Contributed_Talk:\nContributed talk is child of individual presentation which is child of a scientific event.\n###Second concept Program_Committee:\nThe program committee is the child of the committee which is the parent of the organizing committee.\nAnswer yes or no:",
	"ekaw#Contributed_Talk;sigkdd#Organizing_Committee": "Classify if the following two concepts are the same.\n###First concept Contributed_Talk:\nContributed talk is child of individual presentation which is child of a scientific event.\n###Second concept Organizing_Committee:\nThe best paper awards committee is the parent of the committee which is the organizing committee.\nAnswer yes or no:",
	"ekaw#Contributed_Talk;sigkdd#Invited_Speaker": "Classify if the following two concepts are the same.\n###First concept Contributed_Talk:\nContributed talk is child of individual presentation which is child of a scientific event.\n###Second concept Invited_Speaker:\nThe invited speaker is the child of the speaker and the parent of the author of paper student.\nAnswer yes or no:",
	"ekaw#Conference;sigkdd#Committee": "Classify if the following two concepts are the same.\n###First concept Conference:\nThe conference is the parent of the scientific event which is the parent of the poster session.\n###Second concept Committee:\nThe committee is the parent of the program committee, the organizing committee and the best paper awards committee.\nAnswer yes or no:",
	"ekaw#Conference;sigkdd#Conference_hall": "Classify if the following two concepts are the same.\n###First concept Conference:\nThe conference is the parent of the scientific event which is the parent of the poster session.\n###Second concept Conference_hall:\nThe conference hall is the child of the hotel.\nAnswer yes or no:",
	"ekaw#Demo_Chair;sigkdd#Program_Chair": "Classify if the following two concepts are the same.\n###First concept Demo_Chair:\nThe demo chair is the child of the conference participant and the parent of the paper author. The program committee member is the child of a possible reviewer and the program committee member is the child of the program committee member.\n###Second concept Program_Chair:\nThe program chair is a child of an organization which is parented by a speaker.\nAnswer yes or no:",
	"ekaw#Demo_Chair;sigkdd#General_Chair": "Classify if the following two concepts are the same.\n###First concept Demo_Chair:\nThe demo chair is the child of the conference participant and the parent of the paper author. The program committee member is the child of a possible reviewer and the program committee member is the child of the program committee member.\n###Second concept General_Chair:\nThe general chair is a child of an organization which is a child of a person who is a child of a Thing.\nAnswer yes or no:",
	"ekaw#Tutorial_Chair;sigkdd#Program_Chair": "Classify if the following two concepts are the same.\n###First concept Tutorial_Chair:\nThe child of a conference participant is the child of a program committee member and a possible reviewer. The child of a program committee member is the child of a parent of an agency staff member.\n###Second concept Program_Chair:\nThe program chair is a child of an organization which is parented by a speaker.\nAnswer yes or no:",
	"ekaw#Tutorial_Chair;sigkdd#General_Chair": "Classify if the following two concepts are the same.\n###First concept Tutorial_Chair:\nThe child of a conference participant is the child of a program committee member and a possible reviewer. The child of a program committee member is the child of a parent of an agency staff member.\n###Second concept General_Chair:\nThe general chair is a child of an organization which is a child of a person who is a child of a Thing.\nAnswer yes or no:",
	"ekaw#PC_Chair;sigkdd#Program_Chair": "Classify if the following two concepts are the same.\n###First concept PC_Chair:\nThe program committee chair is the child of the program committee member and the workshop chair. The workshop chair is the child of a conference participant.\n###Second concept Program_Chair:\nThe program chair is a child of an organization which is parented by a speaker.\nAnswer yes or no:",
	"ekaw#PC_Chair;sigkdd#General_Chair": "Classify if the following two concepts are the same.\n###First concept PC_Chair:\nThe program committee chair is the child of the program committee member and the workshop chair. The workshop chair is the child of a conference participant.\n###Second concept General_Chair:\nThe general chair is a child of an organization which is a child of a person who is a child of a Thing.\nAnswer yes or no:",
	"ekaw#PC_Member;sigkdd#Registration_SIGMOD_Member": "Classify if the following two concepts are the same.\n###First concept PC_Member:\nThe program committee chair is the parent of the conference participant, the tutorial chair and the session chair. The program committee member is also the parent of the workshop chair and the program committee member is the parent of the workshop chair. The child of the program committee member is the child of the paper author and the child of the possible reviewer.\n###Second concept Registration_SIGMOD_Member:\nThe registration fee for sigkdd members is the child of the registration fee.\nAnswer yes or no:",
	"ekaw#PC_Member;sigkdd#Registration_fee": "Classify if the following two concepts are the same.\n###First concept PC_Member:\nThe program committee chair is the parent of the conference participant, the tutorial chair and the session chair. The program committee member is also the parent of the workshop chair and the program committee member is the parent of the workshop chair. The child of the program committee member is the child of the paper author and the child of the possible reviewer.\n###Second concept Registration_fee:\nThe registration fee is for the sigkdd member, the registered student and the registered non member. The parent of the student is the registration student and the child is the sponsor.\nAnswer yes or no:",
	"ekaw#PC_Member;sigkdd#Registration_Non-Member": "Classify if the following two concepts are the same.\n###First concept PC_Member:\nThe program committee chair is the parent of the conference participant, the tutorial chair and the session chair. The program committee member is also the parent of the workshop chair and the program committee member is the parent of the workshop chair. The child of the program committee member is the child of the paper author and the child of the possible reviewer.\n###Second concept Registration_Non-Member:\nThe registered non member is the child of the registration fee and the parent of the registered sigkdd member.\nAnswer yes or no:",
	"ekaw#PC_Member;sigkdd#Registration_SIGKDD_Member": "Classify if the following two concepts are the same.\n###First concept PC_Member:\nThe program committee chair is the parent of the conference participant, the tutorial chair and the session chair. The program committee member is also the parent of the workshop chair and the program committee member is the parent of the workshop chair. The child of the program committee member is the child of the paper author and the child of the possible reviewer.\n###Second concept Registration_SIGKDD_Member:\nThe registration fee for sigkdd members is child of the registration fee and the parent of the sponsor fee.\nAnswer yes or no:",
	"ekaw#PC_Member;sigkdd#Program_Committee_member": "Classify if the following two concepts are the same.\n###First concept PC_Member:\nThe program committee chair is the parent of the conference participant, the tutorial chair and the session chair. The program committee member is also the parent of the workshop chair and the program committee member is the parent of the workshop chair. The child of the program committee member is the child of the paper author and the child of the possible reviewer.\n###Second concept Program_Committee_member:\nThe program committee member is a child of the organization which is parented by the general chair.\nAnswer yes or no:",
	"ekaw#PC_Member;sigkdd#Organizing_Committee_member": "Classify if the following two concepts are the same.\n###First concept PC_Member:\nThe program committee chair is the parent of the conference participant, the tutorial chair and the session chair. The program committee member is also the parent of the workshop chair and the program committee member is the parent of the workshop chair. The child of the program committee member is the child of the paper author and the child of the possible reviewer.\n###Second concept Organizing_Committee_member:\nThe organizing committee member is a child of an organization which is a child of a person who is a child of a Thing.\nAnswer yes or no:",
	"ekaw#Proceedings;sigkdd#Document": "Classify if the following two concepts are the same.\n###First concept Proceedings:\nThe conference proceedings are parented to the conference proceedings. The abstract and the tutorial abstract are also parented to the multi author volume.\n###Second concept Document:\nThe abstract of the document is the parent of the paper and the review document.\nAnswer yes or no:",
	"ekaw#Proceedings;sigkdd#Committee": "Classify if the following two concepts are the same.\n###First concept Proceedings:\nThe conference proceedings are parented to the conference proceedings. The abstract and the tutorial abstract are also parented to the multi author volume.\n###Second concept Committee:\nThe committee is the parent of the program committee, the organizing committee and the best paper awards committee.\nAnswer yes or no:",
	"ekaw#Proceedings;sigkdd#Conference_hall": "Classify if the following two concepts are the same.\n###First concept Proceedings:\nThe conference proceedings are parented to the conference proceedings. The abstract and the tutorial abstract are also parented to the multi author volume.\n###Second concept Conference_hall:\nThe conference hall is the child of the hotel.\nAnswer yes or no:",
	"ekaw#Programme_Brochure;sigkdd#Main_office": "Classify if the following two concepts are the same.\n###First concept Programme_Brochure:\nThe programme brochure is a child of document which is parented by paper.\n###Second concept Main_office:\nThe main office is the child of the conference hall.\nAnswer yes or no:",
	"ekaw#Programme_Brochure;sigkdd#Program_Committee": "Classify if the following two concepts are the same.\n###First concept Programme_Brochure:\nThe programme brochure is a child of document which is parented by paper.\n###Second concept Program_Committee:\nThe program committee is the child of the committee which is the parent of the organizing committee.\nAnswer yes or no:",
	"ekaw#Web_Site;sigkdd#Place": "Classify if the following two concepts are the same.\n###First concept Web_Site:\nThe web site is a child of a document which is parented by paper.\n###Second concept Place:\nThe main office is the parent of the conference hall and the hotel.\nAnswer yes or no:",
	"ekaw#Web_Site;sigkdd#Webmaster": "Classify if the following two concepts are the same.\n###First concept Web_Site:\nThe web site is a child of a document which is parented by paper.\n###Second concept Webmaster:\nThe webmaster is a child of the organization which is parented by a member of the program committee.\nAnswer yes or no:",
	"ekaw#Individual_Presentation;sigkdd#Exhibitor": "Classify if the following two concepts are the same.\n###First concept Individual_Presentation:\nThe individual presentation is the parent of the contributed talk and the invited talk. It is also the child of the scientific event, the conference and the tutorial.\n###Second concept Exhibitor:\nThe best student paper supporter is the parent of the exhibitors who are the child of the sponsor.\nAnswer yes or no:",
	"ekaw#Conference_Banquet;sigkdd#Conference_hall": "Classify if the following two concepts are the same.\n###First concept Conference_Banquet:\nThe conference banquet is the child of the social event which is the parent of the conference trip.\n###Second concept Conference_hall:\nThe conference hall is the child of the hotel.\nAnswer yes or no:",
	"ekaw#Workshop_Chair;sigkdd#Exhibitor": "Classify if the following two concepts are the same.\n###First concept Workshop_Chair:\nThe workshop chair is the child of a conference participant, a student and a program committee member. The session chair is also a child of a program committee member.\n###Second concept Exhibitor:\nThe best student paper supporter is the parent of the exhibitors who are the child of the sponsor.\nAnswer yes or no:",
	"ekaw#Workshop_Chair;sigkdd#Program_Chair": "Classify if the following two concepts are the same.\n###First concept Workshop_Chair:\nThe workshop chair is the child of a conference participant, a student and a program committee member. The session chair is also a child of a program committee member.\n###Second concept Program_Chair:\nThe program chair is a child of an organization which is parented by a speaker.\nAnswer yes or no:",
	"ekaw#Workshop_Chair;sigkdd#General_Chair": "Classify if the following two concepts are the same.\n###First concept Workshop_Chair:\nThe workshop chair is the child of a conference participant, a student and a program committee member. The session chair is also a child of a program committee member.\n###Second concept General_Chair:\nThe general chair is a child of an organization which is a child of a person who is a child of a Thing.\nAnswer yes or no:",
	"ekaw#Workshop_Chair;sigkdd#Organizing_Committee": "Classify if the following two concepts are the same.\n###First concept Workshop_Chair:\nThe workshop chair is the child of a conference participant, a student and a program committee member. The session chair is also a child of a program committee member.\n###Second concept Organizing_Committee:\nThe best paper awards committee is the parent of the committee which is the organizing committee.\nAnswer yes or no:",
	"ekaw#Conference_Proceedings;sigkdd#Conference_hall": "Classify if the following two concepts are the same.\n###First concept Conference_Proceedings:\nThe multi author volume is a child of the proceedings of a conference. The document is the parent of the review which is the parent of the positive review.\n###Second concept Conference_hall:\nThe conference hall is the child of the hotel.\nAnswer yes or no:",
	"ekaw#Conference_Proceedings;sigkdd#Organizing_Committee": "Classify if the following two concepts are the same.\n###First concept Conference_Proceedings:\nThe multi author volume is a child of the proceedings of a conference. The document is the parent of the review which is the parent of the positive review.\n###Second concept Organizing_Committee:\nThe best paper awards committee is the parent of the committee which is the organizing committee.\nAnswer yes or no:",
	"ekaw#Conference_Proceedings;sigkdd#Organizing_Committee_member": "Classify if the following two concepts are the same.\n###First concept Conference_Proceedings:\nThe multi author volume is a child of the proceedings of a conference. The document is the parent of the review which is the parent of the positive review.\n###Second concept Organizing_Committee_member:\nThe organizing committee member is a child of an organization which is a child of a person who is a child of a Thing.\nAnswer yes or no:",
	"ekaw#Session_Chair;sigkdd#Program_Chair": "Classify if the following two concepts are the same.\n###First concept Session_Chair:\nThe session chair is the child of the conference participant and the workshop chair. The early registered participant is also a child of the program committee member.\n###Second concept Program_Chair:\nThe program chair is a child of an organization which is parented by a speaker.\nAnswer yes or no:",
	"ekaw#Session_Chair;sigkdd#General_Chair": "Classify if the following two concepts are the same.\n###First concept Session_Chair:\nThe session chair is the child of the conference participant and the workshop chair. The early registered participant is also a child of the program committee member.\n###Second concept General_Chair:\nThe general chair is a child of an organization which is a child of a person who is a child of a Thing.\nAnswer yes or no:",
	"ekaw#Early-Registered_Participant;sigkdd#Registration_Student": "Classify if the following two concepts are the same.\n###First concept Early-Registered_Participant:\nThe early registered participant is the child of the conference participant and the parent of the paper author.\n###Second concept Registration_Student:\nThe registration student is the child of the registration fee and the parent of the sponsor fee.\nAnswer yes or no:",
	"ekaw#Student;sigkdd#Person": "Classify if the following two concepts are the same.\n###First concept Student:\nThe student is a child of the person who is the parent of the possible reviewer. The program committee member is the parent of the session chair member.\n###Second concept Person:\nThe speaker is the parent of the invited speaker and the listener. The organization is the parent of the program committee member and the child of Thing.\nAnswer yes or no:",
	"ekaw#Invited_Speaker;sigkdd#Speaker": "Classify if the following two concepts are the same.\n###First concept Invited_Speaker:\nThe invited speaker is a child of the presenter and the conference participant.\n###Second concept Speaker:\nThe speaker is the parent of the invited speaker and the author of paper. He is also the parent of the program chair and the speaker is a child of the organization.\nAnswer yes or no:",
	"ekaw#Invited_Speaker;sigkdd#Invited_Speaker": "Classify if the following two concepts are the same.\n###First concept Invited_Speaker:\nThe invited speaker is a child of the presenter and the conference participant.\n###Second concept Invited_Speaker:\nThe invited speaker is the child of the speaker and the parent of the author of paper student.\nAnswer yes or no:",
	"ekaw#Presenter;sigkdd#Exhibitor": "Classify if the following two concepts are the same.\n###First concept Presenter:\nThe presenter is the parent of the invited speaker and the child of the conference participant and the agency staff member.\n###Second concept Exhibitor:\nThe best student paper supporter is the parent of the exhibitors who are the child of the sponsor.\nAnswer yes or no:",
	"ekaw#Presenter;sigkdd#Person": "Classify if the following two concepts are the same.\n###First concept Presenter:\nThe presenter is the parent of the invited speaker and the child of the conference participant and the agency staff member.\n###Second concept Person:\nThe speaker is the parent of the invited speaker and the listener. The organization is the parent of the program committee member and the child of Thing.\nAnswer yes or no:",
	"ekaw#Presenter;sigkdd#Speaker": "Classify if the following two concepts are the same.\n###First concept Presenter:\nThe presenter is the parent of the invited speaker and the child of the conference participant and the agency staff member.\n###Second concept Speaker:\nThe speaker is the parent of the invited speaker and the author of paper. He is also the parent of the program chair and the speaker is a child of the organization.\nAnswer yes or no:",
	"ekaw#Presenter;sigkdd#Invited_Speaker": "Classify if the following two concepts are the same.\n###First concept Presenter:\nThe presenter is the parent of the invited speaker and the child of the conference participant and the agency staff member.\n###Second concept Invited_Speaker:\nThe invited speaker is the child of the speaker and the parent of the author of paper student.\nAnswer yes or no:",
	"ekaw#SC_Member;sigkdd#Registration_SIGMOD_Member": "Classify if the following two concepts are the same.\n###First concept SC_Member:\nThe session chair member is a child of a program committee member and a possible reviewer. The parent of a student is also a child of a possible reviewer.\n###Second concept Registration_SIGMOD_Member:\nThe registration fee for sigkdd members is the child of the registration fee.\nAnswer yes or no:",
	"ekaw#SC_Member;sigkdd#Registration_Non-Member": "Classify if the following two concepts are the same.\n###First concept SC_Member:\nThe session chair member is a child of a program committee member and a possible reviewer. The parent of a student is also a child of a possible reviewer.\n###Second concept Registration_Non-Member:\nThe registered non member is the child of the registration fee and the parent of the registered sigkdd member.\nAnswer yes or no:",
	"ekaw#SC_Member;sigkdd#Registration_SIGKDD_Member": "Classify if the following two concepts are the same.\n###First concept SC_Member:\nThe session chair member is a child of a program committee member and a possible reviewer. The parent of a student is also a child of a possible reviewer.\n###Second concept Registration_SIGKDD_Member:\nThe registration fee for sigkdd members is child of the registration fee and the parent of the sponsor fee.\nAnswer yes or no:",
	"ekaw#SC_Member;sigkdd#Program_Committee_member": "Classify if the following two concepts are the same.\n###First concept SC_Member:\nThe session chair member is a child of a program committee member and a possible reviewer. The parent of a student is also a child of a possible reviewer.\n###Second concept Program_Committee_member:\nThe program committee member is a child of the organization which is parented by the general chair.\nAnswer yes or no:",
	"ekaw#SC_Member;sigkdd#Organizing_Committee_member": "Classify if the following two concepts are the same.\n###First concept SC_Member:\nThe session chair member is a child of a program committee member and a possible reviewer. The parent of a student is also a child of a possible reviewer.\n###Second concept Organizing_Committee_member:\nThe organizing committee member is a child of an organization which is a child of a person who is a child of a Thing.\nAnswer yes or no:"
}